case_id,case_status,rework_count,step,n_steps_case,role,tool,sim_timestamp,note_field,justification,complexity,complexity_rationale,typical_minutes,raw_content,context_chars,coherence,criteria,asymmetry_ok,refers_to_prior,flag_priority,flag_recommendation,flag_risk_category
Application_1791993593,rejected,0,1,1,junior_clerk,ReturnApplicationEarly,1476869334.0,,,1,This case is straightforward as it clearly fails minimum requirements.,1,,273,,,,,,,
Application_1264408299,rejected,0,1,1,junior_clerk,ReturnApplicationEarly,1476874668.0,,,1,This case is straightforward as it clearly fails minimum requirements.,1,,273,,,,,,,
Application_466597591,rejected,0,1,1,junior_clerk,ReturnApplicationEarly,1476896274.0,,,1,This case is straightforward in that the requested amount is clearly unreasonable.,5,,275,,,,,,,
Application_1947622904,rejected,0,1,2,junior_clerk,IntakeApplication,1476873540.0,initial_notes,"The requested amount of EUR 15,000 seems reasonable for home improvement purposes, as it can cover significant renovations. However, the application type as a limit raise is unusual since it implies the applicant already has a credit line that they want to increase, yet it doesn’t specify the current limit or the reason for needing a higher limit for this specific goal.",3,The case is straightforward but has an unusual application type.,5,,288,,,,,,,
Application_1947622904,rejected,0,2,2,junior_clerk,ReturnApplicationEarly,1476958668.0,,,2,The contradiction between the application type and loan goal made this case straightforward to assess.,5,,514,,,,,,,
Application_799850065,rejected,0,1,1,junior_clerk,ReturnApplicationEarly,1476962562.0,,,1,This case is straightforward as the request is clearly invalid.,1,,281,,,,,,,
Application_1487539906,rejected,0,1,1,junior_clerk,ReturnApplicationEarly,1476965196.0,,,1,This case is straightforward as it clearly fails minimum requirements.,1,,273,,,,,,,
Application_1151598575,rejected,0,1,1,junior_clerk,ReturnApplicationEarly,1476971568.0,,,1,This case is clearly invalid due to the requested amount being zero.,1,,273,,,,,,,
Application_1608263264,rejected,0,1,2,junior_clerk,IntakeApplication,1476879180.0,initial_notes,"The requested amount of EUR 30,000 for an extra spending limit seems unusually high for a limit raise. Typically, limit raises are smaller, and this amount raises questions about the applicant's financial situation and needs.",4,The case is unusual due to the high requested amount for a limit raise.,5,,292,,,,,,,
Application_1608263264,rejected,0,2,2,junior_clerk,ReturnApplicationEarly,1476972324.0,,,4,The request is clearly unreasonable given the context of a limit raise.,5,,518,,,,,,,
Application_608775916,rejected,0,1,3,junior_clerk,IntakeApplication,1476867240.0,initial_notes,"The requested amount of EUR 10,000 seems reasonable for an unspecified loan goal, but the 'Other' category requires further clarification on what the funds will be used for. This could be unusual if the explanation does not align with typical consumer lending purposes.",4,The lack of a clear loan goal makes this case slightly more complex than usual.,5,,292,,,,,,,
Application_608775916,rejected,0,2,3,junior_clerk,CheckDocuments,1476880788.0,notes,"The application does not specify the purpose of the loan, which is crucial for assessing the request. Further clarification is needed regarding the 'Other' category.",4,The lack of a clear loan purpose makes this case more complex than usual.,5,,518,,,,,,,
Application_608775916,rejected,0,3,3,junior_clerk,ReturnApplicationEarly,1476978120.0,,,4,The lack of clarity regarding the loan purpose made this case difficult to assess.,5,,758,,,,,,,
Application_137438189,rejected,0,1,1,junior_clerk,ReturnApplicationEarly,1477037814.0,,,1,This case is clearly invalid due to the zero requested amount.,2,,272,,,,,,,
Application_1069511528,rejected,0,1,1,junior_clerk,ReturnApplicationEarly,1477049388.0,,,1,The case is clearly invalid due to the requested amount being zero.,2,,288,,,,,,,
Application_1104839673,rejected,0,1,1,junior_clerk,ReturnApplicationEarly,1477050570.0,,,1,This case is straightforward as the request is clearly invalid.,1,,288,,,,,,,
Application_617376389,approved,0,1,8,junior_clerk,IntakeApplication,1476867600.0,initial_notes,"The requested amount of EUR 5,000 seems reasonable for home improvement purposes. It aligns with typical renovation costs, so nothing unusual stands out at this stage.",2,This case is straightforward as the amount requested is common for home improvement loans.,5,,285,,,,,,,
Application_617376389,approved,0,2,8,junior_clerk,CheckDocuments,1476881580.0,,,2,"The documentation appears to be in order, allowing for a straightforward review.",10,,478,,,,,,,
Application_617376389,approved,0,3,8,junior_clerk,ForwardCase,1476981996.0,,,2,The application is straightforward with a reasonable amount for the stated purpose.,5,,547,,,,,normal,,
Application_617376389,approved,0,4,8,senior_clerk,CheckCreditScore,1477038996.0,,,2,This case is straightforward as the requested amount aligns with typical home improvement costs.,10,,656,,,,,,,
Application_617376389,approved,0,5,8,senior_clerk,ValidateApplication,1477043796.0,risk_assessment,"The credit score of 1085 is within an acceptable range, and the offered amount of EUR 5,000 aligns with the monthly cost of EUR 252.12 over 21 terms. The application appears solid and consistent with the loan goal of home improvement.",2,The case is straightforward with no discrepancies in the application and credit data.,15,,749,,,,,,,
Application_617376389,approved,0,6,8,senior_clerk,EscalateCase,1477044456.0,,,2,The case was straightforward with all data aligning well.,15,,1020,,,,,,approve,
Application_617376389,approved,0,7,8,credit_officer,AssessRisk,1477052556.0,,,2,The case is straightforward with no surprises or additional checks needed.,10,,1285,,,,,,,low
Application_617376389,approved,0,8,8,credit_officer,ApproveLoan,1477053876.0,,,2,The case is straightforward with no significant issues or surprises.,5,,1511,,,,,,,
Application_1424659757,rejected,0,1,1,junior_clerk,ReturnApplicationEarly,1477067682.0,,,1,This case is straightforward as the amount requested is clearly unreasonable.,1,,288,,,,,,,
Application_418738843,rejected,0,1,1,junior_clerk,ReturnApplicationEarly,1477305144.0,,,1,The application is invalid due to a requested amount of zero.,1,,272,,,,,,,
Application_1303460272,rejected,0,1,1,junior_clerk,ReturnApplicationEarly,1477308678.0,,,1,This case is clearly invalid due to the zero requested amount.,1,,273,,,,,,,
Application_2016510614,rejected,0,1,1,junior_clerk,ReturnApplicationEarly,1477309596.0,,,1,This case is straightforward as the requested amount is clearly unreasonable.,1,,288,,,,,,,
Application_575764720,rejected,0,1,1,junior_clerk,ReturnApplicationEarly,1477310772.0,,,1,This case is straightforward as the requested amount is clearly unreasonable.,1,,268,,,,,,,
Application_1863192115,rejected,0,1,1,junior_clerk,ReturnApplicationEarly,1477402146.0,,,1,This case is straightforward as it clearly fails the minimum requirement of a valid loan amount.,5,,270,,,,,,,
Application_1375807341,rejected,0,1,1,junior_clerk,ReturnApplicationEarly,1477404240.0,,,1,This case is clearly invalid due to the zero requested amount.,1,,289,,,,,,,
Application_1343499545,rejected,0,1,1,junior_clerk,ReturnApplicationEarly,1477408770.0,,,1,The case is clearly invalid due to the requested amount being zero.,2,,282,,,,,,,
Application_1896366046,approved,0,1,8,junior_clerk,IntakeApplication,1476871200.0,initial_notes,"The requested amount of EUR 13,750 seems reasonable for a car loan, depending on the type of vehicle. No unusual aspects noted at this stage.",2,This case is straightforward as the amount aligns with the loan goal.,5,,274,,,,,,,
Application_1896366046,approved,0,2,8,junior_clerk,CheckDocuments,1476894180.0,,,2,The application appears straightforward with no unusual aspects noted.,5,,441,,,,,,,
Application_1896366046,approved,0,3,8,junior_clerk,ForwardCase,1477298562.0,,,2,The case is straightforward with a reasonable amount for a car loan.,5,,510,,,,,normal,,
Application_1896366046,approved,0,4,8,senior_clerk,CheckCreditScore,1477322568.0,,,2,Standard case with no unusual aspects noted.,10,,619,,,,,,,
Application_1896366046,approved,0,5,8,senior_clerk,ValidateApplication,1477399188.0,risk_assessment,"The applicant has a strong credit score of 962 and a reasonable monthly cost of EUR 154.11 against the offered amount of EUR 15,000. The terms of 120 months are also favorable, indicating a manageable repayment plan. Overall, the profile appears solid and consistent with the requested loan amount for a car.",2,The application is straightforward with no conflicting information and a solid credit profile.,15,,713,,,,,,,
Application_1896366046,approved,0,6,8,senior_clerk,EscalateCase,1477399848.0,,,2,This case was straightforward with no unusual aspects or surprises.,15,,984,,,,,,approve,
Application_1896366046,approved,0,7,8,credit_officer,AssessRisk,1477407948.0,,,2,The case is straightforward with no unusual aspects or surprises.,10,,1249,,,,,,,low
Application_1896366046,approved,0,8,8,credit_officer,ApproveLoan,1477409268.0,,,2,The case is straightforward with all documentation in order and a strong credit profile.,5,,1500,,,,,,,
Application_500790886,rejected,0,1,1,junior_clerk,ReturnApplicationEarly,1477473054.0,,,1,This case is straightforward as the requested amount is clearly unreasonable.,2,,281,,,,,,,
Application_1270826821,rejected,0,1,1,junior_clerk,ReturnApplicationEarly,1477475148.0,,,1,This case is straightforward as the request is clearly invalid.,1,,273,,,,,,,
Application_92624898,rejected,0,1,3,junior_clerk,IntakeApplication,1476872574.0,initial_notes,"The requested amount of EUR 26,000 for an existing loan takeover seems reasonable, as it could be used to consolidate or pay off a larger existing loan. However, the application type as a limit raise is unusual for this purpose, which typically would be a new credit application.",4,The case presents a reasonable amount for the stated goal but has an unusual application type.,5,,292,,,,,,,
Application_92624898,rejected,0,2,3,junior_clerk,CheckDocuments,1476958248.0,notes,The application is for a limit raise but lacks the necessary documentation to support the existing loan takeover. I need to verify if the applicant has provided proof of the existing loan and income verification to assess their ability to take over the loan.,3,The case is straightforward but lacks critical documentation for proper evaluation.,10,,518,,,,,,,
Application_92624898,rejected,0,3,3,junior_clerk,ReturnApplicationEarly,1477484790.0,,,2,The case was straightforward but lacked essential documentation.,5,,793,,,,,,,
Application_1651532326,rejected,0,1,1,junior_clerk,ReturnApplicationEarly,1477496562.0,,,1,This case is clearly invalid due to the zero requested amount.,1,,273,,,,,,,
Application_1941614665,rejected,0,1,1,junior_clerk,ReturnApplicationEarly,1477578696.0,,,1,This case is clearly invalid due to the requested amount being zero.,1,,273,,,,,,,
Application_1760797021,rejected,0,1,1,junior_clerk,ReturnApplicationEarly,1477581330.0,,,1,This case is clearly invalid due to the requested amount being zero.,1,,273,,,,,,,
Application_2069545303,rejected,0,1,2,junior_clerk,IntakeApplication,1476979716.0,initial_notes,"The requested amount of EUR 15,000 seems high, but the loan goal is unknown, making it difficult to assess if the amount is reasonable. This raises a red flag as I cannot determine the purpose of the loan.",4,The lack of a specified loan goal makes this case harder to evaluate.,5,,278,,,,,,,
Application_2069545303,rejected,0,2,2,junior_clerk,ReturnApplicationEarly,1477657386.0,,,4,The lack of a stated loan goal makes it difficult to evaluate the application.,5,,504,,,,,,,
Application_1580298940,rejected,0,1,8,junior_clerk,IntakeApplication,1476876468.0,initial_notes,"The requested amount of EUR 7,000 seems reasonable for a car loan, as it aligns with typical financing for a vehicle purchase. There is nothing unusual about the loan goal or application type.",2,This case is straightforward as it presents a common loan request for a car.,5,,273,,,,,,,
Application_1580298940,rejected,0,2,8,junior_clerk,CheckDocuments,1476967674.0,,,2,The documentation appears to be standard for a car loan application.,5,,491,,,,,,,
Application_1580298940,rejected,0,3,8,junior_clerk,ForwardCase,1477568562.0,,,2,The case is straightforward with no unusual elements.,5,,560,,,,,normal,,
Application_1580298940,rejected,0,4,8,senior_clerk,CheckCreditScore,1477580328.0,,,2,This case is straightforward as the requested amount aligns with typical financing for a vehicle purchase.,15,,669,,,,,,,
Application_1580298940,rejected,0,5,8,senior_clerk,ValidateApplication,1477642968.0,risk_assessment,"The applicant has no credit score available, which raises significant concerns regarding their creditworthiness. The monthly cost of EUR 519.96 is high relative to the requested loan amount of EUR 7,000, and with 14 terms, it indicates a high repayment burden. Without a credit score, it is difficult to assess their ability to repay the loan, making this application risky.",4,"The absence of a credit score complicates the assessment significantly, making it hard to evaluate the applicant's financial reliability.",15,,762,,,,,,,
Application_1580298940,rejected,0,6,8,senior_clerk,EscalateCase,1477644618.0,,,5,The absence of a credit score made this case difficult to assess.,15,,1034,,,,,,reject,
Application_1580298940,rejected,0,7,8,credit_officer,AssessRisk,1477659780.0,,,4,"The case is complicated by the lack of a credit score, which is a critical factor in assessing risk.",15,,1298,,,,,,,high
Application_1580298940,rejected,0,8,8,credit_officer,RejectLoan,1477660860.0,rejection_notes,"The absence of a credit score raises significant concerns regarding the applicant's creditworthiness, and the high monthly payment further exacerbates the risk.",2,The case was straightforward but flagged by the absence of a credit score and high monthly cost.,3,,1550,,,,,,,
Application_416188880,rejected,0,1,2,junior_clerk,IntakeApplication,1477054908.0,initial_notes,"The requested amount of EUR 17,000 seems quite high for an unspecified loan goal labeled as 'Other'. This raises a flag as it lacks clarity on what the funds will be used for. It is unusual to have such a significant amount without a clear purpose.",4,The ambiguity of the loan goal makes this case more challenging than usual.,5,,292,,,,,,,
Application_416188880,rejected,0,2,2,junior_clerk,ReturnApplicationEarly,1477907436.0,,,3,The lack of clarity regarding the loan goal made this case straightforward to assess as unreasonable.,5,,518,,,,,,,
Application_780791841,rejected,1,1,7,junior_clerk,IntakeApplication,1476869040.0,initial_notes,"The requested amount of EUR 5,000 for home improvement seems reasonable and aligns with typical renovation costs. There is nothing unusual about this application at first glance.",2,This case is straightforward as the amount and purpose align well.,5,,285,,,,,,,
Application_780791841,rejected,1,2,7,junior_clerk,CheckDocuments,1476885780.0,,,2,The application appears straightforward with no unusual aspects to check.,5,,489,,,,,,,
Application_780791841,rejected,1,3,7,junior_clerk,ForwardCase,1477051668.0,,,2,The case is straightforward with a reasonable amount and purpose.,5,,558,,,,,normal,,
Application_780791841,rejected,1,4,7,senior_clerk,CheckCreditScore,1477054668.0,,,2,This case is straightforward as the requested amount aligns with typical home improvement costs.,10,,667,,,,,,,
Application_780791841,rejected,1,5,7,senior_clerk,ValidateApplication,1477063308.0,risk_assessment,"The credit score is missing, which raises concerns about the applicant's creditworthiness. The monthly cost of EUR 199.14 against the offered amount of EUR 5,000 for home improvement indicates a potential strain on the applicant's finances, especially over 27 terms. Without a credit score, it's difficult to assess the overall risk accurately. Therefore, this application is considered borderline due to the lack of credit score data.",4,The absence of a credit score complicates the assessment process significantly.,15,,760,,,,,,,
Application_780791841,rejected,1,6,7,senior_clerk,RequestAdditionalInfo,1477310928.0,reason,"Carlos, the credit score is missing from the credit bureau data, which raises concerns about the applicant's creditworthiness. Can you verify the credit score for this application?",4,The absence of the credit score complicates the assessment of the applicant's creditworthiness.,5,,1032,,,,,,,
Application_780791841,rejected,1,7,7,junior_clerk,ReturnApplicationEarly,1477989132.0,,,3,The case is straightforward but lacks critical information.,5,,1258,,,,,,,
Application_1966250349,rejected,0,1,8,junior_clerk,IntakeApplication,1476882588.0,initial_notes,"The requested amount of EUR 16,000 seems reasonable for an existing loan takeover, as it is a common amount for refinancing. There is nothing unusual at first glance.",2,This case is straightforward as the amount aligns well with the loan goal.,5,,293,,,,,,,
Application_1966250349,rejected,0,2,8,junior_clerk,CheckDocuments,1477044354.0,,,2,"The documentation appears to be standard for an existing loan takeover, requiring verification of loan statements and identification.",10,,485,,,,,,,
Application_1966250349,rejected,0,3,8,junior_clerk,ForwardCase,1477672170.0,,,2,The case is straightforward with a reasonable amount for an existing loan takeover.,5,,554,,,,,normal,,
Application_1966250349,rejected,0,4,8,senior_clerk,CheckCreditScore,1477901970.0,,,2,This case is straightforward as the requested amount aligns with common refinancing amounts.,15,,663,,,,,,,
Application_1966250349,rejected,0,5,8,senior_clerk,ValidateApplication,1477909770.0,risk_assessment,"The credit profile appears solid, with a credit score of 787 indicating good creditworthiness. The monthly cost of EUR 164.39 is manageable within the context of the requested amount for an existing loan takeover. The terms of 120 months align with typical refinancing options, and the offered amount matches the requested amount, indicating consistency in the application.",2,The case is straightforward as all data aligns well with the application and the loan goal.,15,,757,,,,,,,
Application_1966250349,rejected,0,6,8,senior_clerk,EscalateCase,1477925070.0,,,2,The case is straightforward with no discrepancies in the application and credit data.,15,,1028,,,,,,approve,
Application_1966250349,rejected,0,7,8,credit_officer,AssessRisk,1477933170.0,,,2,The case is straightforward with a solid credit profile but requires consideration of the implications of refinancing an existing loan.,15,,1293,,,,,,,medium
Application_1966250349,rejected,0,8,8,credit_officer,RejectLoan,1477992174.0,rejection_notes,"While the credit score is solid, the loan purpose of taking over an existing loan raises concerns about the applicant's overall financial stability. The medium risk classification indicates that the bank should exercise caution before approving this loan.",3,"The case presented a solid credit score but raised concerns regarding the loan purpose, requiring careful consideration.",10,,1547,,,,,,,
Application_1803710713,rejected,0,1,2,junior_clerk,IntakeApplication,1477317612.0,initial_notes,"The requested amount of EUR 15,500 is significant, but the loan goal is not specified, which raises a red flag. Without a clear purpose, it's hard to assess the validity of the request.",4,The lack of a specified loan goal makes this case more challenging to evaluate.,5,,284,,,,,,,
Application_1803710713,rejected,0,2,2,junior_clerk,ReturnApplicationEarly,1477996608.0,,,4,The lack of a specified loan goal raises significant concerns about the request's validity.,5,,495,,,,,,,
Application_2144842406,rejected,1,1,7,junior_clerk,IntakeApplication,1476869400.0,initial_notes,"The requested amount of EUR 25,000 seems reasonable for home improvement purposes, as it can cover significant renovations or upgrades. There is nothing unusual about the application type being new credit.",2,This case is straightforward as the amount aligns with the stated goal.,5,,287,,,,,,,
Application_2144842406,rejected,1,2,7,junior_clerk,CheckDocuments,1476888180.0,,,2,The documentation appears to be standard for a home improvement loan application.,10,,513,,,,,,,
Application_2144842406,rejected,1,3,7,junior_clerk,ForwardCase,1477058988.0,,,2,The application is straightforward with a reasonable amount for the stated goal.,5,,582,,,,,normal,,
Application_2144842406,rejected,1,4,7,senior_clerk,CheckCreditScore,1477066308.0,,,2,This case is straightforward as the application appears complete and reasonable.,15,,691,,,,,,,
Application_2144842406,rejected,1,5,7,senior_clerk,ValidateApplication,1477319568.0,risk_assessment,"The credit score is missing, which raises concerns about the applicant's creditworthiness. The monthly cost of EUR 350.0 against the offered amount of EUR 25,000 over 84 terms indicates a significant financial commitment. Without a credit score, it is challenging to assess the risk accurately. Therefore, I recommend a conditional approval pending the retrieval of the credit score.",4,"The absence of a credit score complicates the assessment, making it harder to evaluate the applicant's financial stability.",15,,784,,,,,,,
Application_2144842406,rejected,1,6,7,senior_clerk,RequestAdditionalInfo,1477394388.0,reason,"Carlos, the credit score is missing from the credit bureau data, which raises concerns about the applicant's creditworthiness. Can you please verify and provide the credit score?",4,The missing credit score complicates the assessment process.,5,,1056,,,,,,,
Application_2144842406,rejected,1,7,7,junior_clerk,ReturnApplicationEarly,1478079954.0,,,3,The case was straightforward but lacked critical information for assessment.,5,,1280,,,,,,,
Application_1706866981,rejected,0,1,2,junior_clerk,IntakeApplication,1477401852.0,initial_notes,"The requested amount of EUR 50,000 is significant, especially for a limit raise application. However, the loan goal is unknown, which raises concerns about the purpose of the funds. This lack of clarity makes it difficult to assess the validity of the request.",4,"The case is complicated due to the unknown loan goal, which is unusual for a limit raise application.",5,,279,,,,,,,
Application_1706866981,rejected,0,2,2,junior_clerk,ReturnApplicationEarly,1478089830.0,,,4,The absence of a stated loan goal made it difficult to evaluate the request.,5,,505,,,,,,,
Application_835024653,rejected,0,1,3,junior_clerk,IntakeApplication,1476951528.0,initial_notes,"The requested amount of EUR 5,000 seems reasonable for an unspecified goal labeled as 'Other'. However, the lack of clarity on the purpose raises a flag. I need to ensure that the applicant provides a clear explanation for this loan goal.",3,The case is straightforward but lacks clarity on the loan goal.,5,,291,,,,,,,
Application_835024653,rejected,0,2,3,junior_clerk,CheckDocuments,1477408560.0,notes,The application lacks a clear explanation for the loan goal labeled as 'Other'.,4,The absence of a specified loan purpose complicates the assessment.,5,,517,,,,,,,
Application_835024653,rejected,0,3,3,junior_clerk,ReturnApplicationEarly,1478094816.0,,,2,The lack of clarity regarding the loan purpose made this case straightforward to assess but ultimately invalid.,5,,671,,,,,,,
Application_768687683,rejected,0,1,2,junior_clerk,IntakeApplication,1477499802.0,initial_notes,"The requested amount of EUR 50,000 seems unusually high for an unspecified loan goal labeled as 'Other'. This raises a red flag as the purpose of the loan is unclear, and it is difficult to assess the validity of the request without further information.",4,The ambiguity of the loan goal makes this case more complex than usual.,5,,292,,,,,,,
Application_768687683,rejected,0,2,2,junior_clerk,ReturnApplicationEarly,1478186826.0,,,4,The lack of a clear loan goal and the high requested amount raised immediate concerns.,5,,518,,,,,,,
Application_1733106091,rejected,0,1,3,junior_clerk,IntakeApplication,1476964902.0,initial_notes,"The requested amount of EUR 5,500 seems reasonable for an unspecified loan goal labeled as 'Other'. However, without further details on the purpose, it raises some questions about the legitimacy of the request. It would be helpful to have more information on what 'Other' entails.",3,The case is straightforward but lacks clarity on the loan goal.,5,,292,,,,,,,
Application_1733106091,rejected,0,2,3,junior_clerk,CheckDocuments,1477564350.0,notes,"The application lacks a clear explanation for the loan goal labeled as 'Other', which is essential for assessing the legitimacy of the request.",3,The case is straightforward but lacks critical information regarding the loan purpose.,5,,518,,,,,,,
Application_1733106091,rejected,0,3,3,junior_clerk,ReturnApplicationEarly,1478253252.0,,,4,The lack of a clear loan goal made this case difficult to assess.,5,,736,,,,,,,
Application_497474417,rejected,0,1,2,junior_clerk,IntakeApplication,1477567590.0,initial_notes,"The requested amount of EUR 30,000 for a limit raise is unusual, as limit raises typically do not involve such high amounts unless there is a clear purpose stated. The loan goal is unknown, which raises concerns about the legitimacy of the request.",4,The lack of a stated loan goal makes this case more complex than usual.,5,,278,,,,,,,
Application_497474417,rejected,0,2,2,junior_clerk,ReturnApplicationEarly,1478254008.0,,,4,The lack of a stated loan goal makes this case difficult to assess.,5,,504,,,,,,,
Application_11454632,rejected,0,1,2,junior_clerk,IntakeApplication,1477573602.0,initial_notes,"The requested amount of EUR 12,000 is significant, but the loan goal is not specified, which raises concerns about the purpose of the loan. This lack of clarity makes it difficult to assess the validity of the request.",4,"The case is challenging due to the unspecified loan goal, which is unusual for a new credit application.",5,,282,,,,,,,
Application_11454632,rejected,0,2,2,junior_clerk,ReturnApplicationEarly,1478258862.0,,,4,The lack of a specified loan goal raises concerns about the purpose of the loan.,5,,508,,,,,,,
Application_1332066828,rejected,0,1,3,junior_clerk,IntakeApplication,1476975564.0,initial_notes,"The requested amount of EUR 17,000 seems high for an unspecified loan goal labeled as 'Other'. This raises some concerns about the legitimacy of the application and the intended use of the funds. More information is needed to assess the appropriateness of this request.",4,The lack of clarity regarding the loan goal makes this case more complex than usual.,10,,293,,,,,,,
Application_1332066828,rejected,0,2,3,junior_clerk,CheckDocuments,1477645890.0,notes,"The application does not specify the loan goal clearly, which is crucial for assessing the legitimacy of the request. The applicant needs to provide a detailed explanation of how the funds will be used.",4,The lack of a clear loan purpose makes this case more complex than usual.,10,,519,,,,,,,
Application_1332066828,rejected,0,3,3,junior_clerk,ReturnApplicationEarly,1478272368.0,,,3,The case is straightforward in that it lacks necessary details to proceed.,5,,794,,,,,,,
Application_1944896918,rejected,0,1,2,junior_clerk,IntakeApplication,1477645170.0,initial_notes,"The requested amount of EUR 40,000 is quite high, but the loan goal is unknown, which raises a concern about the purpose of the loan. This lack of clarity makes it difficult to assess whether the amount is reasonable for any specific goal.",4,"The case is complicated due to the unknown loan goal, making it hard to evaluate the requested amount.",5,,278,,,,,,,
Application_1944896918,rejected,0,2,2,junior_clerk,ReturnApplicationEarly,1478272524.0,,,4,The lack of a loan goal makes this case difficult to process.,5,,504,,,,,,,
Application_424064154,rejected,1,1,7,junior_clerk,IntakeApplication,1476865800.0,initial_notes,"The requested amount of EUR 17,250 seems reasonable for an existing loan takeover, as it typically aligns with the amounts needed to consolidate or refinance loans. There is nothing unusual about the application type being new credit for this purpose.",2,This case is straightforward as it aligns with common loan takeover requests.,5,,292,,,,,,,
Application_424064154,rejected,1,2,7,junior_clerk,CheckDocuments,1476875940.0,,,2,The documentation appears to be in order for a standard loan takeover case.,5,,518,,,,,,,
Application_424064154,rejected,1,3,7,junior_clerk,ForwardCase,1476965676.0,,,2,The case is straightforward as the amount requested aligns well with the loan goal of an existing loan takeover.,5,,587,,,,,normal,,
Application_424064154,rejected,1,4,7,senior_clerk,CheckCreditScore,1476968676.0,,,2,"The case involves a standard loan takeover, which typically has straightforward credit data requirements.",15,,696,,,,,,,
Application_424064154,rejected,1,5,7,senior_clerk,RequestAdditionalInfo,1476981546.0,reason,"Carlos, the client requests EUR 17,250, but the offered amount is EUR 15,000. Can you clarify why there is a difference? This information is crucial for my assessment.",3,The discrepancy between the requested and offered amounts raises questions about the client's financial situation.,10,,789,,,,,,,
Application_424064154,rejected,1,6,7,junior_clerk,CheckDocuments,1477664106.0,notes,"The requested amount of EUR 17,250 exceeds the offered amount of EUR 15,000 by EUR 2,250. This discrepancy needs clarification as it may indicate additional funding needs or a misunderstanding of the loan terms.",4,The case required additional investigation due to the discrepancy between the requested and offered amounts.,5,,1002,,,,,,,
Application_424064154,rejected,1,7,7,junior_clerk,ReturnApplicationEarly,1478514000.0,,,4,The discrepancy in requested and offered amounts made this case awkward to assess.,5,,1275,,,,,,,
Application_853712921,rejected,0,1,3,junior_clerk,IntakeApplication,1477040154.0,initial_notes,"The requested amount of EUR 25,000 for home improvement seems reasonable, as it could cover significant renovations. However, the application type as a limit raise is unusual for a home improvement loan, which typically would be a new credit application.",3,"The case has a reasonable amount for the goal, but the application type raises questions.",5,,287,,,,,,,
Application_853712921,rejected,0,2,3,junior_clerk,CheckDocuments,1477669290.0,notes,"The application is for a limit raise, which typically requires proof of income and a current loan statement to assess the applicant's ability to handle the increased limit.",4,"The application type is unusual for the stated goal, leading to additional checks for documentation.",15,,513,,,,,,,
Application_853712921,rejected,0,3,3,junior_clerk,ReturnApplicationEarly,1478514468.0,,,2,The case is straightforward but lacks necessary documentation for processing.,5,,760,,,,,,,
Application_495428388,rejected,0,1,3,junior_clerk,IntakeApplication,1477041036.0,initial_notes,"The requested amount of EUR 55,000 for a car loan seems unusually high. Typically, car loans are much lower unless it's for a luxury vehicle or a high-end model. This could warrant a closer look.",4,"The amount requested is significantly above average for a car loan, raising questions about the vehicle's value.",5,,273,,,,,,,
Application_495428388,rejected,0,2,3,junior_clerk,CheckDocuments,1477670826.0,notes,The application is missing essential documents that are required for processing a loan request of this size.,4,The case is complicated due to missing essential documentation for a high loan amount.,10,,494,,,,,,,
Application_495428388,rejected,0,3,3,junior_clerk,ReturnApplicationEarly,1478514888.0,,,2,The case was straightforward but lacked necessary documentation.,5,,677,,,,,,,
Application_937270089,rejected,0,1,3,junior_clerk,IntakeApplication,1477046076.0,initial_notes,"The requested amount of EUR 52,500 for a caravan/camper seems unusually high. Typically, loans for such purposes are lower, and this amount may raise questions about the specific model or features the applicant is considering.",4,The amount requested is significantly higher than average for a caravan/camper loan.,5,,286,,,,,,,
Application_937270089,rejected,0,2,3,junior_clerk,CheckDocuments,1477903290.0,notes,"The documentation is incomplete as it lacks proof of income and identification documents, which are essential for processing this loan application.",4,The case is complicated by missing essential documents that are necessary for assessment.,10,,512,,,,,,,
Application_937270089,rejected,0,3,3,junior_clerk,ReturnApplicationEarly,1478515788.0,,,2,The case was straightforward but lacked critical documents for assessment.,5,,734,,,,,,,
Application_1722936368,rejected,0,1,3,junior_clerk,IntakeApplication,1477049094.0,initial_notes,"The requested amount of EUR 31,500 for remaining debt on a home seems reasonable, as it aligns with typical refinancing amounts. However, the application type as 'new credit' is unusual for a debt consolidation purpose, which typically suggests an existing loan. This discrepancy may need further investigation.",3,The case is straightforward but has an unusual application type.,5,,290,,,,,,,
Application_1722936368,rejected,0,2,3,junior_clerk,CheckDocuments,1477906026.0,notes,The application lacks essential documentation to support the request for a new credit for remaining debt on a home.,3,The case is straightforward but lacks necessary documents for assessment.,15,,516,,,,,,,
Application_1722936368,rejected,0,3,3,junior_clerk,ReturnApplicationEarly,1478515860.0,,,2,The case was straightforward but incomplete due to missing documents.,5,,706,,,,,,,
Application_492292182,rejected,0,1,3,junior_clerk,IntakeApplication,1477053810.0,initial_notes,"The requested amount of EUR 5,800 for an existing loan takeover seems reasonable, as it could be used to consolidate or pay off a smaller loan. However, the application type as a limit raise is unusual for this purpose, as limit raises typically apply to credit cards or lines of credit rather than loan takeovers.",4,"The case presents an unusual application type for the stated goal, which may require further clarification.",5,,292,,,,,,,
Application_492292182,rejected,0,2,3,junior_clerk,CheckDocuments,1477910346.0,notes,The application lacks necessary documentation to validate the existing loan takeover and the applicant's income.,4,The case is straightforward but lacks essential documents for evaluation.,10,,518,,,,,,,
Application_492292182,rejected,0,3,3,junior_clerk,ReturnApplicationEarly,1478516814.0,,,3,The case is straightforward but incomplete due to missing documentation.,5,,705,,,,,,,
Application_867400149,rejected,0,1,3,junior_clerk,IntakeApplication,1477060788.0,initial_notes,"The requested amount of EUR 27,500 for an existing loan takeover seems reasonable, as it may be intended to consolidate or refinance a larger debt. However, I will need to check the documentation to ensure everything is in order.",2,The case is straightforward but requires verification of documents.,10,,292,,,,,,,
Application_867400149,rejected,0,2,3,junior_clerk,CheckDocuments,1477915866.0,notes,"The application is missing proof of the existing loan that the applicant intends to take over, as well as income verification to assess repayment capability.",3,The case is straightforward but lacks essential documentation for assessment.,10,,518,,,,,,,
Application_867400149,rejected,0,3,3,junior_clerk,ReturnApplicationEarly,1478518050.0,,,4,The case was clearly incomplete due to missing essential documents.,5,,750,,,,,,,
Application_440813334,rejected,0,1,3,junior_clerk,IntakeApplication,1477304502.0,initial_notes,"The requested amount of EUR 5,000 seems reasonable for an unspecified loan goal labeled as 'Other'. However, the lack of clarity on the purpose raises a question about the legitimacy of the request. I need to verify the details further.",3,The case is straightforward but lacks clarity on the loan goal.,5,,291,,,,,,,
Application_440813334,rejected,0,2,3,junior_clerk,CheckDocuments,1477929996.0,notes,"The application lacks a clear explanation for the loan goal, which is crucial for assessing the legitimacy of the request.",4,"The case is complicated by the vague loan goal, requiring additional clarification.",10,,517,,,,,,,
Application_440813334,rejected,0,3,3,junior_clerk,ReturnApplicationEarly,1478519910.0,,,2,The lack of clarity regarding the loan goal made this case straightforward to assess but ultimately invalid.,5,,714,,,,,,,
Application_848421176,rejected,0,1,3,junior_clerk,IntakeApplication,1477304850.0,initial_notes,"The requested amount of EUR 75,000 for home improvement seems unusually high, as typical home improvement loans are generally much lower. This raises a flag for further scrutiny.",4,The high requested amount for a home improvement loan makes this case unusual.,5,,286,,,,,,,
Application_848421176,rejected,0,2,3,junior_clerk,CheckDocuments,1477931706.0,notes,"The application lacks proof of income and a detailed project estimate, which are essential for assessing the feasibility of such a high loan amount for home improvement.",4,The case is complicated by the unusually high requested amount and missing key documents.,15,,490,,,,,,,
Application_848421176,rejected,0,3,3,junior_clerk,ReturnApplicationEarly,1478520246.0,,,3,The case is clearly invalid due to missing essential documentation.,10,,734,,,,,,,
Application_1978331738,rejected,0,1,3,junior_clerk,IntakeApplication,1477308384.0,initial_notes,"The requested amount of EUR 20,000 seems high for an unspecified loan goal categorized as 'Other'. This raises a flag for further investigation into the purpose of the loan, as it is not clear what the funds will be used for.",4,The lack of clarity in the loan goal makes this case more complex than usual.,5,,293,,,,,,,
Application_1978331738,rejected,0,2,3,junior_clerk,CheckDocuments,1477988796.0,notes,"The application lacks a clear explanation for the loan goal categorized as 'Other', which is necessary to assess the validity of the requested amount.",4,"The case is complicated by the vague loan goal, requiring additional clarification.",5,,519,,,,,,,
Application_1978331738,rejected,0,3,3,junior_clerk,ReturnApplicationEarly,1478521002.0,,,4,The lack of a clear loan goal made it difficult to assess the request.,5,,744,,,,,,,
Application_1291464093,rejected,0,1,3,junior_clerk,IntakeApplication,1477312836.0,initial_notes,"The requested amount of EUR 60,000 seems unusually high for an unspecified loan goal labeled as 'Other'. This raises questions about the purpose of the loan and whether it aligns with typical lending practices.",4,The ambiguity in the loan goal makes this case harder to assess.,10,,293,,,,,,,
Application_1291464093,rejected,0,2,3,junior_clerk,CheckDocuments,1477993452.0,notes,"The application does not specify the purpose of the loan, which is crucial for assessing the validity of the request. The amount requested is significant, and without a clear purpose, it raises concerns.",4,The lack of a clear loan purpose makes this case awkward and requires additional effort to clarify.,10,,519,,,,,,,
Application_1291464093,rejected,0,3,3,junior_clerk,ReturnApplicationEarly,1478521290.0,,,2,The lack of a specified loan purpose made this case straightforward to assess as unreasonable.,5,,794,,,,,,,
Application_270506031,rejected,1,1,7,junior_clerk,IntakeApplication,1476883380.0,initial_notes,"The requested amount of EUR 12,000 seems reasonable for home improvement, as it can cover significant renovations or upgrades. There is nothing unusual about the application type being new credit.",2,This case is straightforward as the amount aligns well with the stated goal.,5,,286,,,,,,,
Application_270506031,rejected,1,2,7,junior_clerk,CheckDocuments,1477046754.0,,,2,The documentation appears to be standard for a home improvement loan application.,5,,508,,,,,,,
Application_270506031,rejected,1,3,7,junior_clerk,ForwardCase,1477673706.0,,,2,The case is straightforward with a reasonable amount for the stated goal.,5,,577,,,,,normal,,
Application_270506031,rejected,1,4,7,senior_clerk,CheckCreditScore,1477904970.0,,,2,The application appears straightforward with complete documentation.,10,,686,,,,,,,
Application_270506031,rejected,1,5,7,senior_clerk,ValidateApplication,1477921410.0,risk_assessment,"The credit score is missing, which raises concerns about the applicant's creditworthiness. The monthly cost of EUR 198.44 over 70 terms indicates a long repayment period, which may increase the total cost of the loan significantly. The offered amount of EUR 12,000 aligns with the loan goal of home improvement, but without a credit score, the risk is elevated.",4,"The absence of a credit score complicates the assessment, making it harder to evaluate the applicant's financial reliability.",15,,780,,,,,,,
Application_270506031,rejected,1,6,7,senior_clerk,RequestAdditionalInfo,1478077530.0,reason,"Carlos, the credit score is missing from the credit bureau data, which raises concerns about the applicant's creditworthiness. Can you provide the credit score?",4,The absence of the credit score makes it difficult to assess the applicant's overall creditworthiness.,15,,1052,,,,,,,
Application_270506031,rejected,1,7,7,junior_clerk,ReturnApplicationEarly,1478527806.0,,,4,The lack of a credit score made it impossible to evaluate the application properly.,5,,1258,,,,,,,
Application_448783031,rejected,0,1,3,junior_clerk,IntakeApplication,1477396812.0,initial_notes,"The requested amount of EUR 25,000 for a car seems reasonable, depending on the type of car. However, since this is a limit raise application, it raises questions about the applicant's current limit and their ability to manage a higher amount. No unusual aspects noted at this stage.",2,This case is straightforward but requires further verification due to the limit raise application type.,5,,274,,,,,,,
Application_448783031,rejected,0,2,3,junior_clerk,CheckDocuments,1478086674.0,notes,"The application is for a limit raise, but the current loan statement and proof of income are missing, which are essential to assess the request properly.",4,The case is straightforward but lacks necessary documentation for a limit raise.,10,,500,,,,,,,
Application_448783031,rejected,0,3,3,junior_clerk,ReturnApplicationEarly,1478529522.0,,,4,"The case was straightforward, but missing critical documentation made it impossible to proceed.",5,,728,,,,,,,
Application_2124127933,rejected,0,1,3,junior_clerk,IntakeApplication,1477404276.0,initial_notes,"The requested amount of EUR 35,000 seems high for a car loan unless it's for a luxury vehicle. This amount warrants a closer look to ensure it aligns with the stated goal.",4,The requested amount is unusually high for a typical car loan.,5,,274,,,,,,,
Application_2124127933,rejected,0,2,3,junior_clerk,CheckDocuments,1478093916.0,notes,"The documentation is missing proof of income and a car purchase agreement, which are necessary to assess the validity of the loan request.",3,The case is straightforward but lacks essential documentation for proper evaluation.,15,,471,,,,,,,
Application_2124127933,rejected,0,3,3,junior_clerk,ReturnApplicationEarly,1478530542.0,,,2,The case was straightforward but incomplete due to missing documents.,5,,684,,,,,,,
Application_2133818678,rejected,0,1,3,junior_clerk,IntakeApplication,1477406076.0,initial_notes,"The requested amount of EUR 25,000 for home improvement seems reasonable, as home improvement projects can vary widely in cost. However, it would be good to verify the specifics of the intended improvements to ensure the amount aligns with typical renovation costs.",2,This case is straightforward as the amount requested is common for home improvement loans.,5,,287,,,,,,,
Application_2133818678,rejected,0,2,3,junior_clerk,CheckDocuments,1478096070.0,notes,"The application lacks a detailed project plan and cost estimates for the home improvement, which are necessary to assess the validity of the requested amount.",3,The case is straightforward but lacks essential documentation for proper evaluation.,10,,513,,,,,,,
Application_2133818678,rejected,0,3,3,junior_clerk,ReturnApplicationEarly,1478531298.0,,,4,The case is straightforward but incomplete due to missing documentation.,5,,746,,,,,,,
Application_877522071,rejected,0,1,3,junior_clerk,IntakeApplication,1477414560.0,initial_notes,"The requested amount of EUR 27,000 for an existing loan takeover seems reasonable, as it could cover a significant portion of an outstanding loan. However, I need to ensure that the documentation aligns with this purpose.",2,This case is straightforward as it involves a common loan purpose and amount.,5,,292,,,,,,,
Application_877522071,rejected,0,2,3,junior_clerk,CheckDocuments,1478103936.0,notes,I checked the application for completeness and found that the documentation is incomplete. I need to specify which documents are missing to proceed further.,4,"The case is straightforward, but the documentation is incomplete.",10,,518,,,,,,,
Application_877522071,rejected,0,3,3,junior_clerk,ReturnApplicationEarly,1478532612.0,,,3,"The case was straightforward, but the missing documents prevented further processing.",5,,749,,,,,,,
Application_875614911,rejected,0,1,3,junior_clerk,IntakeApplication,1477474854.0,initial_notes,"The requested amount of EUR 32,000 seems reasonable for an existing loan takeover, depending on the terms of the loans involved. However, I will need to check the documentation to ensure everything aligns properly.",2,This case is straightforward as it involves a common loan purpose.,5,,292,,,,,,,
Application_875614911,rejected,0,2,3,junior_clerk,CheckDocuments,1478163510.0,notes,"The application is missing specific loan details for the existing loan that is intended to be taken over, as well as proof of income to assess the applicant's ability to manage the new credit. These documents are essential for a thorough evaluation.",4,The case is straightforward but lacks critical documentation needed for assessment.,15,,518,,,,,,,
Application_875614911,rejected,0,3,3,junior_clerk,ReturnApplicationEarly,1478533494.0,,,4,The case was clearly incomplete due to missing documentation.,5,,793,,,,,,,
Application_130658775,rejected,1,1,7,junior_clerk,IntakeApplication,1476884388.0,initial_notes,"The requested amount of EUR 28,000 seems reasonable for home improvement purposes, as it could cover significant renovations or upgrades. There is nothing unusual about the application type being new credit.",2,This case is straightforward as the amount aligns with the stated goal.,5,,286,,,,,,,
Application_130658775,rejected,1,2,7,junior_clerk,CheckDocuments,1477050276.0,,,2,The documentation appears to be in order and aligns with the requested amount and purpose.,5,,512,,,,,,,
Application_130658775,rejected,1,3,7,junior_clerk,ForwardCase,1477903770.0,,,2,The case is straightforward with a reasonable amount for the stated purpose.,5,,581,,,,,normal,,
Application_130658775,rejected,1,4,7,senior_clerk,CheckCreditScore,1477912770.0,,,2,The case is straightforward with complete documentation and a reasonable loan request.,15,,690,,,,,,,
Application_130658775,rejected,1,5,7,senior_clerk,ValidateApplication,1477987710.0,risk_assessment,"The credit score is missing, which raises concerns about the applicant's creditworthiness. The monthly cost of EUR 384.29 over 84 terms results in a total repayment of EUR 32,249.36, which is significant relative to the requested amount. Without a credit score, it is difficult to assess the risk accurately. Therefore, the application is borderline and requires further scrutiny.",4,"The absence of a credit score complicates the assessment, making it harder to evaluate the applicant's risk profile.",15,,784,,,,,,,
Application_130658775,rejected,1,6,7,senior_clerk,RequestAdditionalInfo,1478164890.0,reason,"Carlos, the credit score is missing from the credit bureau data, which raises concerns about the applicant's creditworthiness. Can you verify the credit score for this application?",4,The missing credit score complicates the assessment significantly.,10,,1056,,,,,,,
Application_130658775,rejected,1,7,7,junior_clerk,ReturnApplicationEarly,1478534142.0,,,5,The lack of a credit score made this case difficult to assess.,5,,1282,,,,,,,
Application_1953838407,rejected,0,1,3,junior_clerk,IntakeApplication,1477481088.0,initial_notes,"The requested amount of EUR 5,000 seems reasonable for an unspecified loan goal labeled as 'Other'. However, the lack of clarity on the purpose raises some concerns that need to be addressed later.",3,The case is straightforward but lacks specific details about the loan goal.,5,,292,,,,,,,
Application_1953838407,rejected,0,2,3,junior_clerk,CheckDocuments,1478171856.0,notes,The application lacks a clear explanation for the loan goal categorized as 'Other'.,4,The case is straightforward but incomplete due to missing information about the loan purpose.,5,,515,,,,,,,
Application_1953838407,rejected,0,3,3,junior_clerk,ReturnApplicationEarly,1478535690.0,,,4,The lack of clarity on the loan goal made this case difficult to process.,5,,673,,,,,,,
Application_1225025970,rejected,0,1,3,junior_clerk,IntakeApplication,1477488030.0,initial_notes,"The requested amount of EUR 23,000 seems high for an unspecified loan goal under 'Other'. This raises some questions about the purpose of the loan and whether it aligns with typical consumer lending practices.",4,The lack of clarity regarding the loan goal makes this case more complex than usual.,5,,293,,,,,,,
Application_1225025970,rejected,0,2,3,junior_clerk,CheckDocuments,1478178390.0,notes,"The application lacks a clear explanation of the loan purpose, which is crucial for assessing the validity of the request. Without this information, it's difficult to determine if the amount requested is reasonable for the stated goal.",4,"The case is complicated by the lack of clarity regarding the loan purpose, making it hard to assess the request.",5,,519,,,,,,,
Application_1225025970,rejected,0,3,3,junior_clerk,ReturnApplicationEarly,1478536818.0,,,4,The lack of a clear loan purpose made this case difficult to process.,5,,794,,,,,,,
Application_427316676,rejected,0,1,3,junior_clerk,IntakeApplication,1477491588.0,initial_notes,"The requested amount of EUR 40,000 seems unusually high for an unspecified loan goal labeled as 'Other'. This raises some concerns about the legitimacy and purpose of the application.",5,The case is difficult due to the vague loan goal and high requested amount.,5,,292,,,,,,,
Application_427316676,rejected,0,2,3,junior_clerk,CheckDocuments,1478180976.0,notes,"The application lacks a clear explanation of the loan purpose, which is critical for assessing the validity of the request. Without this information, it's challenging to determine if the requested amount is justified.",4,The case is complicated due to the vague loan goal and high requested amount.,10,,501,,,,,,,
Application_427316676,rejected,0,3,3,junior_clerk,ReturnApplicationEarly,1478536926.0,,,4,The lack of a specified loan purpose made it difficult to assess the request.,5,,776,,,,,,,
Application_496532501,rejected,0,1,3,junior_clerk,IntakeApplication,1477557630.0,initial_notes,"The requested amount of EUR 25,000 for home improvement seems reasonable, as home renovations can be costly. However, since this is a limit raise application, I need to ensure that the applicant has an existing credit line that justifies this increase.",2,This case is straightforward but requires verification of existing credit limits.,5,,287,,,,,,,
Application_496532501,rejected,0,2,3,junior_clerk,CheckDocuments,1478191776.0,notes,"The application is for a limit raise, so I need to verify the current income and existing loan details to assess the request properly.",3,The case is straightforward but requires additional documentation to proceed with the limit raise.,10,,513,,,,,,,
Application_496532501,rejected,0,3,3,junior_clerk,ReturnApplicationEarly,1478594724.0,,,3,The case was straightforward but lacked essential documentation for a limit raise.,5,,722,,,,,,,
Application_1063026978,rejected,0,1,3,junior_clerk,IntakeApplication,1477559742.0,initial_notes,"The requested amount of EUR 5,000 for an extra spending limit seems reasonable for a new credit application. However, it raises a question about the necessity of such a limit without a specific purpose outlined. This could be seen as a bit unusual since extra spending limits are typically tied to specific expenses or needs.",3,The case is straightforward but raises questions about the purpose of the requested amount.,5,,290,,,,,,,
Application_1063026978,rejected,0,2,3,junior_clerk,CheckDocuments,1478250096.0,notes,"The application lacks clarity on why the applicant needs an extra spending limit of EUR 5,000. This information is essential to assess the validity of the request.",4,The case is straightforward but lacks necessary information to proceed.,5,,516,,,,,,,
Application_1063026978,rejected,0,3,3,junior_clerk,ReturnApplicationEarly,1478595792.0,,,3,The case is straightforward but lacks essential information.,5,,754,,,,,,,
Application_1775767690,rejected,0,1,3,junior_clerk,IntakeApplication,1477562082.0,initial_notes,"The requested amount of EUR 5,000 seems reasonable for an unspecified loan goal, but the category 'Other' raises some questions about the specific purpose of the loan. This could require further clarification.",3,The ambiguity in the loan goal makes this case slightly more complex than usual.,5,,292,,,,,,,
Application_1775767690,rejected,0,2,3,junior_clerk,CheckDocuments,1478252826.0,notes,"The application does not specify the purpose of the loan under the 'Other' category, which is necessary for further processing.",4,The unspecified loan goal requires additional clarification to proceed with the application.,5,,518,,,,,,,
Application_1775767690,rejected,0,3,3,junior_clerk,ReturnApplicationEarly,1478596548.0,,,4,The lack of a clear loan purpose made this case difficult to assess.,5,,720,,,,,,,
Application_1315782276,rejected,1,1,8,junior_clerk,IntakeApplication,1476874374.0,initial_notes,"The requested amount of EUR 16,000 seems reasonable for an existing loan takeover, as this amount could cover a significant portion of an outstanding loan. There is nothing unusual at first glance.",2,This case is straightforward as the amount aligns with the stated goal.,5,,293,,,,,,,
Application_1315782276,rejected,1,2,8,junior_clerk,CheckDocuments,1476961674.0,,,2,The documentation appears to be straightforward and complete for the loan takeover.,5,,516,,,,,,,
Application_1315782276,rejected,1,3,8,junior_clerk,ForwardCase,1477493868.0,,,2,The request is reasonable and straightforward for an existing loan takeover.,5,,585,,,,,normal,,
Application_1315782276,rejected,1,4,8,senior_clerk,CheckCreditScore,1477496868.0,,,2,The case is straightforward with complete documentation and a reasonable loan request.,15,,694,,,,,,,
Application_1315782276,rejected,1,5,8,senior_clerk,ValidateApplication,1477559508.0,risk_assessment,"The credit score is missing, which raises concerns about the applicant's creditworthiness. The monthly cost of EUR 277.01 over 66 terms indicates a long repayment period, which could be a burden. The offered amount of EUR 16,250 is slightly above the requested amount, suggesting a potential risk in repayment capacity. Overall, the lack of a credit score and the high number of terms make this application borderline.",4,"The absence of a credit score complicates the assessment significantly, making it hard to evaluate the applicant's creditworthiness.",15,,788,,,,,,,
Application_1315782276,rejected,1,6,8,senior_clerk,RequestAdditionalInfo,1477577328.0,reason,"Carlos, the credit score is missing from the credit bureau data, which raises concerns about the applicant's creditworthiness. Can you verify this information?",4,The missing credit score complicates the assessment of the applicant's creditworthiness.,10,,1060,,,,,,,
Application_1315782276,rejected,1,7,8,junior_clerk,CheckDocuments,1478263662.0,notes,"The credit score is missing from the credit bureau data, which is essential for assessing the applicant's creditworthiness.",4,The missing credit score complicates the assessment of the application.,5,,1265,,,,,,,
Application_1315782276,rejected,1,8,8,junior_clerk,ReturnApplicationEarly,1478597880.0,,,4,"The case was straightforward, but the missing credit score made it impossible to assess properly.",5,,1463,,,,,,,
Application_1093861933,rejected,0,1,3,junior_clerk,IntakeApplication,1477578330.0,initial_notes,"The requested amount of EUR 30,000 for home improvement seems reasonable, as home renovations can often require substantial funding. However, the application type as a limit raise is unusual since it suggests the applicant already has an existing credit line. This raises questions about the current credit limit and the reasons for needing such a significant increase.",3,The case is straightforward but raises questions about the application type.,5,,288,,,,,,,
Application_1093861933,rejected,0,2,3,junior_clerk,CheckDocuments,1478264088.0,notes,"The application is missing proof of income and a current loan statement, which are essential for processing a limit raise request.",4,The case is straightforward but lacks crucial documents for a limit raise.,10,,514,,,,,,,
Application_1093861933,rejected,0,3,3,junior_clerk,ReturnApplicationEarly,1478597928.0,,,2,The case is clearly invalid due to missing essential documents.,5,,719,,,,,,,
Application_1413720992,rejected,0,1,3,junior_clerk,IntakeApplication,1477583970.0,initial_notes,"The requested amount of EUR 30,000 seems high for an unspecified loan goal labeled as 'Other'. Without a clear explanation of the purpose, it's difficult to assess the validity of this application. This raises some concerns about the credibility of the request.",4,The lack of clarity regarding the loan goal makes this case harder to assess.,10,,293,,,,,,,
Application_1413720992,rejected,0,2,3,junior_clerk,CheckDocuments,1478269368.0,notes,The application lacks a clear explanation for the loan goal labeled as 'Other'. This makes it challenging to assess the reasonableness of the requested amount.,4,The case is difficult due to the lack of clarity regarding the loan purpose.,10,,519,,,,,,,
Application_1413720992,rejected,0,3,3,junior_clerk,ReturnApplicationEarly,1478598906.0,,,3,The case is straightforward but lacks essential information.,5,,753,,,,,,,
Application_1708591985,rejected,0,1,3,junior_clerk,IntakeApplication,1477653030.0,initial_notes,"The requested amount of EUR 5,000 seems reasonable for an unspecified loan goal labeled as 'Other'. However, the lack of clarity on the purpose raises a concern about how the funds will be utilized.",3,The case is straightforward but lacks clarity on the loan goal.,5,,292,,,,,,,
Application_1708591985,rejected,0,2,3,junior_clerk,CheckDocuments,1478508288.0,notes,"The application lacks a clear explanation of the loan purpose, which is critical for assessing the validity of the request.",4,The lack of clarity regarding the loan purpose made this case awkward to assess.,5,,516,,,,,,,
Application_1708591985,rejected,0,3,3,junior_clerk,ReturnApplicationEarly,1478601084.0,,,4,The lack of clarity regarding the loan purpose made this case difficult to assess.,5,,714,,,,,,,
Application_1339399261,rejected,1,1,7,junior_clerk,IntakeApplication,1476887988.0,initial_notes,"The requested amount of EUR 25,000 seems reasonable for home improvement purposes, as such projects can vary widely in cost. There is nothing unusual about this application at first glance.",2,This case is straightforward as the amount aligns with the stated goal of home improvement.,5,,287,,,,,,,
Application_1339399261,rejected,1,2,7,junior_clerk,CheckDocuments,1477060410.0,,,2,The documentation appears to be complete and valid for a home improvement loan.,10,,502,,,,,,,
Application_1339399261,rejected,1,3,7,junior_clerk,ForwardCase,1477913196.0,,,2,The application is straightforward and aligns with typical home improvement loan requests.,5,,571,,,,,normal,,
Application_1339399261,rejected,1,4,7,senior_clerk,CheckCreditScore,1477990710.0,,,2,This case is straightforward as the application appears complete and the requested amount is reasonable for the stated purpose.,15,,680,,,,,,,
Application_1339399261,rejected,1,5,7,senior_clerk,RequestAdditionalInfo,1478182710.0,reason,"Carlos, the credit score is marked as 'None' in the credit bureau data. Can you verify whether this is an error or if the client has no credit history? This information is crucial for assessing the risk profile.",4,The absence of a credit score complicates the assessment significantly.,10,,773,,,,,,,
Application_1339399261,rejected,1,6,7,junior_clerk,CheckDocuments,1478595246.0,notes,"Checked the documentation and everything appears to be in order. However, I will need to verify the client's credit history to address the Senior Clerk's concern about the credit score being marked as 'None'.",4,"The documentation is complete, but the credit score issue adds complexity.",10,,1019,,,,,,,
Application_1339399261,rejected,1,7,7,junior_clerk,ReturnApplicationEarly,1478602542.0,,,4,The lack of a credit score makes it impossible to evaluate the applicant's creditworthiness.,10,,1292,,,,,,,
Application_1835001438,rejected,1,1,8,junior_clerk,IntakeApplication,1476886188.0,initial_notes,"The requested amount of EUR 5,000 seems reasonable for home improvement purposes, as it is a common range for such projects. There is nothing unusual about this application at first glance.",2,This case is straightforward as the amount aligns well with the loan goal.,5,,286,,,,,,,
Application_1835001438,rejected,1,2,8,junior_clerk,CheckDocuments,1477056210.0,,,2,The documentation appears to be standard for a home improvement loan.,5,,501,,,,,,,
Application_1835001438,rejected,1,3,8,junior_clerk,ForwardCase,1477907916.0,,,2,The case is straightforward with no unusual elements.,5,,570,,,,,normal,,
Application_1835001438,rejected,1,4,8,senior_clerk,CheckCreditScore,1477924410.0,,,2,The case appears straightforward with complete documentation and a reasonable loan request.,10,,679,,,,,,,
Application_1835001438,rejected,1,5,8,senior_clerk,ValidateApplication,1478086170.0,risk_assessment,"The credit score is not available, which raises concerns about the applicant's creditworthiness. The monthly cost of EUR 97.4 over 60 terms indicates a significant financial commitment, but without a credit score, we cannot assess the risk accurately. The offered amount of EUR 5,000 aligns with the loan goal of home improvement, but the lack of credit score makes this application borderline.",4,"The absence of a credit score complicates the assessment, making it difficult to determine the applicant's creditworthiness.",15,,770,,,,,,,
Application_1835001438,rejected,1,6,8,senior_clerk,RequestAdditionalInfo,1478516850.0,reason,"Carlos, the credit score is not available in the credit bureau data, which raises concerns about the applicant's creditworthiness. Can you verify if there is any additional information regarding the credit score?",4,The lack of credit score information complicates the assessment of the applicant's creditworthiness.,10,,1042,,,,,,,
Application_1835001438,rejected,1,7,8,junior_clerk,CheckDocuments,1478604684.0,notes,"The application is complete, but the credit score is missing from the credit bureau data, which is a concern for assessing the applicant's creditworthiness. No additional documents were flagged as missing.",3,The case is straightforward but lacks critical credit information.,5,,1288,,,,,,,
Application_1835001438,rejected,1,8,8,junior_clerk,ReturnApplicationEarly,1478605440.0,,,4,The absence of a credit score makes it difficult to assess the applicant's financial reliability.,5,,1561,,,,,,,
Application_398311287,rejected,1,1,7,junior_clerk,IntakeApplication,1476889788.0,initial_notes,"The requested amount of EUR 6,500 seems reasonable for home improvement purposes, as it can cover various renovations. There is nothing unusual about this application at first glance.",2,This case is straightforward as the amount aligns with the goal.,5,,285,,,,,,,
Application_398311287,rejected,1,2,7,junior_clerk,CheckDocuments,1477063188.0,,,2,The application appears straightforward with no unusual elements to check.,5,,494,,,,,,,
Application_398311287,rejected,1,3,7,junior_clerk,ForwardCase,1477916076.0,,,2,The case is straightforward with a reasonable amount for the stated goal.,5,,563,,,,,normal,,
Application_398311287,rejected,1,4,7,senior_clerk,CheckCreditScore,1477993710.0,,,2,This case is straightforward as the requested amount aligns with the loan goal.,10,,672,,,,,,,
Application_398311287,rejected,1,5,7,senior_clerk,ValidateApplication,1478191350.0,risk_assessment,"The credit score is missing, which raises concerns about the applicant's creditworthiness. The monthly cost of EUR 126.61 over 60 terms is reasonable, but without a credit score, it is difficult to assess the overall risk. The requested amount of EUR 6,500 aligns with typical home improvement costs, but the lack of credit score information makes this application borderline.",4,The absence of a credit score complicates the assessment process.,15,,765,,,,,,,
Application_398311287,rejected,1,6,7,senior_clerk,RequestAdditionalInfo,1478682270.0,reason,"Carlos, the credit score is missing from the credit bureau data, which raises concerns about the applicant's creditworthiness. Can you verify if there is any additional information regarding the applicant's credit score?",4,The absence of a credit score complicates the assessment process.,5,,1037,,,,,,,
Application_398311287,rejected,1,7,7,junior_clerk,ReturnApplicationEarly,1478683320.0,,,5,The case is difficult due to missing critical information that prevents proper assessment.,10,,1283,,,,,,,
Application_579349612,rejected,1,1,8,junior_clerk,IntakeApplication,1476889980.0,initial_notes,"The requested amount of EUR 50,000 for home improvement seems reasonable, as significant renovations can require substantial funding. However, I will need to verify the documentation to ensure everything is in order.",2,This case appears straightforward but requires documentation verification.,5,,286,,,,,,,
Application_579349612,rejected,1,2,8,junior_clerk,CheckDocuments,1477064610.0,,,2,The case appears straightforward with a reasonable amount for the stated goal.,10,,512,,,,,,,
Application_579349612,rejected,1,3,8,junior_clerk,ForwardCase,1477916346.0,,,2,The case is straightforward as the requested amount aligns with the loan goal of home improvement.,5,,581,,,,,normal,,
Application_579349612,rejected,1,4,8,senior_clerk,CheckCreditScore,1477996710.0,,,2,"The case is straightforward with complete documentation, but the credit data is still pending.",10,,690,,,,,,,
Application_579349612,rejected,1,5,8,senior_clerk,ValidateApplication,1478253990.0,risk_assessment,"The credit score is missing, which raises concerns about the applicant's creditworthiness. The monthly cost of EUR 500.0 over 126 terms suggests a long repayment period, but without a credit score, it is difficult to assess the risk accurately. The requested amount of EUR 50,000 aligns with the goal of home improvement, but the lack of credit score information is a significant red flag.",4,The absence of a credit score makes this case more challenging to assess.,15,,784,,,,,,,
Application_579349612,rejected,1,6,8,senior_clerk,RequestAdditionalInfo,1478703090.0,reason,"Carlos, the credit score is missing from the credit bureau data, which raises concerns about the applicant's creditworthiness. Can you verify if there is a credit score available?",4,The absence of a credit score makes it difficult to assess the applicant's creditworthiness.,10,,1056,,,,,,,
Application_579349612,rejected,1,7,8,junior_clerk,CheckDocuments,1478706210.0,notes,"The application is missing the credit score, which is crucial for assessing the applicant's creditworthiness.",3,"The case is straightforward, but the missing credit score adds a layer of complexity.",5,,1281,,,,,,,
Application_579349612,rejected,1,8,8,junior_clerk,ReturnApplicationEarly,1478706966.0,,,4,The absence of a credit score makes it impossible to assess the application properly.,5,,1465,,,,,,,
Application_1299856399,approved,0,1,8,junior_clerk,IntakeApplication,1476891588.0,initial_notes,"The requested amount of EUR 20,000 seems reasonable for home improvement purposes, as it can cover significant renovations or upgrades. There is nothing unusual about the application type being a new credit.",2,This case is straightforward as the amount aligns well with the stated goal.,5,,287,,,,,,,
Application_1299856399,approved,0,2,8,junior_clerk,CheckDocuments,1477067010.0,,,2,The application appears straightforward with no missing documents to check.,10,,513,,,,,,,
Application_1299856399,approved,0,3,8,junior_clerk,ForwardCase,1477916826.0,,,2,The case is straightforward with no unusual elements.,5,,582,,,,,normal,,
Application_1299856399,approved,0,4,8,senior_clerk,CheckCreditScore,1477999710.0,,,2,This case is straightforward as the application details are clear and complete.,10,,691,,,,,,,
Application_1299856399,approved,0,5,8,senior_clerk,ValidateApplication,1478258790.0,risk_assessment,"The applicant has a strong credit profile with a credit score of 991, which is well above the acceptable range. The monthly cost of EUR 200.0 is manageable given the offered amount of EUR 20,000 and the number of terms (127) allows for a reasonable repayment schedule. Overall, the application appears solid and consistent with the stated loan goal of home improvement.",2,The case is straightforward with complete documentation and a strong credit score.,15,,784,,,,,,,
Application_1299856399,approved,0,6,8,senior_clerk,EscalateCase,1478706750.0,,,2,The case was straightforward with a complete set of documents and a strong credit profile.,15,,1055,,,,,,approve,
Application_1299856399,approved,0,7,8,credit_officer,AssessRisk,1478772450.0,,,2,This case is straightforward with no surprises and a strong credit profile.,10,,1320,,,,,,,low
Application_1299856399,approved,0,8,8,credit_officer,ApproveLoan,1478781870.0,,,2,The case is straightforward with a strong credit profile and manageable monthly payments.,5,,1571,,,,,,,
Application_1118691851,approved,0,1,8,junior_clerk,IntakeApplication,1476891780.0,initial_notes,"The requested amount of EUR 15,000 seems reasonable for a motorcycle loan, as it can cover a mid-range to high-end motorcycle. No unusual aspects noted at this stage.",2,This case is straightforward as the amount aligns with the loan goal.,5,,281,,,,,,,
Application_1118691851,approved,0,2,8,junior_clerk,CheckDocuments,1477067388.0,,,2,The application appears straightforward with no unusual aspects to check.,5,,473,,,,,,,
Application_1118691851,approved,0,3,8,junior_clerk,ForwardCase,1477917306.0,,,2,The case is straightforward with a reasonable amount for the stated goal.,5,,542,,,,,normal,,
Application_1118691851,approved,0,4,8,senior_clerk,CheckCreditScore,1478002710.0,,,2,The case is straightforward with a complete document status and a reasonable loan amount for the stated goal.,10,,651,,,,,,,
Application_1118691851,approved,0,5,8,senior_clerk,ValidateApplication,1478263590.0,risk_assessment,"The applicant has a strong credit profile with a credit score of 951, which is well above the acceptable range. The monthly cost of EUR 150 is manageable within the offered amount of EUR 15,000 over 127 terms, indicating a sustainable repayment plan. There are no inconsistencies between the application and the credit data.",2,The case is straightforward with a solid credit score and reasonable loan request.,15,,744,,,,,,,
Application_1118691851,approved,0,6,8,senior_clerk,EscalateCase,1478767410.0,,,2,The case is straightforward with a solid credit profile and reasonable loan request.,10,,1015,,,,,,approve,
Application_1118691851,approved,0,7,8,credit_officer,AssessRisk,1478780550.0,,,2,The case is straightforward with no unusual aspects or concerns.,5,,1280,,,,,,,low
Application_1118691851,approved,0,8,8,credit_officer,ApproveLoan,1478783190.0,,,2,The case is straightforward with a strong credit profile and manageable monthly payments.,5,,1531,,,,,,,
Application_1118317851,rejected,1,1,8,junior_clerk,IntakeApplication,1476893388.0,initial_notes,"The requested amount of EUR 6,850 seems reasonable for an existing loan takeover, as it typically aligns with the amounts needed to consolidate smaller loans. There is nothing unusual about the loan goal or application type.",2,This case is straightforward as the amount aligns with the purpose of the loan.,5,,292,,,,,,,
Application_1118317851,rejected,1,2,8,junior_clerk,CheckDocuments,1477298010.0,,,2,The documentation appears to be standard for a loan takeover application.,5,,518,,,,,,,
Application_1118317851,rejected,1,3,8,junior_clerk,ForwardCase,1477920186.0,,,2,The case is straightforward with a reasonable amount for an existing loan takeover.,5,,587,,,,,normal,,
Application_1118317851,rejected,1,4,8,senior_clerk,CheckCreditScore,1478005710.0,,,2,"Standard case with complete documentation, awaiting credit data.",15,,696,,,,,,,
Application_1118317851,rejected,1,5,8,senior_clerk,ValidateApplication,1478272230.0,risk_assessment,"The credit score is missing, which raises concerns about the applicant's creditworthiness. The monthly cost of EUR 123.74 over 72 terms indicates a significant financial commitment, and the offered amount of EUR 7,400 exceeds the requested amount of EUR 6,850, which may suggest a risk of over-leverage. Without a credit score, it is difficult to assess the applicant's overall financial health and ability to manage additional debt. Therefore, the application is considered borderline due to the lack of credit score information and potential over-leverage risk.",4,"The absence of a credit score complicates the assessment process, making it harder to evaluate the applicant's creditworthiness.",15,,789,,,,,,,
Application_1118317851,rejected,1,6,8,senior_clerk,RequestAdditionalInfo,1478851230.0,reason,"Carlos, the credit score is missing from the credit bureau data, which raises concerns about the applicant's creditworthiness. Can you verify if there was an issue retrieving this information?",4,The absence of the credit score complicates the assessment of the application.,5,,1061,,,,,,,
Application_1118317851,rejected,1,7,8,junior_clerk,CheckDocuments,1478855550.0,notes,"The credit score is missing from the credit bureau data, which raises concerns about the applicant's creditworthiness. This information is crucial for assessing the application.",4,The missing credit score complicates the assessment of the applicant's creditworthiness.,5,,1299,,,,,,,
Application_1118317851,rejected,1,8,8,junior_clerk,ReturnApplicationEarly,1478856306.0,,,4,The absence of a credit score made it impossible to assess the application properly.,5,,1551,,,,,,,
Application_760288041,approved,0,1,8,junior_clerk,IntakeApplication,1476895188.0,initial_notes,"The requested amount of EUR 12,500 for an existing loan takeover seems reasonable, as it aligns with typical amounts for refinancing existing debts. There is nothing unusual at first glance.",2,This case appears straightforward with a reasonable loan amount for its purpose.,5,,292,,,,,,,
Application_760288041,approved,0,2,8,junior_clerk,CheckDocuments,1477306902.0,,,2,The documentation appears to be complete and straightforward for an existing loan takeover.,5,,508,,,,,,,
Application_760288041,approved,0,3,8,junior_clerk,ForwardCase,1477930476.0,,,2,The case is straightforward as the requested amount aligns well with the loan goal.,5,,577,,,,,normal,,
Application_760288041,approved,0,4,8,senior_clerk,CheckCreditScore,1478089170.0,,,2,The case is straightforward with complete documentation and a reasonable loan amount.,15,,686,,,,,,,
Application_760288041,approved,0,5,8,senior_clerk,ValidateApplication,1478521650.0,risk_assessment,"The credit score of 802 is excellent, indicating a strong creditworthiness. The monthly cost of EUR 247.28 for a loan of EUR 12,500 over 57 terms is manageable and aligns with the applicant's goal of refinancing an existing loan. Overall, the profile appears solid and consistent, warranting approval.",2,The case is straightforward with all necessary information provided and no discrepancies noted.,15,,779,,,,,,,
Application_760288041,approved,0,6,8,senior_clerk,EscalateCase,1479213390.0,,,2,The case is straightforward with no discrepancies in the application and credit data.,10,,1050,,,,,,approve,
Application_760288041,approved,0,7,8,credit_officer,AssessRisk,1479221490.0,,,2,This case is straightforward with no unusual factors or concerns.,10,,1315,,,,,,,low
Application_760288041,approved,0,8,8,credit_officer,ApproveLoan,1479222810.0,,,2,The case is straightforward with no unusual factors or concerns.,3,,1561,,,,,,,
Application_132830260,approved,0,1,8,junior_clerk,IntakeApplication,1476895980.0,initial_notes,"The requested amount of EUR 45,000 seems reasonable for an existing loan takeover, as this could cover a substantial portion of an existing loan. However, I will need to verify the documentation to ensure everything aligns properly.",2,"This case appears straightforward at first glance, but I need to check the documentation for completeness.",5,,292,,,,,,,
Application_132830260,approved,0,2,8,junior_clerk,CheckDocuments,1477309302.0,,,2,The documentation appears to be standard for an existing loan takeover request.,10,,518,,,,,,,
Application_132830260,approved,0,3,8,junior_clerk,ForwardCase,1477932186.0,,,2,The case is straightforward as the requested amount aligns with the loan goal of an existing loan takeover.,5,,587,,,,,normal,,
Application_132830260,approved,0,4,8,senior_clerk,CheckCreditScore,1478093070.0,,,3,"The case involves a substantial loan amount for an existing loan takeover, which requires thorough credit assessment.",10,,696,,,,,,,
Application_132830260,approved,0,5,8,senior_clerk,ValidateApplication,1478526450.0,risk_assessment,"The credit score of 923 is excellent, indicating a strong creditworthiness. The monthly cost of EUR 617.61 for 84 terms aligns well with the requested amount of EUR 45,000 for an existing loan takeover. Overall, the profile appears solid and consistent, supporting the application for approval.",2,The case is straightforward with complete documentation and a strong credit score.,15,,789,,,,,,,
Application_132830260,approved,0,6,8,senior_clerk,EscalateCase,1479382950.0,,,2,The case was straightforward with all necessary information available and aligned.,15,,1060,,,,,,approve,
Application_132830260,approved,0,7,8,credit_officer,AssessRisk,1479391050.0,,,2,The case is straightforward with no surprises in the documentation or credit data.,10,,1325,,,,,,,low
Application_132830260,approved,0,8,8,credit_officer,ApproveLoan,1479392370.0,,,2,The case is straightforward with all documentation in order and a strong credit score.,10,,1576,,,,,,,
Application_1489786126,rejected,1,1,7,junior_clerk,IntakeApplication,1476967476.0,initial_notes,"The requested amount of EUR 5,000 seems reasonable for home improvement purposes. There is nothing unusual about this application at first glance.",2,This case appears straightforward with no red flags.,5,,286,,,,,,,
Application_1489786126,rejected,1,2,7,junior_clerk,CheckDocuments,1477569990.0,,,2,The application appears straightforward with no initial red flags.,5,,458,,,,,,,
Application_1489786126,rejected,1,3,7,junior_clerk,ForwardCase,1478254488.0,,,2,The application is straightforward with no unusual elements.,5,,527,,,,,normal,,
Application_1489786126,rejected,1,4,7,senior_clerk,CheckCreditScore,1478706090.0,,,2,This case is straightforward as the application appears complete and reasonable.,10,,636,,,,,,,
Application_1489786126,rejected,1,5,7,senior_clerk,RequestAdditionalInfo,1480435290.0,reason,"Carlos, we have a credit score of 'None' for this application. Can you check if there was an issue retrieving the credit score data? This is crucial for our assessment.",4,The absence of a credit score complicates the assessment process significantly.,5,,729,,,,,,,
Application_1489786126,rejected,1,6,7,junior_clerk,CheckDocuments,1480438410.0,notes,"Checked the documentation and confirmed it is complete. However, there is no credit score available for this applicant, which is unusual and could indicate an issue with the retrieval process.",3,"The case is straightforward, but the lack of a credit score adds complexity.",5,,943,,,,,,,
Application_1489786126,rejected,1,7,7,junior_clerk,ReturnApplicationEarly,1480493460.0,,,5,The lack of a credit score makes this case difficult to assess properly.,5,,1208,,,,,,,
Application_2018809027,rejected,1,1,7,junior_clerk,IntakeApplication,1477296282.0,initial_notes,"The requested amount of EUR 10,000 seems reasonable for a car loan, depending on the vehicle's price and condition. No unusual aspects noted at this stage.",2,This case is straightforward as it aligns with common car loan requests.,5,,274,,,,,,,
Application_2018809027,rejected,1,2,7,junior_clerk,CheckDocuments,1477920876.0,,,2,The application appears straightforward with all necessary documentation submitted.,5,,455,,,,,,,
Application_2018809027,rejected,1,3,7,junior_clerk,ForwardCase,1478518530.0,,,2,The case is straightforward with a reasonable amount for a car loan.,5,,524,,,,,normal,,
Application_2018809027,rejected,1,4,7,senior_clerk,CheckCreditScore,1479133830.0,,,2,This case is straightforward as the requested amount aligns with the loan goal and documentation is complete.,10,,633,,,,,,,
Application_2018809027,rejected,1,5,7,senior_clerk,RequestAdditionalInfo,1481106390.0,reason,"Carlos, the credit score is listed as 'None', which is unusual. Can you verify if there was an issue retrieving the credit score or if the applicant has no credit history? This information is crucial for assessing the risk profile.",4,The lack of a credit score complicates the assessment significantly.,15,,727,,,,,,,
Application_2018809027,rejected,1,6,7,junior_clerk,CheckDocuments,1481109510.0,notes,"The credit score is listed as 'None', which may indicate a lack of credit history. I will check if there are any other documents that could provide insight into the applicant's financial background.",3,"The case is straightforward, but the missing credit score adds complexity.",5,,973,,,,,,,
Application_2018809027,rejected,1,7,7,junior_clerk,ReturnApplicationEarly,1481110560.0,,,5,The case is difficult due to missing credit history information.,5,,1244,,,,,,,
Application_150503991,rejected,1,1,8,junior_clerk,IntakeApplication,1476952074.0,initial_notes,"The requested amount of EUR 50,000 for home improvement seems reasonable, as significant renovations can require substantial funding. However, I will need to verify the documentation to ensure everything is in order.",2,This case is straightforward as the amount aligns with the loan goal.,5,,286,,,,,,,
Application_150503991,rejected,1,2,8,junior_clerk,CheckDocuments,1477408476.0,,,2,"The documentation appears to be in order, but I need to verify the specifics to confirm completeness.",10,,512,,,,,,,
Application_150503991,rejected,1,3,8,junior_clerk,ForwardCase,1478094396.0,,,2,The case is straightforward as the requested amount aligns with the home improvement goal.,5,,581,,,,,normal,,
Application_150503991,rejected,1,4,8,senior_clerk,CheckCreditScore,1478529450.0,,,2,This case is straightforward as the requested amount aligns with the loan goal.,10,,690,,,,,,,
Application_150503991,rejected,1,5,8,senior_clerk,ValidateApplication,1479476490.0,risk_assessment,"The credit score is missing, which raises significant concerns about the applicant's creditworthiness. The monthly cost of EUR 804.8 over 70 terms indicates a long repayment period, which may not be sustainable given the lack of credit score data. The offered amount of EUR 50,000 aligns with the loan goal of home improvement, but without a credit score, I cannot assess the risk adequately.",4,"The absence of a credit score makes this case particularly challenging, as it prevents a full risk assessment.",15,,783,,,,,,,
Application_150503991,rejected,1,6,8,senior_clerk,RequestAdditionalInfo,1482225090.0,reason,"Carlos, the credit score is missing from the credit bureau data, which raises significant concerns about the applicant's creditworthiness. Can you verify if there was an error in retrieving this information?",4,The absence of the credit score complicates the assessment significantly.,5,,1055,,,,,,,
Application_150503991,rejected,1,7,8,junior_clerk,CheckDocuments,1482228210.0,notes,"The credit score is missing from the credit bureau data, which is essential for assessing the applicant's creditworthiness. I will verify if there was an error in retrieving this information.",3,The case is straightforward but requires additional verification due to missing credit score data.,5,,1301,,,,,,,
Application_150503991,rejected,1,8,8,junior_clerk,ReturnApplicationEarly,1482228756.0,,,3,The case is straightforward but lacks critical documentation.,5,,1567,,,,,,,
Application_373875255,rejected,1,1,7,junior_clerk,IntakeApplication,1476953328.0,initial_notes,"The requested amount of EUR 5,000 seems reasonable for a car loan, as it aligns with typical financing for a vehicle. There is nothing unusual about this application at first glance.",2,This case is straightforward as it involves a common loan type and amount.,5,,272,,,,,,,
Application_373875255,rejected,1,2,7,junior_clerk,CheckDocuments,1477412760.0,,,2,The application appears straightforward with no immediate concerns.,5,,480,,,,,,,
Application_373875255,rejected,1,3,7,junior_clerk,ForwardCase,1478098950.0,,,2,The application is straightforward with a reasonable amount for a car loan.,5,,549,,,,,normal,,
Application_373875255,rejected,1,4,7,senior_clerk,CheckCreditScore,1478532450.0,,,2,The case appears straightforward with a reasonable loan amount for a car.,10,,658,,,,,,,
Application_373875255,rejected,1,5,7,senior_clerk,ValidateApplication,1479739830.0,risk_assessment,"The credit score is missing, which raises concerns about the applicant's creditworthiness. The monthly cost of EUR 152.82 over 36 terms totals EUR 5,000, which is acceptable for a car loan, but without a credit score, we cannot assess the risk accurately.",4,The absence of a credit score complicates the assessment significantly.,15,,751,,,,,,,
Application_373875255,rejected,1,6,7,senior_clerk,RequestAdditionalInfo,1482413310.0,reason,"Carlos, the credit score is missing from the credit bureau data, which raises concerns about the applicant's creditworthiness. Can you verify the applicant's credit score? This information is crucial for assessing the risk of the loan.",4,The absence of the credit score complicates the assessment of the application.,5,,1023,,,,,,,
Application_373875255,rejected,1,7,7,junior_clerk,ReturnApplicationEarly,1482413856.0,,,3,The absence of a credit score made this case straightforward to assess but ultimately invalid for processing.,5,,1269,,,,,,,
Application_1998100072,approved,0,1,8,junior_clerk,IntakeApplication,1476953874.0,initial_notes,"The requested amount of EUR 10,000 seems reasonable for an existing loan takeover, as this amount could cover a significant portion of an outstanding loan. There is nothing unusual about the application type being new credit for this purpose.",2,This case is straightforward as it aligns with typical loan takeover requests.,5,,293,,,,,,,
Application_1998100072,approved,0,2,8,junior_clerk,CheckDocuments,1477470570.0,,,2,The documentation appears to be complete and straightforward for this case.,5,,519,,,,,,,
Application_1998100072,approved,0,3,8,junior_clerk,ForwardCase,1478104230.0,,,2,The case is straightforward as the requested amount aligns with the loan goal.,5,,588,,,,,normal,,
Application_1998100072,approved,0,4,8,senior_clerk,CheckCreditScore,1478535450.0,,,2,The case is straightforward with complete documentation and a reasonable loan request.,10,,697,,,,,,,
Application_1998100072,approved,0,5,8,senior_clerk,ValidateApplication,1479819630.0,risk_assessment,"The application is solid, with a high credit score of 962, which indicates a low risk. The monthly cost of EUR 100.0 is manageable given the offered amount of EUR 10,000 and the number of terms (134) suggests a reasonable repayment plan. Overall, the profile is consistent and aligns with the loan goal of an existing loan takeover.",2,The case is straightforward with no discrepancies between the application and credit data.,15,,790,,,,,,,
Application_1998100072,approved,0,6,8,senior_clerk,EscalateCase,1482743730.0,,,2,The case is straightforward with no discrepancies or missing information.,15,,1061,,,,,,approve,
Application_1998100072,approved,0,7,8,credit_officer,AssessRisk,1482751830.0,,,2,This case is straightforward with no unusual factors or complications.,5,,1326,,,,,,,low
Application_1998100072,approved,0,8,8,credit_officer,ApproveLoan,1482753150.0,,,2,The case is straightforward with a solid credit score and manageable monthly costs.,3,,1577,,,,,,,
Application_1774613964,rejected,1,1,8,junior_clerk,IntakeApplication,1476955128.0,initial_notes,"The requested amount of EUR 8,500 seems reasonable for a car loan, as it aligns with typical financing for a vehicle purchase. There is nothing unusual about the application type being new credit.",2,This case is straightforward as the amount requested aligns well with the purpose.,5,,273,,,,,,,
Application_1774613964,rejected,1,2,8,junior_clerk,CheckDocuments,1477472760.0,,,2,The application appears straightforward with no unusual elements.,10,,495,,,,,,,
Application_1774613964,rejected,1,3,8,junior_clerk,ForwardCase,1478104710.0,,,2,The case is straightforward with no unusual elements.,5,,564,,,,,normal,,
Application_1774613964,rejected,1,4,8,senior_clerk,CheckCreditScore,1478592450.0,,,2,The case appears straightforward with a reasonable loan amount for a car.,10,,673,,,,,,,
Application_1774613964,rejected,1,5,8,senior_clerk,ValidateApplication,1479900270.0,risk_assessment,"The credit score is not available, which raises concerns about the applicant's creditworthiness. The monthly cost of EUR 200.85 over 48 terms results in a total repayment of EUR 9,628.80, which is significant compared to the requested amount of EUR 8,500. Without a credit score, it is difficult to assess the risk accurately, making this application borderline.",4,"The absence of a credit score complicates the assessment process, making it harder to evaluate the applicant's risk.",15,,766,,,,,,,
Application_1774613964,rejected,1,6,8,senior_clerk,RequestAdditionalInfo,1482913710.0,reason,"Carlos, the credit score is not available, which raises concerns about the applicant's creditworthiness. Can you verify if there was an issue retrieving the credit score or if the applicant has a valid score? This information is crucial for assessing the risk of this application.",4,The absence of a credit score complicates the assessment significantly.,10,,1038,,,,,,,
Application_1774613964,rejected,1,7,8,junior_clerk,CheckDocuments,1482918030.0,notes,"The documentation appears complete, but there is no credit score available to assess the applicant's creditworthiness. I will check if there was an issue retrieving the credit score or if the applicant has a valid reason for the absence of a credit score.",4,"The case is straightforward, but the missing credit score adds complexity.",5,,1284,,,,,,,
Application_1774613964,rejected,1,8,8,junior_clerk,ReturnApplicationEarly,1482918786.0,,,4,The absence of a credit score makes it impossible to evaluate the application properly.,5,,1557,,,,,,,
Application_203678331,rejected,0,1,8,junior_clerk,IntakeApplication,1476955674.0,initial_notes,"The requested amount of EUR 16,000 for a car loan seems reasonable, as it aligns with the typical cost of purchasing a new or used vehicle. There is nothing unusual about this application at first glance.",2,This case is straightforward as it aligns with common lending practices for car loans.,5,,273,,,,,,,
Application_203678331,rejected,0,2,8,junior_clerk,CheckDocuments,1477474770.0,,,2,The documentation appears to be standard for a car loan application.,5,,499,,,,,,,
Application_203678331,rejected,0,3,8,junior_clerk,ForwardCase,1478105190.0,,,2,The case is straightforward as the requested amount aligns with the loan goal.,5,,568,,,,,normal,,
Application_203678331,rejected,0,4,8,senior_clerk,CheckCreditScore,1478595450.0,,,2,The case appears straightforward with a reasonable loan amount and complete documentation.,10,,677,,,,,,,
Application_203678331,rejected,0,5,8,senior_clerk,ValidateApplication,1479978810.0,risk_assessment,"The application is concerning due to the absence of a credit score, which raises significant risk. The monthly cost of EUR 296.93 over 60 terms is substantial relative to the requested amount, but without a credit score, the applicant's creditworthiness cannot be assessed properly. This situation makes the application borderline, as the loan goal is reasonable but the lack of credit history is a red flag.",4,The absence of a credit score complicates the assessment despite the reasonable loan goal.,20,,771,,,,,,,
Application_203678331,rejected,0,6,8,senior_clerk,EscalateCase,1483004418.0,,,4,The absence of a credit score significantly complicates the assessment and raises concerns about the applicant's creditworthiness.,15,,1043,,,,,,reject,
Application_203678331,rejected,0,7,8,credit_officer,AssessRisk,1483018998.0,,,4,"The absence of a credit score complicates the risk assessment significantly, requiring careful consideration of the applicant's financial stability.",15,,1307,,,,,,,high
Application_203678331,rejected,0,8,8,credit_officer,RejectLoan,1483020078.0,rejection_notes,"The absence of a credit score is a significant risk factor that cannot be overlooked. This raises concerns about the applicant's ability to manage the loan responsibly. Additionally, the monthly repayment amount is substantial, further increasing the risk of default.",2,The case is straightforward but has a critical risk factor due to the absence of a credit score.,10,,1559,,,,,,,
Application_1634751250,rejected,1,1,8,junior_clerk,IntakeApplication,1476957474.0,initial_notes,"The requested amount of EUR 9,000 seems reasonable for an existing loan takeover. It is within a typical range for such purposes, so nothing unusual stands out at this stage.",2,This case is straightforward as the amount aligns with the loan goal.,5,,292,,,,,,,
Application_1634751250,rejected,1,2,8,junior_clerk,CheckDocuments,1477482570.0,,,2,The documentation appears complete and valid for the loan takeover request.,5,,492,,,,,,,
Application_1634751250,rejected,1,3,8,junior_clerk,ForwardCase,1478168790.0,,,2,The application is straightforward with a reasonable amount for the stated goal.,5,,561,,,,,normal,,
Application_1634751250,rejected,1,4,8,senior_clerk,CheckCreditScore,1478598450.0,,,2,The case appears straightforward with complete documentation and a reasonable loan request.,10,,670,,,,,,,
Application_1634751250,rejected,1,5,8,senior_clerk,ValidateApplication,1480067250.0,risk_assessment,"The credit score is missing, which raises concerns about the applicant's creditworthiness. The monthly cost of EUR 115.98 over 100 terms indicates a long repayment period, but without a credit score, it is difficult to assess the risk accurately. The offered amount matches the requested amount, but the lack of credit score is a significant red flag.",4,The absence of a credit score complicates the assessment process significantly.,15,,764,,,,,,,
Application_1634751250,rejected,1,6,8,senior_clerk,RequestAdditionalInfo,1483356798.0,reason,"Carlos, the credit score is missing from the credit bureau data, which raises concerns about the applicant's creditworthiness. Can you verify the credit score for this application?",4,The missing credit score creates uncertainty in assessing the applicant's risk profile.,5,,1036,,,,,,,
Application_1634751250,rejected,1,7,8,junior_clerk,CheckDocuments,1483361118.0,notes,"The application is missing the credit score, which is essential for assessing the applicant's creditworthiness. This was flagged by the Senior Clerk.",4,"The case is straightforward, but the missing credit score complicates the assessment.",5,,1262,,,,,,,
Application_1634751250,rejected,1,8,8,junior_clerk,ReturnApplicationEarly,1483361664.0,,,3,The case is straightforward but lacks critical documentation.,5,,1486,,,,,,,
Application_1079589,rejected,0,1,7,junior_clerk,IntakeApplication,1476959274.0,initial_notes,"The requested amount of EUR 8,000 seems reasonable for home improvement, as it can cover significant renovations or upgrades. There is nothing unusual about this application at first glance.",2,This case is straightforward as the amount aligns with the stated goal.,5,,283,,,,,,,
Application_1079589,rejected,0,2,7,junior_clerk,CheckDocuments,1477487088.0,,,2,The application appears straightforward with no unusual elements to check.,5,,499,,,,,,,
Application_1079589,rejected,0,3,7,junior_clerk,ForwardCase,1478174070.0,,,2,The application is straightforward with a reasonable amount for the stated goal.,5,,568,,,,,normal,,
Application_1079589,rejected,0,4,7,senior_clerk,CheckCreditScore,1478601450.0,,,2,"Standard case with complete documentation, awaiting credit score check.",10,,677,,,,,,,
Application_1079589,rejected,0,5,7,senior_clerk,ValidateApplication,1480330590.0,risk_assessment,"The application is not acceptable due to the absence of a credit score. This raises significant concerns about the applicant's creditworthiness and ability to repay the loan. The monthly cost of EUR 150.0 over 62 terms results in a total repayment of EUR 9,300, which may not be sustainable without a verified credit history.",4,"The absence of a credit score complicates the assessment significantly, making it difficult to evaluate the applicant's risk profile.",15,,769,,,,,,,
Application_1079589,rejected,0,6,7,senior_clerk,EscalateCase,1483532688.0,,,5,The absence of a credit score made this case difficult to assess.,15,,1041,,,,,,reject,
Application_1079589,rejected,0,7,7,credit_officer,RejectLoan,1483533768.0,rejection_notes,"The application for EUR 8,000 for home improvement is rejected due to the absence of a credit score, which is critical for evaluating the applicant's creditworthiness and repayment capacity.",2,The case was straightforward but lacked essential credit information.,5,,1305,,,,,,,
Application_1585601222,rejected,1,1,8,junior_clerk,IntakeApplication,1476960468.0,initial_notes,"The requested amount of EUR 35,000 for home improvement seems reasonable, as significant renovations can require substantial funding. However, I will need to verify the documentation to ensure everything is in order.",2,"This case appears straightforward at first glance, but I need to check the documents to confirm.",5,,287,,,,,,,
Application_1585601222,rejected,1,2,8,junior_clerk,CheckDocuments,1477492230.0,,,2,The documentation appears to be standard for a home improvement loan request.,10,,513,,,,,,,
Application_1585601222,rejected,1,3,8,junior_clerk,ForwardCase,1478178870.0,,,2,The case is straightforward with a reasonable amount for home improvement.,5,,582,,,,,normal,,
Application_1585601222,rejected,1,4,8,senior_clerk,CheckCreditScore,1478604450.0,,,2,The case is straightforward with complete documentation and a reasonable loan goal.,10,,691,,,,,,,
Application_1585601222,rejected,1,5,8,senior_clerk,ValidateApplication,1480345230.0,risk_assessment,"The credit score is missing, which raises concerns about the applicant's creditworthiness. The monthly cost of EUR 356.38 against the requested amount of EUR 35,000 for home improvement suggests a significant financial commitment. Given the lack of a credit score, the risk is elevated, and further assessment is necessary to determine the applicant's ability to repay the loan.",4,"The absence of a credit score complicates the assessment significantly, requiring careful consideration of other factors.",15,,786,,,,,,,
Application_1585601222,rejected,1,6,8,senior_clerk,RequestAdditionalInfo,1483617948.0,reason,"Carlos, the credit score is missing from the credit bureau data, which raises concerns about the applicant's creditworthiness. Can you verify why the credit score is not available?",4,The missing credit score complicates the assessment of the applicant's profile.,5,,1058,,,,,,,
Application_1585601222,rejected,1,7,8,junior_clerk,CheckDocuments,1483622268.0,notes,"The credit score is missing from the credit bureau data, which raises concerns about the applicant's creditworthiness. I will need to verify why the credit score is not available.",4,The missing credit score complicates the assessment of the application.,5,,1284,,,,,,,
Application_1585601222,rejected,1,8,8,junior_clerk,ReturnApplicationEarly,1483622814.0,,,3,The case is straightforward but lacks critical information for processing.,5,,1538,,,,,,,
Application_1309710626,rejected,0,1,8,junior_clerk,IntakeApplication,1476962268.0,initial_notes,"The requested amount of EUR 10,000 seems reasonable for an existing loan takeover, as it typically aligns with the amounts needed to consolidate or pay off existing debts. There is nothing unusual about this application at first glance.",2,This case is straightforward as the amount and purpose align well.,5,,293,,,,,,,
Application_1309710626,rejected,0,2,8,junior_clerk,CheckDocuments,1477496268.0,,,2,The application is straightforward with no missing information to check.,5,,519,,,,,,,
Application_1309710626,rejected,0,3,8,junior_clerk,ForwardCase,1478183856.0,,,2,The case is straightforward as the requested amount aligns well with the loan goal of existing loan takeover.,5,,588,,,,,normal,,
Application_1309710626,rejected,0,4,8,senior_clerk,CheckCreditScore,1478607450.0,,,2,This case is straightforward as the loan goal aligns with the requested amount.,10,,697,,,,,,,
Application_1309710626,rejected,0,5,8,senior_clerk,ValidateApplication,1480350030.0,risk_assessment,"The credit profile appears solid, with a credit score of 718, which is within an acceptable range. The monthly cost of EUR 119.99 for 103 terms aligns well with the requested amount of EUR 10,000 for an existing loan takeover. Overall, the application is consistent and presents a low risk.",2,The case is straightforward with no discrepancies in the application and credit data.,15,,791,,,,,,,
Application_1309710626,rejected,0,6,8,senior_clerk,EscalateCase,1483618608.0,,,2,The case is straightforward with all necessary information provided and no discrepancies found.,15,,1062,,,,,,approve,
Application_1309710626,rejected,0,7,8,credit_officer,AssessRisk,1483629138.0,,,3,"The case is straightforward, but the long repayment term adds a layer of complexity.",15,,1327,,,,,,,medium
Application_1309710626,rejected,0,8,8,credit_officer,RejectLoan,1483630542.0,rejection_notes,"While the applicant has a solid credit score, the long repayment term and the nature of the loan takeover present potential risks that outweigh the benefits. Therefore, I cannot approve this loan application.",3,The case presented a solid credit profile but had significant risk factors due to the loan takeover nature and long repayment term.,15,,1581,,,,,,,
Application_1142291922,rejected,1,1,7,junior_clerk,IntakeApplication,1476963474.0,initial_notes,"The requested amount of EUR 11,000 seems reasonable for a caravan or camper, as these vehicles can vary significantly in price. No unusual aspects noted at this stage.",2,This case is straightforward as the amount aligns with the loan goal.,5,,287,,,,,,,
Application_1142291922,rejected,1,2,7,junior_clerk,CheckDocuments,1477555830.0,,,2,All required documents were submitted and appear valid.,5,,480,,,,,,,
Application_1142291922,rejected,1,3,7,junior_clerk,ForwardCase,1478187306.0,,,2,The case is straightforward with no unusual aspects noted.,5,,549,,,,,normal,,
Application_1142291922,rejected,1,4,7,senior_clerk,CheckCreditScore,1478610450.0,,,2,The case is straightforward with complete documentation and a reasonable loan request.,10,,658,,,,,,,
Application_1142291922,rejected,1,5,7,senior_clerk,ValidateApplication,1480412670.0,risk_assessment,"The credit score is missing, which raises concerns about the applicant's creditworthiness. The monthly cost of EUR 330.08 for a loan amount of EUR 11,000 over 36 months is reasonable; however, without a credit score, we cannot fully assess the risk. This case is borderline due to the lack of credit score information.",4,"The absence of a credit score complicates the assessment, making it harder to evaluate the applicant's creditworthiness.",15,,752,,,,,,,
Application_1142291922,rejected,1,6,7,senior_clerk,RequestAdditionalInfo,1483690428.0,reason,"Carlos, the credit score is missing from the credit bureau data, which raises concerns about the applicant's creditworthiness. Can you verify the credit score for this application?",4,The missing credit score complicates the assessment of the applicant's creditworthiness.,5,,1024,,,,,,,
Application_1142291922,rejected,1,7,7,junior_clerk,ReturnApplicationEarly,1483691478.0,,,5,The lack of a credit score made this case difficult to assess properly.,5,,1250,,,,,,,
Application_1934171280,approved,0,1,8,junior_clerk,IntakeApplication,1476965274.0,initial_notes,"The requested amount of EUR 15,000 seems reasonable for home improvement purposes, as it can cover significant renovations or upgrades. There is nothing unusual about the application type being a new credit.",2,This case is straightforward as the amount aligns well with the stated goal.,5,,287,,,,,,,
Application_1934171280,approved,0,2,8,junior_clerk,CheckDocuments,1477566282.0,,,2,The documentation appears to be standard for a home improvement loan application.,5,,513,,,,,,,
Application_1934171280,approved,0,3,8,junior_clerk,ForwardCase,1478253306.0,,,2,The case is straightforward with a reasonable amount for the stated purpose.,5,,582,,,,,normal,,
Application_1934171280,approved,0,4,8,senior_clerk,CheckCreditScore,1478685270.0,,,2,This case is straightforward as the application details are clear and complete.,10,,691,,,,,,,
Application_1934171280,approved,0,5,8,senior_clerk,ValidateApplication,1480417470.0,risk_assessment,"The applicant has a strong credit score of 807, which is well above the acceptable range. The monthly cost of EUR 154.11 for 120 terms is manageable relative to the requested amount of EUR 15,000 for home improvement. Overall, the profile appears solid and consistent with the loan goal.",2,The application is straightforward with complete documentation and a strong credit score.,15,,785,,,,,,,
Application_1934171280,approved,0,6,8,senior_clerk,EscalateCase,1483691088.0,,,2,This case is straightforward with all data aligning well.,10,,1056,,,,,,approve,
Application_1934171280,approved,0,7,8,credit_officer,AssessRisk,1483701300.0,,,2,This case is straightforward due to the strong credit score and manageable monthly payment.,10,,1321,,,,,,,low
Application_1934171280,approved,0,8,8,credit_officer,ApproveLoan,1483710720.0,,,2,The case is straightforward with a strong credit score and manageable monthly payments.,3,,1572,,,,,,,
Application_1630717104,approved,0,1,8,junior_clerk,IntakeApplication,1476969276.0,initial_notes,"The requested amount of EUR 7,500 seems reasonable for home improvement purposes, as it can cover various renovation projects. There is nothing unusual about this application at first glance.",2,This case is straightforward as the amount aligns with the stated goal.,5,,286,,,,,,,
Application_1630717104,approved,0,2,8,junior_clerk,CheckDocuments,1477575990.0,,,2,The documentation appears to be complete and straightforward for a home improvement loan.,5,,503,,,,,,,
Application_1630717104,approved,0,3,8,junior_clerk,ForwardCase,1478259342.0,,,2,The application is straightforward with a reasonable amount for the stated goal.,5,,572,,,,,normal,,
Application_1630717104,approved,0,4,8,senior_clerk,CheckCreditScore,1478709750.0,,,2,This case is straightforward as it involves a reasonable loan amount for a common purpose.,10,,681,,,,,,,
Application_1630717104,approved,0,5,8,senior_clerk,ValidateApplication,1480494090.0,risk_assessment,"The applicant has a strong credit profile with a credit score of 950, which is well above the acceptable range. The monthly cost of EUR 229.23 is manageable within the offered amount of EUR 7,500 over 36 terms. This indicates a solid financial position and the purpose of the loan aligns with the requested amount.",2,The application is straightforward with complete documentation and a strong credit profile.,15,,773,,,,,,,
Application_1630717104,approved,0,6,8,senior_clerk,EscalateCase,1483691748.0,,,2,The case is straightforward with a strong credit profile and reasonable loan request.,10,,1044,,,,,,approve,
Application_1630717104,approved,0,7,8,credit_officer,AssessRisk,1483709400.0,,,2,This case is straightforward due to the strong credit profile and clear purpose of the loan.,5,,1309,,,,,,,low
Application_1630717104,approved,0,8,8,credit_officer,ApproveLoan,1483712040.0,,,2,The application is straightforward with a strong credit profile and reasonable loan purpose.,5,,1560,,,,,,,
Application_173122257,rejected,0,1,7,junior_clerk,IntakeApplication,1476971076.0,initial_notes,"The requested amount of EUR 50,000 for home improvement seems reasonable, as significant renovations can require substantial funding. However, I will need to check the documentation to ensure everything is in order.",2,This case appears straightforward as the amount aligns with the stated goal.,5,,286,,,,,,,
Application_173122257,rejected,0,2,7,junior_clerk,CheckDocuments,1477578402.0,,,2,The documentation appears to be complete and aligns with the requested loan amount and purpose.,10,,512,,,,,,,
Application_173122257,rejected,0,3,7,junior_clerk,ForwardCase,1478264142.0,,,2,The application is straightforward with a reasonable amount for home improvement.,5,,581,,,,,normal,,
Application_173122257,rejected,0,4,7,senior_clerk,CheckCreditScore,1478770410.0,,,2,This case is straightforward as the requested amount aligns with the loan goal and documentation is complete.,10,,690,,,,,,,
Application_173122257,rejected,0,5,7,senior_clerk,ValidateApplication,1480511370.0,risk_assessment,"The credit score is not available, which raises significant concerns about the applicant's creditworthiness. The monthly cost of EUR 712.76 against the offered amount of EUR 70,000 for 120 terms indicates a high debt burden relative to the income needed to support this loan. Given these factors, the application is deemed borderline and requires further scrutiny before a final decision can be made.",4,"The absence of a credit score complicates the assessment, making it difficult to evaluate the applicant's creditworthiness.",20,,785,,,,,,,
Application_173122257,rejected,0,6,7,senior_clerk,EscalateCase,1483710756.0,,,4,The absence of a credit score made this case particularly concerning and required careful consideration.,15,,1057,,,,,,reject,
Application_173122257,rejected,0,7,7,credit_officer,RejectLoan,1483713444.0,rejection_notes,"The absence of a credit score is a critical factor in assessing the applicant's ability to repay the loan. Without this information, we cannot confidently approve the loan, especially given the high monthly cost associated with the requested amount.",3,"The case is straightforward but complicated by the lack of a credit score, which is a critical factor in risk assessment.",15,,1321,,,,,,,
Application_345753341,rejected,1,1,8,junior_clerk,IntakeApplication,1476969474.0,initial_notes,"The requested amount of EUR 11,000 for an existing loan takeover seems reasonable, as it could cover a significant portion of an existing loan. However, I will need to verify the documentation to ensure everything aligns with the application type.",2,This case is straightforward as the amount requested aligns with the stated goal.,5,,292,,,,,,,
Application_345753341,rejected,1,2,8,junior_clerk,CheckDocuments,1477576002.0,,,2,The documentation appears to be complete and straightforward for an existing loan takeover.,10,,518,,,,,,,
Application_345753341,rejected,1,3,8,junior_clerk,ForwardCase,1478259768.0,,,2,The case is straightforward as the requested amount aligns with the loan goal.,3,,587,,,,,normal,,
Application_345753341,rejected,1,4,8,senior_clerk,CheckCreditScore,1478766750.0,,,2,"This case involves a straightforward loan takeover, which typically requires standard checks.",15,,696,,,,,,,
Application_345753341,rejected,1,5,8,senior_clerk,ValidateApplication,1480502730.0,risk_assessment,"The credit score is missing, which raises concerns about the applicant's creditworthiness. The monthly cost of EUR 110.0 over 134 terms indicates a long repayment period, which could lead to potential financial strain. The requested amount of EUR 11,000 aligns with the goal of an existing loan takeover, but without a credit score, the risk profile remains uncertain.",4,"The absence of a credit score complicates the assessment, making it difficult to evaluate the applicant's overall creditworthiness.",20,,790,,,,,,,
Application_345753341,rejected,1,6,8,senior_clerk,RequestAdditionalInfo,1483709568.0,reason,"Carlos, the credit score is missing from the credit bureau data, which raises concerns about the applicant's creditworthiness. Can you verify whether there is any credit score available for this applicant?",4,The absence of a credit score complicates the assessment of the applicant's creditworthiness.,5,,1062,,,,,,,
Application_345753341,rejected,1,7,8,junior_clerk,CheckDocuments,1483713888.0,notes,"The credit score is missing from the credit bureau data, which is essential for assessing the applicant's creditworthiness. This raises concerns about the application.",4,"The case is straightforward, but the missing credit score complicates the assessment.",5,,1308,,,,,,,
Application_345753341,rejected,1,8,8,junior_clerk,ReturnApplicationEarly,1483714434.0,,,3,The case is straightforward but cannot be processed due to missing critical information.,5,,1550,,,,,,,
Application_1274866621,rejected,1,1,7,junior_clerk,IntakeApplication,1476971274.0,initial_notes,"The requested amount of EUR 25,000 seems reasonable for a car loan, assuming it is for a new or high-end vehicle. There is nothing unusual about the application type being a new credit.",2,This case is straightforward as the amount aligns well with the stated goal.,5,,274,,,,,,,
Application_1274866621,rejected,1,2,7,junior_clerk,CheckDocuments,1477580730.0,,,2,The documentation appears to be in order and matches the loan request.,10,,485,,,,,,,
Application_1274866621,rejected,1,3,7,junior_clerk,ForwardCase,1478264568.0,,,2,The application is straightforward with a reasonable amount for the stated goal.,5,,554,,,,,normal,,
Application_1274866621,rejected,1,4,7,senior_clerk,CheckCreditScore,1478773410.0,,,2,This case is straightforward as the application appears complete and the requested amount is reasonable.,10,,663,,,,,,,
Application_1274866621,rejected,1,5,7,senior_clerk,ValidateApplication,1480520010.0,risk_assessment,"The credit score is missing, which raises significant concerns about the applicant's creditworthiness. The monthly cost of EUR 499.6 is quite high relative to the requested amount, and the number of terms (55) suggests a long repayment period that could indicate financial strain. Overall, the lack of a credit score and high monthly cost lead to a recommendation for rejection.",4,"The absence of a credit score complicates the assessment significantly, making it hard to evaluate the applicant's creditworthiness.",15,,756,,,,,,,
Application_1274866621,rejected,1,6,7,senior_clerk,RequestAdditionalInfo,1483955376.0,reason,"Carlos, the credit score is missing from the credit bureau data, which raises significant concerns about the applicant's creditworthiness. Can you verify the credit score for this application?",4,The absence of the credit score complicates the assessment significantly.,10,,1028,,,,,,,
Application_1274866621,rejected,1,7,7,junior_clerk,ReturnApplicationEarly,1483956426.0,,,5,The lack of a credit score made this case difficult to assess properly.,5,,1266,,,,,,,
Application_403304705,rejected,1,1,7,junior_clerk,IntakeApplication,1476977364.0,initial_notes,"The requested amount of EUR 8,500 seems reasonable for home improvement purposes. There is nothing unusual about the application type being a limit raise, as it aligns with the goal.",2,This case is straightforward as the requested amount and purpose align well.,5,,286,,,,,,,
Application_403304705,rejected,1,2,7,junior_clerk,CheckDocuments,1477650690.0,,,2,"The documentation appears to be complete and straightforward, with no missing elements.",10,,494,,,,,,,
Application_403304705,rejected,1,3,7,junior_clerk,ForwardCase,1478275884.0,,,2,The case is straightforward with a reasonable amount for home improvement and a valid application type.,5,,563,,,,,normal,,
Application_403304705,rejected,1,4,7,senior_clerk,CheckCreditScore,1478858130.0,,,2,"The application is straightforward with complete documentation, but I need to verify credit data for a thorough assessment.",10,,672,,,,,,,
Application_403304705,rejected,1,5,7,senior_clerk,ValidateApplication,1480597050.0,risk_assessment,"The credit score is missing, which raises concerns about the applicant's creditworthiness. The monthly cost of EUR 100.0 over 110 terms indicates a long repayment period, but without a credit score, it is difficult to assess the risk accurately. The requested amount of EUR 8,500 aligns with the goal of home improvement, but the lack of credit score information makes this application borderline.",4,"The absence of a credit score complicates the assessment, making it harder to evaluate the applicant's financial health.",15,,765,,,,,,,
Application_403304705,rejected,1,6,7,senior_clerk,RequestAdditionalInfo,1483975176.0,reason,"Carlos, the credit score is missing from the credit bureau data, which raises concerns about the applicant's creditworthiness. Can you verify the credit score for this application?",4,The missing credit score complicates the assessment process.,10,,1037,,,,,,,
Application_403304705,rejected,1,7,7,junior_clerk,ReturnApplicationEarly,1483976226.0,,,5,The absence of a credit score makes it impossible to evaluate the application properly.,5,,1263,,,,,,,
Application_536009009,rejected,0,1,8,junior_clerk,IntakeApplication,1476972876.0,initial_notes,"The requested amount of EUR 17,500 seems reasonable for a car loan, as it aligns with typical financing for purchasing a vehicle. There is nothing unusual about the loan goal or application type.",2,This case is straightforward as the amount aligns with the purpose.,5,,273,,,,,,,
Application_536009009,rejected,0,2,8,junior_clerk,CheckDocuments,1477583730.0,,,2,The documentation appears to be in order for a standard car loan application.,5,,494,,,,,,,
Application_536009009,rejected,0,3,8,junior_clerk,ForwardCase,1478265048.0,,,2,The case is straightforward with no unusual elements.,5,,563,,,,,normal,,
Application_536009009,rejected,0,4,8,senior_clerk,CheckCreditScore,1478776410.0,,,2,Standard case with complete documentation and reasonable loan request.,10,,672,,,,,,,
Application_536009009,rejected,0,5,8,senior_clerk,ValidateApplication,1480524810.0,risk_assessment,"The applicant has a strong credit score of 787, which is well within acceptable limits. The monthly cost of EUR 345.57 is manageable given the offered amount of EUR 17,500 and the number of terms (56). Overall, the profile appears solid and consistent with the loan goal of purchasing a car.",2,The case is straightforward with complete documentation and a solid credit profile.,15,,765,,,,,,,
Application_536009009,rejected,0,6,8,senior_clerk,EscalateCase,1483956036.0,,,2,The case is straightforward with no surprises and all data aligning well.,15,,1036,,,,,,approve,
Application_536009009,rejected,0,7,8,credit_officer,AssessRisk,1483964136.0,,,2,The case is straightforward with no unusual factors or surprises.,10,,1301,,,,,,,medium
Application_536009009,rejected,0,8,8,credit_officer,RejectLoan,1484039340.0,rejection_notes,"While the applicant has a strong credit score and the requested amount is reasonable, the extended loan term poses a risk that cannot be overlooked.",3,The case presented a solid credit profile but the long loan term raised concerns about financial sustainability.,3,,1555,,,,,,,
Application_580014021,approved,0,1,8,junior_clerk,IntakeApplication,1476974676.0,initial_notes,"The requested amount of EUR 25,000 seems reasonable for home improvement, as such projects can vary widely in cost. However, I will need to check the documentation to ensure everything is in order.",2,This case appears straightforward as the amount aligns with the stated goal.,5,,286,,,,,,,
Application_580014021,approved,0,2,8,junior_clerk,CheckDocuments,1477641930.0,,,2,The documentation appears to be in order for a home improvement loan.,10,,509,,,,,,,
Application_580014021,approved,0,3,8,junior_clerk,ForwardCase,1478271822.0,,,2,The application is straightforward with a reasonable amount for home improvement.,5,,578,,,,,normal,,
Application_580014021,approved,0,4,8,senior_clerk,CheckCreditScore,1478779410.0,,,2,"The case is straightforward with complete documentation, but credit data is pending.",15,,687,,,,,,,
Application_580014021,approved,0,5,8,senior_clerk,ValidateApplication,1480583610.0,risk_assessment,"The applicant has a strong credit profile with a high credit score of 974, which indicates excellent creditworthiness. The monthly cost of EUR 468.83 is manageable within the context of the offered amount of EUR 25,000 for home improvement. The number of terms is reasonable, allowing for a structured repayment plan. Overall, the application appears solid and consistent with the stated loan goal.",2,The case is straightforward with complete documentation and a strong credit profile.,15,,780,,,,,,,
Application_580014021,approved,0,6,8,senior_clerk,EscalateCase,1483956696.0,,,2,The case is straightforward with all documentation in order and a solid credit profile.,15,,1051,,,,,,approve,
Application_580014021,approved,0,7,8,credit_officer,AssessRisk,1483972236.0,,,2,The case is straightforward with complete documentation and a strong credit profile.,10,,1316,,,,,,,low
Application_580014021,approved,0,8,8,credit_officer,ApproveLoan,1484040660.0,,,2,The case is straightforward with a strong credit profile and manageable monthly costs.,5,,1567,,,,,,,
Application_1778799137,rejected,0,1,7,junior_clerk,IntakeApplication,1476979920.0,initial_notes,"The requested amount of EUR 21,000 for an existing loan takeover seems reasonable, as it could cover a significant portion of an existing loan. However, I will need to verify the documentation to ensure everything aligns properly.",2,"The case is straightforward, but I need to check the documentation for completeness.",10,,293,,,,,,,
Application_1778799137,rejected,0,2,7,junior_clerk,CheckDocuments,1477659786.0,,,2,The documentation appears to be in order for a loan takeover application.,10,,519,,,,,,,
Application_1778799137,rejected,0,3,7,junior_clerk,ForwardCase,1478512764.0,,,2,The case is straightforward as the requested amount aligns with the loan goal of an existing loan takeover.,5,,588,,,,,normal,,
Application_1778799137,rejected,0,4,7,senior_clerk,CheckCreditScore,1478861130.0,,,2,"The case involves a loan takeover, which typically has straightforward documentation requirements.",15,,697,,,,,,,
Application_1778799137,rejected,0,5,7,senior_clerk,ValidateApplication,1480605690.0,risk_assessment,The application is not acceptable due to the lack of a credit score and the offered amount being significantly lower than the requested amount. The monthly cost is also high relative to the offered amount.,4,The absence of a credit score and the discrepancy between the requested and offered amounts made this case more challenging to assess.,15,,791,,,,,,,
Application_1778799137,rejected,0,6,7,senior_clerk,EscalateCase,1483976364.0,,,4,"The case presented significant issues with credit data and application alignment, requiring thorough analysis.",15,,1063,,,,,,reject,
Application_1778799137,rejected,0,7,7,credit_officer,RejectLoan,1484041740.0,rejection_notes,The application is rejected due to insufficient credit information and the offered amount being inadequate for the requested loan takeover.,2,The case was straightforward but complicated by the absence of a credit score.,15,,1327,,,,,,,
Application_904306212,approved,0,1,8,junior_clerk,IntakeApplication,1476976476.0,initial_notes,"The requested amount of EUR 19,000 for an existing loan takeover seems reasonable, as it is common for such takeovers to require substantial sums. However, I will need to verify the documentation to ensure everything aligns properly.",2,"This case appears straightforward, but I need to check the documents to confirm.",5,,292,,,,,,,
Application_904306212,approved,0,2,8,junior_clerk,CheckDocuments,1477648290.0,,,2,The documentation appears to be complete and aligns with the loan goal of an existing loan takeover.,10,,518,,,,,,,
Application_904306212,approved,0,3,8,junior_clerk,ForwardCase,1478273004.0,,,2,The application is straightforward with a reasonable amount for the stated goal.,5,,587,,,,,normal,,
Application_904306212,approved,0,4,8,senior_clerk,CheckCreditScore,1478855130.0,,,3,"The case involves a loan takeover, which typically requires thorough credit assessment.",15,,696,,,,,,,
Application_904306212,approved,0,5,8,senior_clerk,ValidateApplication,1480588410.0,risk_assessment,"The credit score of 877 is excellent, indicating a strong credit history. The monthly cost of EUR 249.83 is manageable given the offered amount of EUR 19,000 and the number of terms (89) suggests a reasonable repayment plan. Overall, the profile appears solid for the requested loan takeover.",2,The case is straightforward with complete documentation and an excellent credit score.,15,,789,,,,,,,
Application_904306212,approved,0,6,8,senior_clerk,EscalateCase,1483957356.0,,,2,The case is straightforward with all necessary documentation and credit data aligning well.,15,,1060,,,,,,approve,
Application_904306212,approved,0,7,8,credit_officer,AssessRisk,1483980336.0,,,2,This case is straightforward due to the excellent credit score and reasonable loan purpose.,10,,1325,,,,,,,low
Application_904306212,approved,0,8,8,credit_officer,ApproveLoan,1484051160.0,,,2,The case is straightforward with all documentation complete and a strong credit profile.,5,,1576,,,,,,,
Application_492258182,rejected,1,1,8,junior_clerk,IntakeApplication,1476981720.0,initial_notes,"The requested amount of EUR 5,000 seems reasonable for home improvement purposes. There is nothing unusual about this application at first glance.",2,This case is straightforward and aligns with typical loan requests.,5,,285,,,,,,,
Application_492258182,rejected,1,2,8,junior_clerk,CheckDocuments,1477662570.0,,,2,The documentation appears to be standard for a home improvement loan.,5,,457,,,,,,,
Application_492258182,rejected,1,3,8,junior_clerk,ForwardCase,1478513568.0,,,2,The case is straightforward with a reasonable amount for the stated goal.,5,,526,,,,,normal,,
Application_492258182,rejected,1,4,8,senior_clerk,CheckCreditScore,1478867130.0,,,2,The application appears straightforward with no initial red flags.,10,,635,,,,,,,
Application_492258182,rejected,1,5,8,senior_clerk,ValidateApplication,1480673130.0,risk_assessment,"The credit score is missing, which raises concerns about the applicant's creditworthiness. The monthly cost of EUR 100.25 against the offered amount of EUR 5,000 and the number of terms (58) suggests a long repayment period, which could indicate potential financial strain. Without a credit score, it is difficult to assess the risk accurately.",4,"The absence of a credit score complicates the assessment process significantly, making it harder to evaluate the applicant's creditworthiness.",15,,728,,,,,,,
Application_492258182,rejected,1,6,8,senior_clerk,RequestAdditionalInfo,1484048844.0,reason,"Carlos, the credit score is missing from the credit bureau data, which raises concerns about the applicant's creditworthiness. Can you verify whether the credit score can be obtained?",4,The missing credit score complicates the assessment of the applicant's creditworthiness.,10,,1000,,,,,,,
Application_492258182,rejected,1,7,8,junior_clerk,CheckDocuments,1484051964.0,notes,"The credit score is missing from the credit bureau data, which is essential for assessing the applicant's creditworthiness.",3,The case is straightforward but lacks a crucial document.,5,,1229,,,,,,,
Application_492258182,rejected,1,8,8,junior_clerk,ReturnApplicationEarly,1484052510.0,,,3,The case is straightforward but lacks critical documentation.,5,,1427,,,,,,,
Application_139141595,approved,0,1,8,junior_clerk,IntakeApplication,1476981516.0,initial_notes,"The requested amount of EUR 25,000 seems reasonable for home improvement purposes, as such projects can often require significant funding. There is nothing unusual about the application type being new credit.",2,This case is straightforward with no apparent issues.,5,,286,,,,,,,
Application_139141595,approved,0,2,8,junior_clerk,CheckDocuments,1477660170.0,,,2,"The documentation appears to be complete and straightforward, with no missing elements.",5,,512,,,,,,,
Application_139141595,approved,0,3,8,junior_clerk,ForwardCase,1478513244.0,,,2,The case is straightforward with a reasonable amount for the stated purpose.,5,,581,,,,,normal,,
Application_139141595,approved,0,4,8,senior_clerk,CheckCreditScore,1478864130.0,,,2,The case is straightforward with a reasonable requested amount for home improvement.,10,,690,,,,,,,
Application_139141595,approved,0,5,8,senior_clerk,ValidateApplication,1480610490.0,risk_assessment,"The applicant has a strong credit score of 852, indicating a solid credit history. The monthly cost of EUR 254.56 is manageable within the offered amount of EUR 25,000 for home improvement, with a reasonable term of 120 months. Overall, the profile is consistent and presents a low risk.",2,The application is straightforward with complete documentation and a strong credit profile.,15,,784,,,,,,,
Application_139141595,approved,0,6,8,senior_clerk,EscalateCase,1483977024.0,,,2,The case is straightforward with no discrepancies or missing information.,10,,1055,,,,,,approve,
Application_139141595,approved,0,7,8,credit_officer,AssessRisk,1484049840.0,,,2,The case is straightforward with no unusual factors or surprises.,10,,1320,,,,,,,low
Application_139141595,approved,0,8,8,credit_officer,ApproveLoan,1484060580.0,,,2,The case was straightforward with no surprises and a strong credit profile.,3,,1571,,,,,,,
Application_1364469216,rejected,1,1,8,junior_clerk,IntakeApplication,1477041954.0,initial_notes,"The requested amount of EUR 10,000 seems reasonable for home improvement purposes. It aligns with typical costs for renovations, but I will need to check the documentation to ensure everything is in order.",2,This case appears straightforward as the amount requested is common for home improvement loans.,5,,287,,,,,,,
Application_1364469216,rejected,1,2,8,junior_clerk,CheckDocuments,1477671690.0,,,2,The documentation appears to be complete and in order for a home improvement loan.,5,,513,,,,,,,
Application_1364469216,rejected,1,3,8,junior_clerk,ForwardCase,1478514960.0,,,2,The case is straightforward with a reasonable amount for home improvement.,5,,582,,,,,normal,,
Application_1364469216,rejected,1,4,8,senior_clerk,CheckCreditScore,1478877030.0,,,2,This case is straightforward as the requested amount aligns with typical home improvement costs.,10,,691,,,,,,,
Application_1364469216,rejected,1,5,8,senior_clerk,ValidateApplication,1480691370.0,risk_assessment,"The credit score is not available, which raises concerns about the applicant's creditworthiness. The monthly cost of EUR 100.0 and the number of terms (134) suggest a long repayment period, but without a credit score, it's difficult to assess the risk accurately.",4,The absence of a credit score complicates the assessment process significantly.,15,,785,,,,,,,
Application_1364469216,rejected,1,6,8,senior_clerk,RequestAdditionalInfo,1484121984.0,reason,"Carlos, the credit score is not available in the credit bureau data, which raises concerns about the applicant's creditworthiness. Can you verify if there is any additional information regarding the applicant's credit score?",4,The lack of a credit score complicates the assessment of the applicant's creditworthiness.,10,,1057,,,,,,,
Application_1364469216,rejected,1,7,8,junior_clerk,CheckDocuments,1484125104.0,notes,"The documentation appears complete, but I will check if there is any additional information regarding the applicant's creditworthiness that may not be in the credit bureau data.",3,"The case is straightforward, but the lack of credit score raises a concern.",10,,1303,,,,,,,
Application_1364469216,rejected,1,8,8,junior_clerk,ReturnApplicationEarly,1484125860.0,,,4,The absence of a credit score complicates the assessment of the application.,5,,1553,,,,,,,
Application_577888910,rejected,0,1,8,junior_clerk,IntakeApplication,1477037520.0,initial_notes,"The requested amount of EUR 40,000 seems reasonable for the goal of covering remaining debt on a home. However, I will need to verify the documentation to ensure everything aligns properly.",2,"This case appears straightforward at first glance, but I need to check the documents to confirm.",5,,289,,,,,,,
Application_577888910,rejected,0,2,8,junior_clerk,CheckDocuments,1477664970.0,,,2,The documentation appears to be complete and aligns with the requested amount and loan goal.,10,,504,,,,,,,
Application_577888910,rejected,0,3,8,junior_clerk,ForwardCase,1478514048.0,,,2,The case is straightforward as the requested amount aligns with the loan goal of covering remaining home debt.,5,,573,,,,,normal,,
Application_577888910,rejected,0,4,8,senior_clerk,CheckCreditScore,1478871030.0,,,3,This case requires standard credit score verification to assess the applicant's creditworthiness.,15,,682,,,,,,,
Application_577888910,rejected,0,5,8,senior_clerk,ValidateApplication,1480677930.0,risk_assessment,"The applicant has a credit score of 1023, which is above the acceptable threshold. The monthly cost of EUR 605.88 for a loan of EUR 40,000 over 75 terms is manageable and aligns with the loan goal of covering remaining debt on a home. Overall, the profile appears solid and consistent.",2,The case is straightforward with complete documentation and a solid credit score.,15,,776,,,,,,,
Application_577888910,rejected,0,6,8,senior_clerk,EscalateCase,1484049504.0,,,2,The case is straightforward with all documentation complete and credit data aligning well with the application.,15,,1047,,,,,,approve,
Application_577888910,rejected,0,7,8,credit_officer,AssessRisk,1484059260.0,,,2,"The case is straightforward, but the long repayment term and high loan amount require careful consideration.",15,,1312,,,,,,,medium
Application_577888910,rejected,0,8,8,credit_officer,RejectLoan,1484127684.0,rejection_notes,"Despite a good credit score, the long repayment term of 75 months and the high loan amount relative to income present significant risks that cannot be overlooked. The financial stability of the applicant may be compromised if their situation changes.",3,The case presented a good credit score but had significant risk factors that needed careful consideration.,15,,1566,,,,,,,
Application_1273931422,rejected,1,1,7,junior_clerk,IntakeApplication,1477051188.0,initial_notes,"The requested amount of EUR 27,500 for a car loan seems reasonable, as it could cover a mid-range vehicle. However, since this is a limit raise application, it raises questions about the applicant's current credit limit and their ability to repay a higher amount. No unusual elements stand out at this moment.",2,This case is straightforward but requires further verification due to the limit raise application type.,5,,275,,,,,,,
Application_1273931422,rejected,1,2,7,junior_clerk,CheckDocuments,1477906890.0,,,3,"The documentation appears to be complete, but the limit raise application type raises questions about the applicant's current financial situation.",5,,501,,,,,,,
Application_1273931422,rejected,1,3,7,junior_clerk,ForwardCase,1478516268.0,,,2,The case is straightforward with complete documentation and a reasonable amount for the stated goal.,5,,570,,,,,normal,,
Application_1273931422,rejected,1,4,7,senior_clerk,CheckCreditScore,1479112830.0,,,2,This case is straightforward as the application data is complete and reasonable for a car loan.,10,,679,,,,,,,
Application_1273931422,rejected,1,5,7,senior_clerk,ValidateApplication,1480936410.0,risk_assessment,"The credit score is missing, which raises concerns about the applicant's creditworthiness. The monthly cost of EUR 300.0 over 126 terms indicates a long repayment period, but the offered amount of EUR 30,000 exceeds the requested amount, which could suggest the applicant is seeking a higher limit than necessary. Overall, the lack of a credit score and the nature of the application as a limit raise make this case borderline.",4,"The absence of a credit score complicates the assessment, making it difficult to evaluate the applicant's creditworthiness.",15,,773,,,,,,,
Application_1273931422,rejected,1,6,7,senior_clerk,RequestAdditionalInfo,1484141124.0,reason,"Carlos, the credit score is missing from the credit bureau data, which raises concerns about the applicant's creditworthiness. Can you verify the credit score for this application?",4,The missing credit score complicates the assessment of the applicant's financial reliability.,5,,1045,,,,,,,
Application_1273931422,rejected,1,7,7,junior_clerk,ReturnApplicationEarly,1484141880.0,,,4,The missing credit score makes it impossible to assess the application properly.,5,,1271,,,,,,,
Application_496050212,approved,0,1,8,junior_clerk,IntakeApplication,1477037796.0,initial_notes,"The requested amount of EUR 10,000 seems reasonable for home improvement purposes, as it can cover various renovation projects. There is nothing unusual about the application type being new credit.",2,This case is straightforward as the amount aligns with the stated goal.,5,,286,,,,,,,
Application_496050212,approved,0,2,8,junior_clerk,CheckDocuments,1477666506.0,,,2,The documentation appears to be standard for a home improvement loan application.,5,,509,,,,,,,
Application_496050212,approved,0,3,8,junior_clerk,ForwardCase,1478514480.0,,,2,The case is straightforward with a reasonable amount for the stated purpose.,5,,578,,,,,normal,,
Application_496050212,approved,0,4,8,senior_clerk,CheckCreditScore,1478874030.0,,,2,The case is straightforward with complete documentation and a reasonable loan amount.,10,,687,,,,,,,
Application_496050212,approved,0,5,8,senior_clerk,ValidateApplication,1480682730.0,risk_assessment,"The applicant has a strong credit score of 929, which is well above the acceptable threshold. The monthly cost of EUR 300.07 is manageable within the context of the requested amount of EUR 10,000 for home improvement, and the terms of 36 months are standard. Overall, the profile appears solid and consistent with the application goals.",2,The application is straightforward with complete documentation and a strong credit score.,15,,780,,,,,,,
Application_496050212,approved,0,6,8,senior_clerk,EscalateCase,1484050164.0,,,2,The case is straightforward with all data aligning well and no discrepancies.,10,,1051,,,,,,approve,
Application_496050212,approved,0,7,8,credit_officer,AssessRisk,1484126280.0,,,2,The case is straightforward with no unusual factors or concerns.,10,,1316,,,,,,,low
Application_496050212,approved,0,8,8,credit_officer,ApproveLoan,1484145204.0,,,2,The case is straightforward with a strong credit score and manageable monthly cost.,5,,1567,,,,,,,
Application_1276203911,rejected,0,1,8,junior_clerk,IntakeApplication,1477042836.0,initial_notes,"The requested amount of EUR 12,500 for an existing loan takeover seems reasonable, as it is common for such cases to involve significant sums. There is nothing unusual about the application type being new credit.",2,This case is straightforward as the amount aligns with the loan goal.,5,,293,,,,,,,
Application_1276203911,rejected,0,2,8,junior_clerk,CheckDocuments,1477673226.0,,,2,The documentation appears to be standard for an existing loan takeover.,5,,519,,,,,,,
Application_1276203911,rejected,0,3,8,junior_clerk,ForwardCase,1478515368.0,,,2,The case is straightforward with complete documentation and a reasonable amount for the stated goal.,5,,588,,,,,normal,,
Application_1276203911,rejected,0,4,8,senior_clerk,CheckCreditScore,1478880030.0,,,2,This case is straightforward with complete documentation and a reasonable loan request.,10,,697,,,,,,,
Application_1276203911,rejected,0,5,8,senior_clerk,ValidateApplication,1480696170.0,risk_assessment,"The credit score of 736 is within an acceptable range, indicating a solid credit profile. The monthly cost of EUR 125.23 is manageable given the offered amount of EUR 12,500 for an existing loan takeover, which is a common and reasonable request. The number of terms at 130 suggests a longer repayment period, but it aligns with the loan goal. Overall, the profile appears consistent and solid.",2,The application is straightforward with no discrepancies in the credit data.,15,,791,,,,,,,
Application_1276203911,rejected,0,6,8,senior_clerk,EscalateCase,1484122644.0,,,2,The case is straightforward with all necessary information provided and no discrepancies.,15,,1062,,,,,,approve,
Application_1276203911,rejected,0,7,8,credit_officer,AssessRisk,1484135784.0,,,2,The case is straightforward but the purpose of the loan raises some concerns.,10,,1327,,,,,,,medium
Application_1276203911,rejected,0,8,8,credit_officer,RejectLoan,1484146608.0,rejection_notes,"Despite a solid credit score, the purpose of the loan raises concerns about the applicant's financial stability, which is critical for the bank's risk management.",3,The case presented a reasonable request but raised significant concerns due to the loan purpose.,3,,1581,,,,,,,
Application_1294558199,rejected,1,1,7,junior_clerk,IntakeApplication,1477058010.0,initial_notes,"The requested amount of EUR 25,000 seems reasonable for home improvement, as such projects can vary widely in cost. There is nothing unusual about the loan goal or application type.",2,This case is straightforward as the amount aligns with the purpose.,5,,287,,,,,,,
Application_1294558199,rejected,1,2,7,junior_clerk,CheckDocuments,1477912716.0,,,2,The documentation appears to be complete and aligns with the requested amount and purpose.,10,,494,,,,,,,
Application_1294558199,rejected,1,3,7,junior_clerk,ForwardCase,1478516820.0,,,2,The case is straightforward with a reasonable amount for home improvement.,5,,563,,,,,normal,,
Application_1294558199,rejected,1,4,7,senior_clerk,CheckCreditScore,1479118830.0,,,2,The case appears straightforward with complete documentation and a reasonable loan goal.,10,,672,,,,,,,
Application_1294558199,rejected,1,5,7,senior_clerk,ValidateApplication,1480949850.0,risk_assessment,"The credit score is missing, which raises concerns about the applicant's creditworthiness. The monthly cost of EUR 295.81 against the offered amount of EUR 25,000 for 100 terms indicates a significant long-term financial commitment, which may not be sustainable without a solid credit history. Therefore, the application is borderline and requires further scrutiny.",4,The absence of a credit score makes this case more challenging to assess.,15,,767,,,,,,,
Application_1294558199,rejected,1,6,7,senior_clerk,RequestAdditionalInfo,1484213604.0,reason,"Carlos, the credit score is missing from the credit bureau data, which raises concerns about the applicant's creditworthiness. Can you verify the credit score for this application?",4,The missing credit score complicates the assessment of the applicant's creditworthiness.,10,,1039,,,,,,,
Application_1294558199,rejected,1,7,7,junior_clerk,ReturnApplicationEarly,1484214150.0,,,3,"The case was straightforward, but the missing credit score created a clear reason for return.",5,,1265,,,,,,,
Application_1944447595,rejected,0,1,8,junior_clerk,IntakeApplication,1477047876.0,initial_notes,"The requested amount of EUR 35,000 for an existing loan takeover seems reasonable, as it is common to seek larger amounts for consolidating debts. However, I will need to verify the documentation to ensure everything aligns with this request.",2,This case is straightforward as the amount aligns with the loan goal.,5,,293,,,,,,,
Application_1944447595,rejected,0,2,8,junior_clerk,CheckDocuments,1477902906.0,,,2,The documentation appears to be complete and valid for the stated loan purpose.,10,,519,,,,,,,
Application_1944447595,rejected,0,3,8,junior_clerk,ForwardCase,1478515440.0,,,2,The application is straightforward with a reasonable amount for the stated goal.,5,,588,,,,,normal,,
Application_1944447595,rejected,0,4,8,senior_clerk,CheckCreditScore,1478883030.0,,,2,"The case involves a standard loan takeover, which is typically straightforward to assess.",15,,697,,,,,,,
Application_1944447595,rejected,0,5,8,senior_clerk,ValidateApplication,1480927770.0,risk_assessment,"The applicant has a strong credit score of 891, indicating a solid credit history. The monthly cost of EUR 596.08 for the offered amount of EUR 37,500 over 71 terms is manageable and aligns with the loan goal of taking over an existing loan. Overall, the profile is consistent and presents a low risk.",2,The case is straightforward with a solid credit score and reasonable loan request.,15,,790,,,,,,,
Application_1944447595,rejected,0,6,8,senior_clerk,EscalateCase,1484123304.0,,,2,The case is straightforward with no discrepancies in the application or credit data.,15,,1061,,,,,,approve,
Application_1944447595,rejected,0,7,8,credit_officer,AssessRisk,1484143884.0,,,2,The case is straightforward with a strong credit score but requires careful consideration of the existing loan takeover.,15,,1326,,,,,,,medium
Application_1944447595,rejected,0,8,8,credit_officer,RejectLoan,1484214252.0,rejection_notes,"While the applicant has a strong credit score, the offered amount and the high monthly payment present potential risks that cannot be overlooked.",4,The case presented conflicting signals regarding the offered amount and the applicant's financial burden.,15,,1580,,,,,,,
Application_1980887074,rejected,0,1,8,junior_clerk,IntakeApplication,1477056708.0,initial_notes,"The requested amount of EUR 19,000 seems reasonable for home improvement purposes, as it can cover significant renovations or upgrades. There is nothing unusual about the application type being new credit.",2,This case is straightforward as the amount aligns well with the stated goal.,5,,287,,,,,,,
Application_1980887074,rejected,0,2,8,junior_clerk,CheckDocuments,1477910316.0,,,2,The application appears straightforward with a reasonable amount and purpose.,5,,513,,,,,,,
Application_1980887074,rejected,0,3,8,junior_clerk,ForwardCase,1478516340.0,,,2,The application is straightforward with a reasonable amount for home improvement.,5,,582,,,,,normal,,
Application_1980887074,rejected,0,4,8,senior_clerk,CheckCreditScore,1479115830.0,,,2,This case is straightforward as it involves a common loan purpose and amount.,15,,691,,,,,,,
Application_1980887074,rejected,0,5,8,senior_clerk,ValidateApplication,1480941210.0,risk_assessment,"The applicant has a solid credit score of 785, which is well above the acceptable threshold. The monthly cost of EUR 199.22 is manageable given the offered amount of EUR 19,000 and the number of terms is reasonable at 117. Overall, the application appears to be consistent and aligns with the stated loan goal of home improvement.",2,The case is straightforward with no discrepancies in the application or credit data.,15,,785,,,,,,,
Application_1980887074,rejected,0,6,8,senior_clerk,EscalateCase,1484141784.0,,,2,This case was straightforward with no surprises and all data aligned well.,15,,1056,,,,,,approve,
Application_1980887074,rejected,0,7,8,credit_officer,AssessRisk,1484212308.0,,,2,"The case is straightforward with no unusual factors, but the long repayment term raises some concerns.",10,,1321,,,,,,,medium
Application_1980887074,rejected,0,8,8,credit_officer,RejectLoan,1484215656.0,rejection_notes,"Despite a solid credit score, the long repayment term and high loan amount present a medium risk that cannot be overlooked. The potential for financial instability over such a long period is concerning.",3,The case presented a solid credit score but raised concerns due to the long repayment term and high loan amount.,15,,1575,,,,,,,
Application_1602891050,rejected,1,1,7,junior_clerk,IntakeApplication,1477058508.0,initial_notes,"The requested amount of EUR 5,000 seems reasonable for a motorcycle loan, as it aligns with typical costs for purchasing a motorcycle. There is nothing unusual about this application at first glance.",2,This case is straightforward as the amount requested is typical for the stated goal.,5,,280,,,,,,,
Application_1602891050,rejected,1,2,7,junior_clerk,CheckDocuments,1477912746.0,,,2,The application appears straightforward with no unusual elements to verify.,10,,505,,,,,,,
Application_1602891050,rejected,1,3,7,junior_clerk,ForwardCase,1478517294.0,,,2,The case is straightforward with a reasonable amount for the stated goal.,5,,574,,,,,normal,,
Application_1602891050,rejected,1,4,7,senior_clerk,CheckCreditScore,1479121830.0,,,2,This case is straightforward as the application appears complete and the requested amount is reasonable.,10,,683,,,,,,,
Application_1602891050,rejected,1,5,7,senior_clerk,ValidateApplication,1481012490.0,risk_assessment,"The credit score is missing, which raises concerns about the applicant's creditworthiness. The monthly cost of EUR 152.82 for a loan amount of EUR 5,000 over 36 terms is manageable, but without a credit score, it is difficult to assess the overall risk. This application is borderline due to the lack of credit score information.",4,The absence of a credit score complicates the assessment despite the reasonable loan amount and terms.,15,,776,,,,,,,
Application_1602891050,rejected,1,6,7,senior_clerk,RequestAdditionalInfo,1484231424.0,reason,"Carlos, the credit score is missing from the credit bureau data, which raises concerns about the applicant's creditworthiness. Can you verify the applicant's credit score? This information is crucial for assessing the risk of the loan.",4,The absence of the credit score makes this case more complicated than usual.,10,,1048,,,,,,,
Application_1602891050,rejected,1,7,7,junior_clerk,ReturnApplicationEarly,1484232474.0,,,5,The lack of a credit score made this case difficult to assess properly.,5,,1294,,,,,,,
Application_1056831748,rejected,0,1,8,junior_clerk,IntakeApplication,1477062210.0,initial_notes,"The requested amount of EUR 36,000 for home improvement seems reasonable, as home renovations can often be quite costly. However, I will need to verify the documentation to ensure everything is in order.",2,"This case appears straightforward at first glance, but I need to check the documents to confirm.",5,,287,,,,,,,
Application_1056831748,rejected,0,2,8,junior_clerk,CheckDocuments,1477915596.0,,,2,The documentation appears to be in order for this application.,10,,513,,,,,,,
Application_1056831748,rejected,0,3,8,junior_clerk,ForwardCase,1478517300.0,,,2,The case is straightforward with a reasonable amount for home improvement.,5,,582,,,,,normal,,
Application_1056831748,rejected,0,4,8,senior_clerk,CheckCreditScore,1479124830.0,,,2,"Standard case with complete documentation, awaiting credit score check.",15,,691,,,,,,,
Application_1056831748,rejected,0,5,8,senior_clerk,ValidateApplication,1481017290.0,risk_assessment,"The credit profile appears solid with a credit score of 732, which is above the acceptable threshold. The monthly cost of EUR 374.71 is manageable within the context of the offered amount of EUR 36,800 over 120 terms. The requested amount aligns well with the purpose of home improvement, indicating a reasonable use of funds. Overall, the application is consistent and presents a low risk.",2,The case is straightforward with no discrepancies in the application and credit data.,15,,785,,,,,,,
Application_1056831748,rejected,0,6,8,senior_clerk,EscalateCase,1484232084.0,,,2,The case was straightforward with all necessary information provided and no discrepancies found.,15,,1056,,,,,,approve,
Application_1056831748,rejected,0,7,8,credit_officer,AssessRisk,1484240184.0,,,2,"The case is straightforward with solid credit data, but I want to verify income stability.",10,,1321,,,,,,,medium
Application_1056831748,rejected,0,8,8,credit_officer,RejectLoan,1484299728.0,rejection_notes,"While the credit score is solid, the lack of detailed income information raises concerns about the applicant's ability to manage the monthly payments alongside existing obligations.",4,"The case had a solid credit score but lacked sufficient income verification, making it more complex than usual.",3,,1575,,,,,,,
Application_206790509,rejected,1,1,8,junior_clerk,IntakeApplication,1477064988.0,initial_notes,"The requested amount of EUR 5,300 for an existing loan takeover seems reasonable, as it could potentially cover a small loan. However, I will need to verify the documentation to ensure everything aligns properly.",2,This case is straightforward as the amount requested is within a normal range for loan takeovers.,5,,291,,,,,,,
Application_206790509,rejected,1,2,8,junior_clerk,CheckDocuments,1477918476.0,,,2,The documentation appears to be straightforward and complete for this type of application.,10,,517,,,,,,,
Application_206790509,rejected,1,3,8,junior_clerk,ForwardCase,1478517780.0,,,2,The request is reasonable and the documentation is complete.,5,,586,,,,,normal,,
Application_206790509,rejected,1,4,8,senior_clerk,CheckCreditScore,1479127830.0,,,2,"The case involves a reasonable requested amount for an existing loan takeover, but requires credit data for thorough assessment.",10,,695,,,,,,,
Application_206790509,rejected,1,5,8,senior_clerk,ValidateApplication,1481025930.0,risk_assessment,"The credit score is missing, which raises concerns about the applicant's creditworthiness. The monthly cost of EUR 161.99 for a loan of EUR 5,300 over 36 terms is manageable, but without a credit score, we cannot fully assess the risk. Therefore, I recommend a conditional approval pending further verification of the applicant's credit history.",4,"The absence of a credit score complicates the assessment process, making it harder to evaluate the applicant's risk profile.",15,,788,,,,,,,
Application_206790509,rejected,1,6,8,senior_clerk,RequestAdditionalInfo,1484303904.0,reason,"Carlos, the credit score is missing from the credit bureau data, which raises concerns about the applicant's creditworthiness. Can you verify if there is any issue with obtaining the credit score?",4,The missing credit score complicates the assessment significantly.,10,,1060,,,,,,,
Application_206790509,rejected,1,7,8,junior_clerk,CheckDocuments,1484307024.0,notes,"The credit score is missing from the credit bureau data, which is essential for assessing the applicant's creditworthiness.",3,The case is straightforward but lacks a critical document.,5,,1302,,,,,,,
Application_206790509,rejected,1,8,8,junior_clerk,ReturnApplicationEarly,1484307444.0,,,2,The absence of a credit score made it clear that the application could not be processed further.,5,,1500,,,,,,,
Application_994315361,rejected,1,1,7,junior_clerk,IntakeApplication,1477068810.0,initial_notes,"The requested amount of EUR 5,000 seems reasonable for a car loan, as it could cover a down payment or a used vehicle. There is nothing unusual about this application at first glance.",2,This case is straightforward as the amount aligns with the loan goal.,5,,272,,,,,,,
Application_994315361,rejected,1,2,7,junior_clerk,CheckDocuments,1477919706.0,,,2,The documentation appears to be standard for a car loan application.,5,,481,,,,,,,
Application_994315361,rejected,1,3,7,junior_clerk,ForwardCase,1478518260.0,,,2,The application is straightforward and aligns well with typical car loan requests.,5,,550,,,,,normal,,
Application_994315361,rejected,1,4,7,senior_clerk,CheckCreditScore,1479130830.0,,,2,The case appears straightforward with no initial red flags.,10,,659,,,,,,,
Application_994315361,rejected,1,5,7,senior_clerk,ValidateApplication,1481034570.0,risk_assessment,"The credit score is missing, which raises concerns about the applicant's creditworthiness. The monthly cost of EUR 97.4 for a loan of EUR 5,000 over 60 terms is reasonable, but without a credit score, we cannot assess the risk accurately. Therefore, this application is borderline and requires further review.",4,"The absence of a credit score complicates the assessment, making it difficult to evaluate the applicant's creditworthiness.",15,,750,,,,,,,
Application_994315361,rejected,1,6,7,senior_clerk,RequestAdditionalInfo,1484321724.0,reason,"Carlos, the credit score is missing from the credit bureau data, which raises concerns about the applicant's creditworthiness. Can you verify if there is any additional information regarding the applicant's credit score?",4,The missing credit score complicates the assessment of the applicant's creditworthiness.,5,,1022,,,,,,,
Application_994315361,rejected,1,7,7,junior_clerk,ReturnApplicationEarly,1484322480.0,,,4,The absence of a credit score makes it impossible to assess the application properly.,5,,1268,,,,,,,
Application_1096460123,approved,0,1,8,junior_clerk,IntakeApplication,1477298082.0,initial_notes,"The requested amount of EUR 55,000 for an existing loan takeover seems reasonable, as it may cover a significant outstanding balance. However, I will need to check the documentation to ensure everything aligns properly.",2,This case is straightforward as the amount aligns with the loan goal.,5,,293,,,,,,,
Application_1096460123,approved,0,2,8,junior_clerk,CheckDocuments,1477922586.0,,,2,The documentation appears to be in order for a loan takeover.,10,,519,,,,,,,
Application_1096460123,approved,0,3,8,junior_clerk,ForwardCase,1478518740.0,,,2,"The request is reasonable for an existing loan takeover, and documentation is complete.",5,,588,,,,,normal,,
Application_1096460123,approved,0,4,8,senior_clerk,CheckCreditScore,1479137730.0,,,3,"The case involves a loan takeover, which typically requires thorough credit analysis.",15,,697,,,,,,,
Application_1096460123,approved,0,5,8,senior_clerk,ValidateApplication,1481111190.0,risk_assessment,"The application is solid, with a high credit score of 844, a reasonable monthly cost of EUR 560.02, and the offered amount matches the requested amount for an existing loan takeover. The terms are within acceptable limits, indicating a manageable repayment structure.",2,The case is straightforward with all necessary documentation complete and the credit data aligning with the application.,15,,791,,,,,,,
Application_1096460123,approved,0,6,8,senior_clerk,EscalateCase,1484322384.0,,,2,The case is straightforward with all necessary information provided and aligned.,15,,1062,,,,,,approve,
Application_1096460123,approved,0,7,8,credit_officer,AssessRisk,1484560884.0,,,2,The case is straightforward with no surprises in the documentation or credit assessment.,10,,1327,,,,,,,low
Application_1096460123,approved,0,8,8,credit_officer,ApproveLoan,1484570304.0,,,2,The case is straightforward with complete documentation and a solid credit profile.,5,,1578,,,,,,,
Application_109718783,rejected,1,1,8,junior_clerk,IntakeApplication,1477300362.0,initial_notes,"The requested amount of EUR 25,000 seems reasonable for home improvement purposes. There is nothing unusual about the application type being new credit.",2,This case is straightforward as the amount aligns with the stated goal.,5,,286,,,,,,,
Application_109718783,rejected,1,2,8,junior_clerk,CheckDocuments,1477924986.0,,,2,"The documentation appears to be complete and valid, requiring standard checks.",5,,464,,,,,,,
Application_109718783,rejected,1,3,8,junior_clerk,ForwardCase,1478519220.0,,,2,The case is straightforward with a reasonable amount for the stated goal.,5,,533,,,,,normal,,
Application_109718783,rejected,1,4,8,senior_clerk,CheckCreditScore,1479197730.0,,,2,This case is straightforward as the requested amount aligns with the stated loan goal and the documentation is complete.,10,,642,,,,,,,
Application_109718783,rejected,1,5,8,senior_clerk,ValidateApplication,1481124630.0,risk_assessment,"The credit score is not available, which raises concerns about the applicant's creditworthiness. The monthly cost of EUR 254.56 over 120 terms indicates a long repayment period, but without a credit score, it's difficult to assess the risk accurately. The requested amount of EUR 25,000 aligns with the loan goal of home improvement, but the lack of credit score is a significant red flag.",4,The absence of a credit score makes this case harder to assess.,15,,737,,,,,,,
Application_109718783,rejected,1,6,8,senior_clerk,RequestAdditionalInfo,1484567664.0,reason,"Carlos, the credit score is not available, which raises concerns about the applicant's creditworthiness. Can you verify if there is an issue with the credit bureau data or if we should expect the score to be provided shortly?",4,The absence of a credit score complicates the assessment significantly.,10,,1009,,,,,,,
Application_109718783,rejected,1,7,8,junior_clerk,CheckDocuments,1484570784.0,notes,"I have verified the documentation and found that all required documents are present and valid. However, I cannot verify the credit score data as it is not available in the system. This raises concerns about the applicant's creditworthiness, which was flagged by the Senior Clerk.",3,The case is straightforward but has an issue with the credit score data that needs clarification.,5,,1255,,,,,,,
Application_109718783,rejected,1,8,8,junior_clerk,ReturnApplicationEarly,1484571330.0,,,3,The case was straightforward but lacked critical credit information.,5,,1528,,,,,,,
Application_1639814791,approved,0,1,8,junior_clerk,IntakeApplication,1477299810.0,initial_notes,"The requested amount of EUR 25,000 seems reasonable for home improvement, as it can cover significant renovations. There is nothing unusual about the application type being new credit.",2,This case is straightforward as the amount aligns with the stated goal.,5,,287,,,,,,,
Application_1639814791,approved,0,2,8,junior_clerk,CheckDocuments,1477923276.0,,,2,The documentation appears to be standard for a home improvement loan.,5,,497,,,,,,,
Application_1639814791,approved,0,3,8,junior_clerk,ForwardCase,1478519010.0,,,2,The case is straightforward with a reasonable amount for the stated goal.,5,,566,,,,,normal,,
Application_1639814791,approved,0,4,8,senior_clerk,CheckCreditScore,1479140730.0,,,2,This case is straightforward as the requested amount aligns with the loan goal and the documentation is complete.,10,,675,,,,,,,
Application_1639814791,approved,0,5,8,senior_clerk,ValidateApplication,1481115990.0,risk_assessment,"The applicant has a strong credit score of 816, which is well above the acceptable range. The monthly cost of EUR 461.78 is manageable within the context of the offered amount of EUR 25,000 for home improvement. The loan terms are reasonable at 60 months, indicating a structured repayment plan. Overall, the profile is solid and consistent with the loan goal.",2,The application is straightforward with complete documentation and a solid credit score.,15,,768,,,,,,,
Application_1639814791,approved,0,6,8,senior_clerk,EscalateCase,1484323044.0,,,2,The case is straightforward with all data aligning well.,10,,1039,,,,,,approve,
Application_1639814791,approved,0,7,8,credit_officer,AssessRisk,1484568984.0,,,2,The case is straightforward with no unusual factors to consider.,10,,1304,,,,,,,low
Application_1639814791,approved,0,8,8,credit_officer,ApproveLoan,1484571624.0,,,2,The case is straightforward with a strong credit score and manageable monthly cost.,5,,1547,,,,,,,
Application_1281070255,rejected,1,1,8,junior_clerk,IntakeApplication,1477301610.0,initial_notes,"The requested amount of EUR 10,000 seems reasonable for an existing loan takeover, as this amount could potentially cover the remaining balance of a typical loan. There is nothing unusual about the loan goal or application type.",2,This case is straightforward as it aligns well with common loan takeover requests.,5,,293,,,,,,,
Application_1281070255,rejected,1,2,8,junior_clerk,CheckDocuments,1477925676.0,,,2,The documentation appears to be straightforward and complete for the loan takeover.,10,,519,,,,,,,
Application_1281070255,rejected,1,3,8,junior_clerk,ForwardCase,1478519490.0,,,2,The case is straightforward with a reasonable amount for the stated goal.,5,,588,,,,,normal,,
Application_1281070255,rejected,1,4,8,senior_clerk,CheckCreditScore,1479200730.0,,,2,This case is straightforward as the requested amount aligns with the loan goal.,15,,697,,,,,,,
Application_1281070255,rejected,1,5,8,senior_clerk,ValidateApplication,1481187270.0,risk_assessment,"The credit score is missing, which raises concerns about the applicant's creditworthiness. The monthly cost of EUR 141.72 over 84 terms indicates a long repayment period, but without a credit score, we cannot assess the risk adequately. The offered amount of EUR 10,000 aligns with the loan goal, but the lack of a credit score is a significant red flag.",4,The absence of a credit score complicates the assessment significantly.,15,,791,,,,,,,
Application_1281070255,rejected,1,6,8,senior_clerk,RequestAdditionalInfo,1484585484.0,reason,"Carlos, the credit score is missing from the credit bureau data, which raises concerns about the applicant's creditworthiness. Can you verify whether there is a credit score available for this applicant?",4,The missing credit score creates uncertainty in assessing the applicant's risk profile.,5,,1063,,,,,,,
Application_1281070255,rejected,1,7,8,junior_clerk,CheckDocuments,1484642604.0,notes,"The credit score is missing from the credit bureau data, which is essential for assessing the applicant's creditworthiness.",3,The case is straightforward but lacks a crucial document.,5,,1309,,,,,,,
Application_1281070255,rejected,1,8,8,junior_clerk,ReturnApplicationEarly,1484643150.0,,,3,The case was straightforward but ultimately incomplete due to missing credit score.,5,,1507,,,,,,,
Application_633655173,rejected,1,1,8,junior_clerk,IntakeApplication,1477302162.0,initial_notes,"The requested amount of EUR 8,000 seems reasonable for home improvement purposes. It aligns with typical renovation costs, but I will need to ensure that the documentation supports this request.",2,This case appears straightforward as the amount requested is common for home improvement loans.,5,,285,,,,,,,
Application_633655173,rejected,1,2,8,junior_clerk,CheckDocuments,1477927386.0,,,2,"The documentation appears to be complete, but I need to verify the specifics to ensure everything aligns with the requested amount.",10,,505,,,,,,,
Application_633655173,rejected,1,3,8,junior_clerk,ForwardCase,1478519700.0,,,2,The case is straightforward with a reasonable amount for the stated loan goal.,5,,574,,,,,normal,,
Application_633655173,rejected,1,4,8,senior_clerk,CheckCreditScore,1479203730.0,,,2,This case is straightforward as the requested amount aligns with typical home improvement costs.,15,,683,,,,,,,
Application_633655173,rejected,1,5,8,senior_clerk,ValidateApplication,1481195910.0,risk_assessment,"The credit score is missing, which raises concerns about the applicant's creditworthiness. The monthly cost of EUR 200.12 over 45 terms indicates a significant financial commitment, but without a credit score, it is difficult to assess the overall risk accurately. The offered amount of EUR 8,000 aligns with typical home improvement costs, but the lack of credit score data makes this application borderline.",4,"The absence of a credit score complicates the assessment process, making it challenging to evaluate the applicant's financial reliability.",15,,776,,,,,,,
Application_633655173,rejected,1,6,8,senior_clerk,RequestAdditionalInfo,1484657304.0,reason,"Carlos, the credit score is missing from the credit bureau data, which raises concerns about the applicant's creditworthiness. Can you verify if there was an issue retrieving the credit score?",4,The absence of the credit score complicates the assessment significantly.,5,,1048,,,,,,,
Application_633655173,rejected,1,7,8,junior_clerk,CheckDocuments,1484660424.0,notes,"Checked the documentation for completeness. However, the credit score is missing from the credit bureau data, which raises concerns about the applicant's creditworthiness. I will verify if there was an issue retrieving the credit score.",3,The case is straightforward but has a missing credit score issue that needs addressing.,5,,1286,,,,,,,
Application_633655173,rejected,1,8,8,junior_clerk,ReturnApplicationEarly,1484661474.0,,,5,The lack of a credit score made this case difficult to assess properly.,5,,1559,,,,,,,
Application_1558264214,rejected,0,1,8,junior_clerk,IntakeApplication,1477310478.0,initial_notes,"The requested amount of EUR 15,000 seems reasonable for a car loan, as it aligns with typical vehicle financing. There is nothing unusual about the application type being new credit for this purpose.",2,This case is straightforward as the amount and purpose align well with common lending practices.,5,,274,,,,,,,
Application_1558264214,rejected,0,2,8,junior_clerk,CheckDocuments,1477988586.0,,,2,The application is straightforward with no unusual elements to check.,10,,499,,,,,,,
Application_1558264214,rejected,0,3,8,junior_clerk,ForwardCase,1478520390.0,,,2,The case is straightforward with a reasonable amount for a car loan.,5,,568,,,,,normal,,
Application_1558264214,rejected,0,4,8,senior_clerk,CheckCreditScore,1479206730.0,,,2,This case is straightforward as the application is complete and the requested amount aligns with typical vehicle financing.,10,,677,,,,,,,
Application_1558264214,rejected,0,5,8,senior_clerk,ValidateApplication,1481202150.0,risk_assessment,"The credit score of 624 is below the acceptable threshold for this loan amount. Given the monthly cost of EUR 150.0 over 127 terms, the total repayment will be significantly high relative to the applicant's creditworthiness. This raises concerns about the applicant's ability to manage the loan effectively.",3,The case presents a low credit score which raises immediate concerns about the applicant's ability to repay the loan.,15,,770,,,,,,,
Application_1558264214,rejected,0,6,8,senior_clerk,EscalateCase,1484658162.0,,,3,The case presented a clear risk due to the low credit score and high repayment terms.,15,,1042,,,,,,reject,
Application_1558264214,rejected,0,7,8,credit_officer,AssessRisk,1484666262.0,,,2,The case is straightforward but has a significant risk factor due to the low credit score.,15,,1306,,,,,,,high
Application_1558264214,rejected,0,8,8,credit_officer,RejectLoan,1484667342.0,rejection_notes,"The applicant's credit score does not meet the necessary criteria for the requested loan amount, which poses a significant risk to the bank.",2,The case was straightforward but had a clear reason for rejection based on credit score.,3,,1558,,,,,,,
Application_1207519267,rejected,1,1,8,junior_clerk,IntakeApplication,1477312572.0,initial_notes,"The requested amount of EUR 7,500 seems reasonable for a car loan, as it is a typical amount for financing a vehicle. There is nothing unusual about the loan goal or application type.",2,This case is straightforward as it aligns with common consumer lending practices for car loans.,5,,273,,,,,,,
Application_1207519267,rejected,1,2,8,junior_clerk,CheckDocuments,1477991196.0,,,2,The documentation appears to be complete and straightforward for a car loan application.,5,,482,,,,,,,
Application_1207519267,rejected,1,3,8,junior_clerk,ForwardCase,1478520870.0,,,2,The case is straightforward with no unusual elements.,5,,551,,,,,normal,,
Application_1207519267,rejected,1,4,8,senior_clerk,CheckCreditScore,1479209730.0,,,2,Standard case with typical loan amount and goal.,10,,660,,,,,,,
Application_1207519267,rejected,1,5,8,senior_clerk,ValidateApplication,1481210790.0,risk_assessment,"The credit score is missing, which raises concerns about the applicant's creditworthiness. The monthly cost of EUR 199.5 over 42 terms results in a total repayment amount that may be burdensome given the lack of credit score data. Therefore, this application is deemed borderline and requires further investigation.",4,"The absence of a credit score complicates the assessment, making it difficult to determine the applicant's creditworthiness.",15,,752,,,,,,,
Application_1207519267,rejected,1,6,8,senior_clerk,RequestAdditionalInfo,1484729982.0,reason,"Carlos, the credit score is missing from the credit bureau data, which raises concerns about the applicant's creditworthiness. Can you verify whether there is an issue with the credit report or if it was simply not provided?",4,The missing credit score complicates the assessment significantly.,5,,1024,,,,,,,
Application_1207519267,rejected,1,7,8,junior_clerk,CheckDocuments,1484734302.0,notes,"The credit score is missing from the credit bureau data, which raises concerns about the applicant's creditworthiness. I will check if there is an issue with the credit report or if it was simply not provided.",4,The missing credit score complicates the assessment of the applicant's creditworthiness.,5,,1270,,,,,,,
Application_1207519267,rejected,1,8,8,junior_clerk,ReturnApplicationEarly,1484735058.0,,,4,The missing credit score makes it impossible to assess the case properly.,5,,1545,,,,,,,
Application_498556066,rejected,0,1,8,junior_clerk,IntakeApplication,1477314372.0,initial_notes,"The requested amount of EUR 25,000 for home improvement seems reasonable, as home renovations can often require significant funding. There is nothing unusual about the application type being new credit.",2,This case is straightforward as the amount aligns with the stated goal.,5,,286,,,,,,,
Application_498556066,rejected,0,2,8,junior_clerk,CheckDocuments,1477993596.0,,,2,The documentation appears to be complete and straightforward for a home improvement loan.,5,,512,,,,,,,
Application_498556066,rejected,0,3,8,junior_clerk,ForwardCase,1478521482.0,,,2,The case is straightforward with a reasonable amount for the stated goal.,5,,581,,,,,normal,,
Application_498556066,rejected,0,4,8,senior_clerk,CheckCreditScore,1479212730.0,,,2,This case is straightforward as it involves a reasonable loan amount for a common purpose.,10,,690,,,,,,,
Application_498556066,rejected,0,5,8,senior_clerk,ValidateApplication,1481271030.0,risk_assessment,"The credit score of 809 is excellent, indicating a strong credit history. However, the offered amount of EUR 20,000 is below the requested amount of EUR 25,000, which raises concerns about the adequacy of funding for the stated home improvement goal. The monthly cost of EUR 205.49 over 120 terms is manageable, but the discrepancy in the requested and offered amounts makes this case borderline.",3,"The case is straightforward but has a notable discrepancy between the requested and offered amounts, which requires careful consideration.",15,,784,,,,,,,
Application_498556066,rejected,0,6,8,senior_clerk,EscalateCase,1484730840.0,,,3,The case presented a strong credit profile but had a significant discrepancy between the requested and offered amounts.,15,,1055,,,,,,conditional,
Application_498556066,rejected,0,7,8,credit_officer,AssessRisk,1484738940.0,,,2,The case is straightforward but requires careful consideration of the gap between requested and offered amounts.,10,,1324,,,,,,,medium
Application_498556066,rejected,0,8,8,credit_officer,RejectLoan,1484740344.0,rejection_notes,"The applicant's credit score is excellent, but the gap between the requested and offered amount raises concerns about the adequacy of funding for the intended home improvement.",3,"The case presented a clear gap between the requested and offered amount, which required careful consideration of risk.",3,,1578,,,,,,,
Application_1411809915,rejected,1,1,8,junior_clerk,IntakeApplication,1477314636.0,initial_notes,"The requested amount of EUR 18,000 seems reasonable for a car loan, depending on the type of vehicle being purchased. There is nothing unusual about the application at this stage.",2,This case is straightforward as it aligns with typical car loan requests.,5,,274,,,,,,,
Application_1411809915,rejected,1,2,8,junior_clerk,CheckDocuments,1477995852.0,,,2,The documentation appears to be standard for a car loan application.,5,,479,,,,,,,
Application_1411809915,rejected,1,3,8,junior_clerk,ForwardCase,1478521770.0,,,2,The case is straightforward with a reasonable amount for a car loan.,5,,548,,,,,normal,,
Application_1411809915,rejected,1,4,8,senior_clerk,CheckCreditScore,1479216390.0,,,2,This case is straightforward as the requested amount aligns with the loan goal and documentation is complete.,10,,657,,,,,,,
Application_1411809915,rejected,1,5,8,senior_clerk,ValidateApplication,1481279670.0,risk_assessment,"The credit score is missing, which raises concerns about the applicant's creditworthiness. The offered amount of EUR 16,000 is lower than the requested EUR 18,000, indicating potential risk in meeting the loan goal. The monthly cost of EUR 296.93 over 60 terms is significant and may strain the applicant's finances without a solid credit history to support it.",4,"The absence of a credit score complicates the assessment, making it hard to gauge the applicant's financial reliability.",15,,751,,,,,,,
Application_1411809915,rejected,1,6,8,senior_clerk,RequestAdditionalInfo,1484748660.0,reason,"Carlos, the credit score is missing from the credit bureau data, which raises concerns about the applicant's creditworthiness. Can you verify whether the credit score can be obtained?",4,The missing credit score complicates the assessment of the applicant's creditworthiness.,10,,1023,,,,,,,
Application_1411809915,rejected,1,7,8,junior_clerk,CheckDocuments,1484751780.0,notes,"The credit score is missing from the credit bureau data, which is essential for assessing the applicant's creditworthiness.",3,The case is straightforward but lacks a critical document.,5,,1252,,,,,,,
Application_1411809915,rejected,1,8,8,junior_clerk,ReturnApplicationEarly,1484752326.0,,,3,The case is straightforward but lacks critical documentation.,5,,1450,,,,,,,
Application_1930612093,approved,0,1,8,junior_clerk,IntakeApplication,1477316436.0,initial_notes,"The requested amount of EUR 17,000 seems reasonable for a car loan, depending on the type of vehicle being purchased. No unusual factors noted at this stage.",2,This case is straightforward as the amount aligns with the stated goal.,5,,274,,,,,,,
Application_1930612093,approved,0,2,8,junior_clerk,CheckDocuments,1477995996.0,,,2,The case is straightforward with no unusual factors to check.,5,,457,,,,,,,
Application_1930612093,approved,0,3,8,junior_clerk,ForwardCase,1478521962.0,,,2,The application is straightforward with no unusual factors.,5,,526,,,,,normal,,
Application_1930612093,approved,0,4,8,senior_clerk,CheckCreditScore,1479219390.0,,,2,This case is straightforward with complete documentation and a reasonable loan request.,10,,635,,,,,,,
Application_1930612093,approved,0,5,8,senior_clerk,ValidateApplication,1481284470.0,risk_assessment,"The credit profile is solid, with a good credit score of 778, a reasonable monthly cost of EUR 221.43, and the requested amount aligns with the offered amount. The loan terms of 90 months are acceptable for a car loan.",2,The case is straightforward with no conflicting information and all necessary documentation provided.,15,,728,,,,,,,
Application_1930612093,approved,0,6,8,senior_clerk,EscalateCase,1484749320.0,,,2,The case was straightforward with all necessary information provided and no discrepancies found.,15,,999,,,,,,approve,
Application_1930612093,approved,0,7,8,credit_officer,AssessRisk,1484757420.0,,,2,This case is straightforward with no unusual factors or surprises.,10,,1264,,,,,,,low
Application_1930612093,approved,0,8,8,credit_officer,ApproveLoan,1484758740.0,,,2,The case is straightforward with solid credit data and no unusual factors.,5,,1500,,,,,,,
Application_1193407725,rejected,1,1,7,junior_clerk,IntakeApplication,1477318236.0,initial_notes,"The requested amount of EUR 30,000 seems reasonable for home improvement, as it can cover significant renovations or upgrades. There is nothing unusual about the application type being new credit.",2,This case is straightforward as the amount aligns well with the stated goal.,5,,287,,,,,,,
Application_1193407725,rejected,1,2,7,junior_clerk,CheckDocuments,1477998396.0,,,2,The documentation appears to be complete and valid for a home improvement loan.,5,,509,,,,,,,
Application_1193407725,rejected,1,3,7,junior_clerk,ForwardCase,1478522250.0,,,2,The case is straightforward with a reasonable amount for the stated goal.,5,,578,,,,,normal,,
Application_1193407725,rejected,1,4,7,senior_clerk,CheckCreditScore,1479222390.0,,,2,The case is straightforward with complete documentation and a reasonable loan request.,10,,687,,,,,,,
Application_1193407725,rejected,1,5,7,senior_clerk,ValidateApplication,1481293110.0,risk_assessment,"The credit score is missing, which raises concerns about the applicant's creditworthiness. The monthly cost of EUR 554.14 against the offered amount of EUR 30,000 for home improvement is significant, especially considering the number of terms is 60. This could lead to financial strain if the applicant's income is not sufficient to cover the monthly payments. Without a credit score, it is difficult to assess the overall risk accurately.",4,"The absence of a credit score complicates the assessment, making it harder to evaluate the risk profile.",15,,781,,,,,,,
Application_1193407725,rejected,1,6,7,senior_clerk,RequestAdditionalInfo,1484821140.0,reason,"Carlos, the credit score is missing from the credit bureau data, which raises concerns about the applicant's creditworthiness. Can you verify the credit score for this application?",4,The missing credit score complicates the assessment of the applicant's creditworthiness.,5,,1053,,,,,,,
Application_1193407725,rejected,1,7,7,junior_clerk,ReturnApplicationEarly,1484821896.0,,,4,The lack of a credit score makes it impossible to evaluate the applicant's financial situation properly.,5,,1279,,,,,,,
Application_199304010,rejected,1,1,8,junior_clerk,IntakeApplication,1477321836.0,initial_notes,"The requested amount of EUR 8,000 seems reasonable for a car loan, as it aligns with typical financing for purchasing a vehicle. There is nothing unusual about the application at this stage.",2,This case is straightforward as the amount requested matches the loan goal.,5,,272,,,,,,,
Application_199304010,rejected,1,2,8,junior_clerk,CheckDocuments,1478003196.0,,,2,The documentation appears to be standard for a car loan application.,5,,488,,,,,,,
Application_199304010,rejected,1,3,8,junior_clerk,ForwardCase,1478523210.0,,,2,The case is straightforward with no unusual aspects to consider.,5,,557,,,,,normal,,
Application_199304010,rejected,1,4,8,senior_clerk,CheckCreditScore,1479288390.0,,,2,Standard case with complete documentation and reasonable loan request.,10,,666,,,,,,,
Application_199304010,rejected,1,5,8,senior_clerk,ValidateApplication,1481546790.0,risk_assessment,"The credit score is missing, which raises concerns about the applicant's creditworthiness. The monthly cost of EUR 443.56 against the offered amount of EUR 8,000 for 19 terms suggests a high repayment burden relative to the loan amount. Given the lack of a credit score, this application cannot be approved without further information.",4,The absence of a credit score complicates the assessment significantly.,15,,759,,,,,,,
Application_199304010,rejected,1,6,8,senior_clerk,RequestAdditionalInfo,1484841468.0,reason,"Carlos, the credit score is missing from the credit bureau data, which raises concerns about the applicant's creditworthiness. Can you verify whether the credit score can be obtained?",4,The missing credit score complicates the assessment of the applicant's creditworthiness.,10,,1031,,,,,,,
Application_199304010,rejected,1,7,8,junior_clerk,CheckDocuments,1484844588.0,notes,"The credit score is missing from the credit bureau data, which is essential for assessing the applicant's creditworthiness.",3,"The case is straightforward, but the missing credit score complicates the assessment.",5,,1260,,,,,,,
Application_199304010,rejected,1,8,8,junior_clerk,ReturnApplicationEarly,1484899344.0,,,4,The absence of a credit score makes it impossible to assess the application properly.,5,,1458,,,,,,,
Application_413991815,approved,0,1,8,junior_clerk,IntakeApplication,1477319412.0,initial_notes,"The requested amount of EUR 45,000 seems reasonable for home improvement, as it can cover significant renovations. Nothing unusual stands out at this point.",2,This case is straightforward as the amount aligns well with the stated goal.,5,,286,,,,,,,
Application_413991815,approved,0,2,8,junior_clerk,CheckDocuments,1477999008.0,,,2,The application appears straightforward with no unusual aspects to check.,10,,468,,,,,,,
Application_413991815,approved,0,3,8,junior_clerk,ForwardCase,1478522442.0,,,2,The case is straightforward with a reasonable amount for the stated purpose.,5,,537,,,,,normal,,
Application_413991815,approved,0,4,8,senior_clerk,CheckCreditScore,1479225390.0,,,2,The case is straightforward with complete documentation and a reasonable loan request.,10,,646,,,,,,,
Application_413991815,approved,0,5,8,senior_clerk,ValidateApplication,1481297910.0,risk_assessment,"The credit profile appears solid, with a credit score of 1025, which is well within acceptable limits. The monthly cost of EUR 458.2 is manageable given the offered amount of EUR 45,000 and the number of terms (120). Overall, the application aligns with the stated loan goal of home improvement and does not present any red flags.",2,"The case is straightforward, with complete documentation and a reasonable request that aligns with the loan goal.",15,,740,,,,,,,
Application_413991815,approved,0,6,8,senior_clerk,EscalateCase,1484821800.0,,,2,The case was straightforward with no discrepancies in the application and credit data.,15,,1011,,,,,,approve,
Application_413991815,approved,0,7,8,credit_officer,AssessRisk,1484829900.0,,,2,The case is straightforward with no unusual factors or concerns.,10,,1276,,,,,,,low
Application_413991815,approved,0,8,8,credit_officer,ApproveLoan,1484911500.0,,,2,The case is straightforward with no significant risk factors identified.,5,,1527,,,,,,,
Application_2004968371,rejected,0,1,8,junior_clerk,IntakeApplication,1477320036.0,initial_notes,"The requested amount of EUR 5,000 seems reasonable for a car loan, as it could cover a portion of a used vehicle or a small new car. There is nothing unusual about this application at first glance.",2,This case is straightforward as the amount aligns well with the loan goal.,5,,273,,,,,,,
Application_2004968371,rejected,0,2,8,junior_clerk,CheckDocuments,1478000796.0,,,2,The documentation appears to be standard for a car loan application.,5,,496,,,,,,,
Application_2004968371,rejected,0,3,8,junior_clerk,ForwardCase,1478522730.0,,,2,The application is straightforward with no unusual elements.,5,,565,,,,,normal,,
Application_2004968371,rejected,0,4,8,senior_clerk,CheckCreditScore,1479228390.0,,,2,This case is straightforward as the requested amount aligns with the loan goal.,10,,674,,,,,,,
Application_2004968371,rejected,0,5,8,senior_clerk,ValidateApplication,1481302710.0,risk_assessment,"The applicant has a credit score of 1089, which is within the acceptable range. The monthly cost of EUR 199.14 over 27 terms aligns well with the requested amount of EUR 5,000. The profile appears solid and consistent with the loan goal of purchasing a car.",2,The application is straightforward with complete documentation and a reasonable loan request.,15,,767,,,,,,,
Application_2004968371,rejected,0,6,8,senior_clerk,EscalateCase,1484822460.0,,,2,The case is straightforward with all necessary information provided and no discrepancies found.,10,,1038,,,,,,approve,
Application_2004968371,rejected,0,7,8,credit_officer,AssessRisk,1484838000.0,,,2,The case is straightforward with complete documentation and no unusual issues.,10,,1303,,,,,,,medium
Application_2004968371,rejected,0,8,8,credit_officer,RejectLoan,1484912904.0,rejection_notes,"While the application meets some criteria, the overall risk assessment indicates that the applicant's credit profile is not strong enough to approve the loan at this time.",3,"The case presented some risk factors that required careful consideration, particularly regarding the applicant's credit score and affordability.",15,,1557,,,,,,,
Application_200417599,rejected,1,1,8,junior_clerk,IntakeApplication,1477324812.0,initial_notes,"The requested amount of EUR 15,000 seems reasonable for a car loan, depending on the type of vehicle being purchased. No unusual aspects noted at this stage.",2,This case is straightforward as it aligns with typical car loan requests.,5,,273,,,,,,,
Application_200417599,rejected,1,2,8,junior_clerk,CheckDocuments,1478006208.0,,,2,"The documentation appears to be complete and valid, allowing for a straightforward review.",5,,456,,,,,,,
Application_200417599,rejected,1,3,8,junior_clerk,ForwardCase,1478523882.0,,,2,The case is straightforward with no unusual aspects noted.,5,,525,,,,,normal,,
Application_200417599,rejected,1,4,8,senior_clerk,CheckCreditScore,1479297390.0,,,2,This case is straightforward as the application and documentation are complete.,10,,634,,,,,,,
Application_200417599,rejected,1,5,8,senior_clerk,ValidateApplication,1481630070.0,risk_assessment,"The credit score is missing, which raises significant concerns about the applicant's creditworthiness. The monthly cost of EUR 278.38 for a loan of EUR 15,000 over 60 terms indicates a high repayment burden relative to the missing credit score. Without a credit score, it is difficult to assess the risk accurately, making this application borderline unacceptable.",4,"The absence of a credit score complicates the assessment, making it difficult to evaluate the applicant's creditworthiness.",15,,728,,,,,,,
Application_200417599,rejected,1,6,8,senior_clerk,RequestAdditionalInfo,1484916126.0,reason,"Carlos, the credit score is missing from the credit bureau data, which raises significant concerns about the applicant's creditworthiness. Can you verify the applicant's credit score?",4,The missing credit score complicates the assessment significantly.,10,,1000,,,,,,,
Application_200417599,rejected,1,7,8,junior_clerk,CheckDocuments,1484919246.0,notes,"The credit score is missing from the credit bureau data, which is essential for assessing the applicant's creditworthiness.",3,The case is straightforward but lacks a crucial document.,5,,1229,,,,,,,
Application_200417599,rejected,1,8,8,junior_clerk,ReturnApplicationEarly,1484919792.0,,,3,The case is straightforward but lacks a critical document.,5,,1427,,,,,,,
Application_1352726942,rejected,1,1,8,junior_clerk,IntakeApplication,1477326612.0,initial_notes,"The requested amount of EUR 16,000 for an existing loan takeover seems reasonable, as it could be used to consolidate or refinance a larger existing debt. However, I will need to check the documentation to ensure everything aligns properly.",2,"The case appears straightforward at first glance, but I need to verify the documentation.",5,,293,,,,,,,
Application_1352726942,rejected,1,2,8,junior_clerk,CheckDocuments,1478008608.0,,,2,"The documentation appears to be complete, but I need to verify specific details regarding the existing loan takeover.",10,,519,,,,,,,
Application_1352726942,rejected,1,3,8,junior_clerk,ForwardCase,1478524362.0,,,2,The request is reasonable for an existing loan takeover and the documentation is complete.,5,,588,,,,,normal,,
Application_1352726942,rejected,1,4,8,senior_clerk,CheckCreditScore,1479304290.0,,,2,This case is straightforward as it involves a standard loan takeover application.,10,,697,,,,,,,
Application_1352726942,rejected,1,5,8,senior_clerk,ValidateApplication,1481643510.0,risk_assessment,"The credit score is missing, which raises concerns about the applicant's creditworthiness. The monthly cost of EUR 296.93 for a 60-month term at the requested amount of EUR 16,000 indicates a high debt-to-income ratio, especially without a credit score to assess the overall risk. This case is borderline due to the lack of credit score data, making it difficult to fully evaluate the applicant's financial situation.",4,The absence of a credit score complicates the assessment process significantly.,15,,791,,,,,,,
Application_1352726942,rejected,1,6,8,senior_clerk,RequestAdditionalInfo,1485161406.0,reason,"Carlos, the credit score is missing from the credit bureau data, which raises concerns about the applicant's creditworthiness. Can you verify whether there is any additional information regarding the credit score?",4,The missing credit score adds uncertainty to the assessment.,10,,1063,,,,,,,
Application_1352726942,rejected,1,7,8,junior_clerk,CheckDocuments,1485164526.0,notes,"The documentation appears complete, but I will note that the credit score is missing from the credit bureau data, which is a concern for the Senior Clerk regarding the applicant's creditworthiness.",3,"The case is straightforward, but the missing credit score raises concerns about creditworthiness.",5,,1309,,,,,,,
Application_1352726942,rejected,1,8,8,junior_clerk,ReturnApplicationEarly,1485165576.0,,,5,The missing credit score makes this case difficult to assess properly.,5,,1579,,,,,,,
Application_159448414,rejected,0,1,8,junior_clerk,IntakeApplication,1477321212.0,initial_notes,"The requested amount of EUR 15,000 for an existing loan takeover seems reasonable, as it is a common range for such purposes. There is nothing unusual at first glance.",2,This case is straightforward as it aligns with typical loan takeover requests.,5,,292,,,,,,,
Application_159448414,rejected,0,2,8,junior_clerk,CheckDocuments,1478001408.0,,,2,The documentation appears to be standard for an existing loan takeover.,5,,485,,,,,,,
Application_159448414,rejected,0,3,8,junior_clerk,ForwardCase,1478522922.0,,,2,The case is straightforward with a reasonable amount for the stated goal.,5,,554,,,,,normal,,
Application_159448414,rejected,0,4,8,senior_clerk,CheckCreditScore,1479285390.0,,,2,The case is straightforward with complete documentation and a reasonable loan request.,10,,663,,,,,,,
Application_159448414,rejected,0,5,8,senior_clerk,ValidateApplication,1481538150.0,risk_assessment,"The application is concerning due to the absence of a credit score, which raises questions about the applicant's creditworthiness. The monthly cost of EUR 199.14 for 88 terms suggests a long repayment period, which could indicate financial strain. The offered amount matches the requested amount, but without a credit score, I cannot assess the risk adequately.",4,"The lack of a credit score complicates the assessment significantly, making it difficult to evaluate the applicant's financial reliability.",15,,757,,,,,,,
Application_159448414,rejected,0,6,8,senior_clerk,EscalateCase,1484823648.0,,,4,The absence of a credit score made this case particularly concerning and required thorough consideration of the implications.,15,,1029,,,,,,reject,
Application_159448414,rejected,0,7,8,credit_officer,AssessRisk,1484910180.0,,,4,The absence of a credit score and the implications of the long repayment term made this case particularly concerning.,15,,1293,,,,,,,high
Application_159448414,rejected,0,8,8,credit_officer,RejectLoan,1485173544.0,rejection_notes,"The application is rejected due to significant concerns regarding the applicant's creditworthiness, highlighted by the absence of a credit score and the high monthly repayment cost. These factors pose a high risk to the bank.",2,The case was straightforward but raised significant concerns due to the lack of credit score and high repayment terms.,3,,1545,,,,,,,
Application_346568508,rejected,1,1,7,junior_clerk,IntakeApplication,1477382412.0,initial_notes,"The requested amount of EUR 8,500 seems reasonable for a car loan, as it aligns with typical financing for a vehicle. There is nothing unusual about this application at first glance.",2,This case is straightforward as it matches common loan parameters.,5,,272,,,,,,,
Application_346568508,rejected,1,2,7,junior_clerk,CheckDocuments,1478011008.0,,,2,The documentation appears to be standard for a car loan application.,5,,480,,,,,,,
Application_346568508,rejected,1,3,7,junior_clerk,ForwardCase,1478524842.0,,,2,The case is straightforward with a reasonable amount for a car loan.,5,,549,,,,,normal,,
Application_346568508,rejected,1,4,7,senior_clerk,CheckCreditScore,1479310290.0,,,2,The case is straightforward with complete documentation and a reasonable loan amount.,10,,658,,,,,,,
Application_346568508,rejected,1,5,7,senior_clerk,ValidateApplication,1481710950.0,risk_assessment,"The credit score is missing, which raises concerns about the applicant's creditworthiness. The monthly cost of EUR 165.57 over 60 terms indicates a total repayment of EUR 9,934.20, which is higher than the requested amount, suggesting a potential issue with affordability. Without a credit score, it is difficult to assess the risk accurately.",4,"The absence of a credit score makes it challenging to evaluate the applicant's creditworthiness, adding complexity to the assessment.",15,,751,,,,,,,
Application_346568508,rejected,1,6,7,senior_clerk,RequestAdditionalInfo,1485179886.0,reason,"Carlos, the credit score is missing from the credit bureau data, which raises concerns about the applicant's creditworthiness. Can you verify the credit score for this application?",4,The missing credit score complicates the assessment of the applicant's creditworthiness.,5,,1023,,,,,,,
Application_346568508,rejected,1,7,7,junior_clerk,ReturnApplicationEarly,1485180642.0,,,4,The absence of a credit score makes it impossible to assess the application properly.,5,,1249,,,,,,,
Application_584717195,rejected,0,1,8,junior_clerk,IntakeApplication,1477323012.0,initial_notes,"The requested amount of EUR 15,000 for an existing loan takeover seems reasonable, as it aligns with typical amounts for such purposes. No unusual aspects noted at this stage.",2,This case is straightforward as the amount and purpose align well.,5,,292,,,,,,,
Application_584717195,rejected,0,2,8,junior_clerk,CheckDocuments,1478003808.0,,,2,The documentation appears to be complete and valid for the requested loan takeover.,5,,493,,,,,,,
Application_584717195,rejected,0,3,8,junior_clerk,ForwardCase,1478523402.0,,,2,The case is straightforward as the requested amount aligns with the loan goal.,5,,562,,,,,normal,,
Application_584717195,rejected,0,4,8,senior_clerk,CheckCreditScore,1479291390.0,,,2,"The case involves a standard loan takeover, which typically has clear parameters.",10,,671,,,,,,,
Application_584717195,rejected,0,5,8,senior_clerk,ValidateApplication,1481558790.0,risk_assessment,"The application is not acceptable due to the absence of a credit score. The monthly cost of EUR 207.21 and the offered amount of EUR 15,000 for 84 terms raises concerns about the applicant's ability to manage this loan without a credit history to assess risk.",5,"The absence of a credit score complicates the assessment significantly, making it hard to evaluate the applicant's creditworthiness.",15,,765,,,,,,,
Application_584717195,rejected,0,6,8,senior_clerk,EscalateCase,1484843118.0,,,5,The absence of a credit score made this case difficult to assess properly.,15,,1037,,,,,,reject,
Application_584717195,rejected,0,7,8,credit_officer,AssessRisk,1484927484.0,,,4,"The case is complicated due to the absence of a credit score, which is critical for assessing risk.",15,,1301,,,,,,,high
Application_584717195,rejected,0,8,8,credit_officer,RejectLoan,1485183048.0,rejection_notes,"The application is rejected due to the significant risk posed by the absence of a credit score, which prevents a comprehensive assessment of the applicant's creditworthiness. Additionally, the monthly cost of EUR 207.21 over 84 terms raises concerns about the applicant's ability to manage this loan effectively.",3,"The case was straightforward but complicated by the absence of a credit score, which is a critical factor in assessing creditworthiness.",3,,1553,,,,,,,
Application_229012140,rejected,0,1,8,junior_clerk,IntakeApplication,1477323636.0,initial_notes,"The requested amount of EUR 10,000 seems reasonable for home improvement purposes, as it can cover significant renovations or upgrades. There is nothing unusual about the application type being new credit.",2,This case is straightforward as the amount aligns well with the stated goal.,5,,286,,,,,,,
Application_229012140,rejected,0,2,8,junior_clerk,CheckDocuments,1478005596.0,,,2,"The documentation appears to be complete and straightforward, with no missing pieces.",5,,512,,,,,,,
Application_229012140,rejected,0,3,8,junior_clerk,ForwardCase,1478523690.0,,,2,The case is straightforward with a reasonable amount for the stated purpose.,5,,581,,,,,normal,,
Application_229012140,rejected,0,4,8,senior_clerk,CheckCreditScore,1479294390.0,,,2,Standard case with complete documentation and a reasonable loan request.,15,,690,,,,,,,
Application_229012140,rejected,0,5,8,senior_clerk,ValidateApplication,1481621430.0,risk_assessment,"The credit score is not available, which raises concerns about the applicant's creditworthiness. The monthly cost of EUR 439.07 is significant relative to the requested amount, and the offered amount matches the request, but the lack of a credit score makes it difficult to assess risk accurately. This case is borderline due to the absence of a credit score, which is a critical factor in evaluating the applicant's financial reliability.",4,The absence of a credit score complicates the assessment process significantly.,15,,784,,,,,,,
Application_229012140,rejected,0,6,8,senior_clerk,EscalateCase,1484844306.0,,,4,The lack of a credit score made this case more challenging to assess.,15,,1056,,,,,,reject,
Application_229012140,rejected,0,7,8,credit_officer,AssessRisk,1485172464.0,,,4,"The lack of a credit score complicates the risk assessment process, making it more challenging to evaluate the applicant's creditworthiness.",15,,1320,,,,,,,high
Application_229012140,rejected,0,8,8,credit_officer,RejectLoan,1485249828.0,rejection_notes,"The absence of a credit score significantly undermines the assessment of the applicant's creditworthiness, and the monthly cost is too high for the amount requested.",2,The case was straightforward but complicated by the lack of a credit score.,3,,1572,,,,,,,
Application_1027859705,rejected,1,1,8,junior_clerk,IntakeApplication,1477384836.0,initial_notes,"The requested amount of EUR 21,000 for a car loan seems reasonable, as it aligns with the typical cost of purchasing a new or used vehicle. There is nothing unusual about this application at first glance.",2,This case is straightforward as it matches common lending patterns for car loans.,5,,274,,,,,,,
Application_1027859705,rejected,1,2,8,junior_clerk,CheckDocuments,1478015196.0,,,2,The documentation appears standard for a car loan application.,10,,500,,,,,,,
Application_1027859705,rejected,1,3,8,junior_clerk,ForwardCase,1478525610.0,,,2,The case is straightforward as the requested amount aligns with the loan goal.,5,,569,,,,,normal,,
Application_1027859705,rejected,1,4,8,senior_clerk,CheckCreditScore,1479373290.0,,,2,This case is straightforward as the application data aligns with typical loan requests for a car.,10,,678,,,,,,,
Application_1027859705,rejected,1,5,8,senior_clerk,ValidateApplication,1481729190.0,risk_assessment,"The credit score is missing, which raises concerns about the applicant's creditworthiness. The monthly cost of EUR 401.77 is significant relative to the offered amount of EUR 21,000 over 58 terms, indicating a high repayment burden. Without a credit score, it is difficult to assess the risk accurately.",4,"The absence of a credit score complicates the assessment, making it harder to evaluate the applicant's financial reliability.",15,,772,,,,,,,
Application_1027859705,rejected,1,6,8,senior_clerk,RequestAdditionalInfo,1485253026.0,reason,"Carlos, the credit score is missing from the credit bureau data, which raises concerns about the applicant's creditworthiness. Can you verify the credit score for this application?",4,The missing credit score complicates the assessment of the applicant's profile.,10,,1044,,,,,,,
Application_1027859705,rejected,1,7,8,junior_clerk,CheckDocuments,1485257346.0,notes,"The credit score is missing from the credit bureau data, which is essential for assessing the applicant's creditworthiness.",4,The missing credit score complicates the assessment of the application.,5,,1270,,,,,,,
Application_1027859705,rejected,1,8,8,junior_clerk,ReturnApplicationEarly,1485257766.0,,,2,The case is straightforward but cannot proceed due to missing essential documentation.,5,,1468,,,,,,,
Application_844863430,approved,0,1,8,junior_clerk,IntakeApplication,1477325436.0,initial_notes,"The requested amount of EUR 40,000 for remaining debt on a home seems reasonable, assuming it aligns with the value of the property and the remaining balance. However, I will need to verify the documentation to ensure everything is in order.",2,This case is straightforward as it involves a common loan goal and amount.,5,,289,,,,,,,
Application_844863430,approved,0,2,8,junior_clerk,CheckDocuments,1478007996.0,,,2,The application appears straightforward with a reasonable amount for the stated goal.,10,,515,,,,,,,
Application_844863430,approved,0,3,8,junior_clerk,ForwardCase,1478524170.0,,,2,The application is straightforward and the amount aligns with the stated goal.,5,,584,,,,,normal,,
Application_844863430,approved,0,4,8,senior_clerk,CheckCreditScore,1479301290.0,,,3,"This case involves a standard loan application for a home, which is typical for my experience.",10,,693,,,,,,,
Application_844863430,approved,0,5,8,senior_clerk,ValidateApplication,1481634870.0,risk_assessment,"The credit score of 977 is excellent, and the offered amount of EUR 40,000 aligns with the monthly cost of EUR 628.02 over 72 terms. The application appears solid, assuming the property value supports the remaining debt.",2,The case is straightforward with complete documentation and a strong credit profile.,15,,786,,,,,,,
Application_844863430,approved,0,6,8,senior_clerk,EscalateCase,1484916786.0,,,2,The case was straightforward with all necessary information available and aligned.,15,,1057,,,,,,approve,
Application_844863430,approved,0,7,8,credit_officer,AssessRisk,1485181644.0,,,2,The application is straightforward with no surprises or missing information.,10,,1322,,,,,,,low
Application_844863430,approved,0,8,8,credit_officer,ApproveLoan,1485267348.0,,,2,The case is straightforward with no surprises and a solid credit profile.,5,,1543,,,,,,,
Application_1670398352,approved,0,1,8,junior_clerk,IntakeApplication,1477327236.0,initial_notes,"The requested amount of EUR 10,000 seems reasonable for a car loan, as it aligns with typical financing for a vehicle purchase. There is nothing unusual about the loan goal or application type.",2,This case is straightforward as it follows a common loan structure.,5,,274,,,,,,,
Application_1670398352,approved,0,2,8,junior_clerk,CheckDocuments,1478010396.0,,,2,The application appears straightforward with no unusual elements to check.,5,,493,,,,,,,
Application_1670398352,approved,0,3,8,junior_clerk,ForwardCase,1478524650.0,,,2,The case is straightforward with a reasonable amount for a car loan.,5,,562,,,,,normal,,
Application_1670398352,approved,0,4,8,senior_clerk,CheckCreditScore,1479307290.0,,,2,Standard credit check for a car loan application.,10,,671,,,,,,,
Application_1670398352,approved,0,5,8,senior_clerk,ValidateApplication,1481648310.0,risk_assessment,"The credit profile is solid, with a high credit score of 994, which indicates a very low risk of default. The monthly cost of EUR 200.95 is manageable given the offered amount of EUR 10,000 over 56 terms, suggesting that the applicant can comfortably meet the repayment obligations. Overall, the application aligns well with the loan goal of financing a car purchase.",2,The case is straightforward with complete documentation and a strong credit score.,15,,764,,,,,,,
Application_1670398352,approved,0,6,8,senior_clerk,EscalateCase,1485162066.0,,,2,The case is straightforward with all data aligning well and no discrepancies.,10,,1035,,,,,,approve,
Application_1670398352,approved,0,7,8,credit_officer,AssessRisk,1485248748.0,,,2,The case is straightforward with a solid credit profile and reasonable loan request.,5,,1300,,,,,,,low
Application_1670398352,approved,0,8,8,credit_officer,ApproveLoan,1485268668.0,,,2,The case is straightforward with a solid credit profile and reasonable loan request.,5,,1551,,,,,,,
Application_1857366417,rejected,1,1,8,junior_clerk,IntakeApplication,1477386636.0,initial_notes,"The requested amount of EUR 12,500 seems reasonable for home improvement purposes, as it can cover significant renovations or upgrades. There is nothing unusual about the application type being new credit.",2,This case is straightforward as the amount aligns well with the stated goal.,5,,287,,,,,,,
Application_1857366417,rejected,1,2,8,junior_clerk,CheckDocuments,1478017596.0,,,2,The documentation appears to be complete and straightforward.,5,,513,,,,,,,
Application_1857366417,rejected,1,3,8,junior_clerk,ForwardCase,1478526090.0,,,2,The application is straightforward with a reasonable amount for home improvement.,5,,582,,,,,normal,,
Application_1857366417,rejected,1,4,8,senior_clerk,CheckCreditScore,1479379290.0,,,2,The case appears straightforward with complete documentation and a reasonable loan amount.,10,,691,,,,,,,
Application_1857366417,rejected,1,5,8,senior_clerk,ValidateApplication,1481796630.0,risk_assessment,"The credit score is missing, which raises concerns about the applicant's creditworthiness. The monthly cost of EUR 305.66 over 45 terms for the requested amount of EUR 12,500 may indicate a high debt-to-income ratio, especially without a credit score to assess the overall risk. Therefore, this application is borderline and requires further scrutiny before making a recommendation.",4,"The absence of a credit score complicates the assessment, making it hard to evaluate the applicant's creditworthiness.",20,,785,,,,,,,
Application_1857366417,rejected,1,6,8,senior_clerk,RequestAdditionalInfo,1485271506.0,reason,"Carlos, the credit score is missing from the credit bureau data, which raises concerns about the applicant's creditworthiness. Can you verify whether the credit score can be obtained?",4,The missing credit score complicates the assessment of the applicant's creditworthiness.,10,,1057,,,,,,,
Application_1857366417,rejected,1,7,8,junior_clerk,CheckDocuments,1485274626.0,notes,"The credit score is missing from the credit bureau data, which is necessary to assess the applicant's creditworthiness.",3,The case is straightforward but lacks a critical piece of information.,5,,1286,,,,,,,
Application_1857366417,rejected,1,8,8,junior_clerk,ReturnApplicationEarly,1485275172.0,,,3,The case is straightforward but cannot be processed due to missing critical documentation.,5,,1480,,,,,,,
Application_776477117,approved,0,1,8,junior_clerk,IntakeApplication,1477383036.0,initial_notes,"The requested amount of EUR 15,600 seems reasonable for a car loan, depending on the type of vehicle being purchased. There is nothing unusual about the application type as it is a new credit request.",2,This case is straightforward as it aligns with typical car loan requests.,5,,273,,,,,,,
Application_776477117,approved,0,2,8,junior_clerk,CheckDocuments,1478012796.0,,,2,The documentation appears to be in order and complete for this car loan application.,10,,499,,,,,,,
Application_776477117,approved,0,3,8,junior_clerk,ForwardCase,1478525130.0,,,2,The case is straightforward with a reasonable amount for a car loan.,5,,568,,,,,normal,,
Application_776477117,approved,0,4,8,senior_clerk,CheckCreditScore,1479313290.0,,,2,"This case is straightforward as the application and documentation are complete, and the requested amount aligns with the loan goal.",10,,677,,,,,,,
Application_776477117,approved,0,5,8,senior_clerk,ValidateApplication,1481715750.0,risk_assessment,"The applicant has a strong credit score of 864, indicating a low risk of default. The monthly cost of EUR 289.51 is manageable within the context of the requested amount and loan terms. The offered amount matches the requested amount, and the loan goal aligns with the application type. Overall, the profile is solid and consistent.",2,The application is straightforward with complete documentation and a strong credit score.,15,,770,,,,,,,
Application_776477117,approved,0,6,8,senior_clerk,EscalateCase,1485180546.0,,,2,This case was straightforward with all necessary documentation in order and a strong credit profile.,15,,1041,,,,,,approve,
Application_776477117,approved,0,7,8,credit_officer,AssessRisk,1485257928.0,,,2,The case is straightforward with no unusual factors or surprises.,5,,1306,,,,,,,low
Application_776477117,approved,0,8,8,credit_officer,ApproveLoan,1485335688.0,,,2,The case is straightforward with a strong credit score and manageable monthly costs.,5,,1557,,,,,,,
Application_1286125502,approved,0,1,8,junior_clerk,IntakeApplication,1477384212.0,initial_notes,"The requested amount of EUR 10,000 seems reasonable for an existing loan takeover, as it typically aligns with the amounts needed to consolidate or refinance loans. There is nothing unusual about the application type being a new credit for this purpose.",2,This case is straightforward as the amount aligns with the stated goal.,5,,293,,,,,,,
Application_1286125502,approved,0,2,8,junior_clerk,CheckDocuments,1478013408.0,,,2,The documentation appears to be complete and valid for the purpose stated.,5,,519,,,,,,,
Application_1286125502,approved,0,3,8,junior_clerk,ForwardCase,1478525322.0,,,2,The case is straightforward as the requested amount aligns with the loan goal of existing loan takeover.,5,,588,,,,,normal,,
Application_1286125502,approved,0,4,8,senior_clerk,CheckCreditScore,1479370290.0,,,2,This case is straightforward as the requested amount aligns with the loan goal.,15,,697,,,,,,,
Application_1286125502,approved,0,5,8,senior_clerk,ValidateApplication,1481720550.0,risk_assessment,"The applicant has a strong credit score of 835, indicating a solid credit history. The monthly cost of EUR 194.81 is manageable given the offered amount of EUR 10,000 and the number of terms is reasonable at 58. Overall, the profile appears consistent and solid for the purpose of an existing loan takeover.",2,The case is straightforward with complete documentation and a strong credit score.,15,,790,,,,,,,
Application_1286125502,approved,0,6,8,senior_clerk,EscalateCase,1485181206.0,,,2,This case was straightforward with no surprises and all data aligned well.,10,,1061,,,,,,approve,
Application_1286125502,approved,0,7,8,credit_officer,AssessRisk,1485266028.0,,,2,The case is straightforward with no unusual factors or surprises.,10,,1326,,,,,,,low
Application_1286125502,approved,0,8,8,credit_officer,ApproveLoan,1485337008.0,,,2,The case is straightforward with a strong credit score and manageable monthly costs.,5,,1577,,,,,,,
Application_2014671768,rejected,1,1,8,junior_clerk,IntakeApplication,1477389612.0,initial_notes,"The requested amount of EUR 6,000 seems reasonable for an existing loan takeover, as it is a common amount for refinancing purposes. There is nothing unusual about the loan goal or application type.",2,This case is straightforward as the amount aligns well with the stated goal.,5,,292,,,,,,,
Application_2014671768,rejected,1,2,8,junior_clerk,CheckDocuments,1478074608.0,,,2,The documentation appears to be standard for a loan takeover case.,10,,516,,,,,,,
Application_2014671768,rejected,1,3,8,junior_clerk,ForwardCase,1478526762.0,,,2,The case is straightforward as the amount requested aligns well with the loan goal of existing loan takeover.,5,,585,,,,,normal,,
Application_2014671768,rejected,1,4,8,senior_clerk,CheckCreditScore,1479388950.0,,,2,"The case has a straightforward loan goal and amount, making it easy to assess.",10,,694,,,,,,,
Application_2014671768,rejected,1,5,8,senior_clerk,ValidateApplication,1481814870.0,risk_assessment,"The credit score is missing, which raises concerns about the applicant's creditworthiness. The monthly cost of EUR 100.0 over 72 terms indicates a long repayment period, but without a credit score, it's difficult to assess the risk accurately. The offered amount of EUR 6,000 aligns with the loan goal of existing loan takeover, but the lack of credit score is a significant red flag.",4,"The absence of a credit score complicates the assessment significantly, making it hard to evaluate the applicant's creditworthiness.",15,,786,,,,,,,
Application_2014671768,rejected,1,6,8,senior_clerk,RequestAdditionalInfo,1485344646.0,reason,"Carlos, the credit score is missing from the credit bureau data, which raises concerns about the applicant's creditworthiness. Can you verify whether there is an issue with the credit report or if it was simply not provided?",4,The absence of a credit score complicates the assessment of the applicant's creditworthiness.,5,,1058,,,,,,,
Application_2014671768,rejected,1,7,8,junior_clerk,CheckDocuments,1485348966.0,notes,"The credit score is missing from the credit bureau data, which is essential for assessing the applicant's creditworthiness. This is a critical piece of information that needs to be addressed before proceeding further with the application.",4,"The case is straightforward but lacks a crucial document, making it necessary to verify the missing credit score.",5,,1304,,,,,,,
Application_2014671768,rejected,1,8,8,junior_clerk,ReturnApplicationEarly,1485349512.0,,,3,The case is straightforward but cannot be processed due to missing critical information.,5,,1579,,,,,,,
Application_1688232773,approved,0,1,8,junior_clerk,IntakeApplication,1477386012.0,initial_notes,"The requested amount of EUR 25,000 for an existing loan takeover seems reasonable, as it could be used to consolidate or refinance a larger loan. However, I will need to check the documentation to confirm the validity of the application.",2,"This case appears straightforward at first glance, but I need to verify the documentation for any potential issues.",5,,293,,,,,,,
Application_1688232773,approved,0,2,8,junior_clerk,CheckDocuments,1478015808.0,,,2,The documentation appears complete for the stated loan takeover purpose.,10,,519,,,,,,,
Application_1688232773,approved,0,3,8,junior_clerk,ForwardCase,1478525802.0,,,2,The case is straightforward as the requested amount aligns with the loan goal of existing loan takeover.,5,,588,,,,,normal,,
Application_1688232773,approved,0,4,8,senior_clerk,CheckCreditScore,1479376290.0,,,2,"The case involves a reasonable loan amount for an existing loan takeover, but credit data is needed for a complete assessment.",15,,697,,,,,,,
Application_1688232773,approved,0,5,8,senior_clerk,ValidateApplication,1481733990.0,risk_assessment,"The profile is solid and consistent. The credit score of 890 is excellent, and the monthly cost of EUR 250 aligns well with the offered amount of EUR 25,000 over 126 terms. This indicates a manageable repayment plan for the client.",2,The case is straightforward with no discrepancies in the application and credit data.,15,,790,,,,,,,
Application_1688232773,approved,0,6,8,senior_clerk,EscalateCase,1485253686.0,,,2,The case was straightforward with no surprises and all data aligned well.,10,,1061,,,,,,approve,
Application_1688232773,approved,0,7,8,credit_officer,AssessRisk,1485276768.0,,,2,The case is straightforward with a solid credit profile and a reasonable loan purpose.,10,,1326,,,,,,,low
Application_1688232773,approved,0,8,8,credit_officer,ApproveLoan,1485354528.0,,,2,The case is straightforward with no surprises and all documentation in order.,5,,1577,,,,,,,
Application_1031465496,approved,0,1,8,junior_clerk,IntakeApplication,1477387812.0,initial_notes,"The requested amount of EUR 25,000 seems reasonable for home improvement purposes, as it can cover significant renovations or upgrades. There is nothing unusual about the application type being new credit.",2,This case is straightforward as the amount aligns well with the stated goal.,5,,287,,,,,,,
Application_1031465496,approved,0,2,8,junior_clerk,CheckDocuments,1478018208.0,,,2,The documentation appears to be complete and valid for a standard home improvement loan application.,5,,513,,,,,,,
Application_1031465496,approved,0,3,8,junior_clerk,ForwardCase,1478526282.0,,,2,The case is straightforward with a reasonable amount for the stated goal.,5,,582,,,,,normal,,
Application_1031465496,approved,0,4,8,senior_clerk,CheckCreditScore,1479382290.0,,,2,This case is straightforward as the application details are clear and complete.,15,,691,,,,,,,
Application_1031465496,approved,0,5,8,senior_clerk,ValidateApplication,1481801430.0,risk_assessment,"The applicant has a strong credit score of 960, which indicates a low risk of default. The monthly cost of EUR 254.56 is manageable given the loan amount and the number of terms (120), suggesting that the applicant can comfortably afford the repayments. The requested amount of EUR 25,000 aligns with the stated goal of home improvement, making this a solid application.",2,The application is straightforward with no discrepancies between the application data and credit bureau information.,15,,785,,,,,,,
Application_1031465496,approved,0,6,8,senior_clerk,EscalateCase,1485272166.0,,,2,The case is straightforward with all necessary information provided and a strong credit profile.,10,,1056,,,,,,approve,
Application_1031465496,approved,0,7,8,credit_officer,AssessRisk,1485345108.0,,,2,The case is straightforward with no unusual factors or concerns.,5,,1321,,,,,,,low
Application_1031465496,approved,0,8,8,credit_officer,ApproveLoan,1485355848.0,,,2,The case was straightforward with complete documentation and a strong credit score.,3,,1572,,,,,,,
Application_1416635588,approved,0,1,8,junior_clerk,IntakeApplication,1477388436.0,initial_notes,"The requested amount of EUR 12,000 seems reasonable for a car loan, as it aligns with typical financing for a vehicle. There is nothing unusual about the application type being a new credit.",2,This case is straightforward as it aligns with common loan requests for car purchases.,5,,274,,,,,,,
Application_1416635588,approved,0,2,8,junior_clerk,CheckDocuments,1478073996.0,,,2,"The documentation appears standard for a car loan application, with no missing pieces.",5,,490,,,,,,,
Application_1416635588,approved,0,3,8,junior_clerk,ForwardCase,1478526570.0,,,2,The case is straightforward with a reasonable amount for a car loan.,5,,559,,,,,normal,,
Application_1416635588,approved,0,4,8,senior_clerk,CheckCreditScore,1479385950.0,,,2,Standard case with complete documentation and reasonable loan request.,10,,668,,,,,,,
Application_1416635588,approved,0,5,8,senior_clerk,ValidateApplication,1481806230.0,risk_assessment,"The profile is solid with a high credit score of 996, a reasonable monthly cost of EUR 276.79, and the loan amount aligns with typical financing for a car. The terms of 48 months are standard for this type of loan.",2,The application is straightforward with complete documentation and a solid credit score.,15,,761,,,,,,,
Application_1416635588,approved,0,6,8,senior_clerk,EscalateCase,1485272826.0,,,2,The case is straightforward with no discrepancies or unusual factors.,10,,1032,,,,,,approve,
Application_1416635588,approved,0,7,8,credit_officer,AssessRisk,1485353208.0,,,2,The application is straightforward with no unusual factors to consider.,5,,1297,,,,,,,low
Application_1416635588,approved,0,8,8,credit_officer,ApproveLoan,1485357168.0,,,2,The case is straightforward with a solid credit profile and reasonable loan request.,5,,1548,,,,,,,
Application_685452919,rejected,1,1,7,junior_clerk,IntakeApplication,1477390236.0,initial_notes,"The requested amount of EUR 17,500 seems reasonable for a car loan, as it aligns with the typical price range for purchasing a vehicle. There is nothing unusual about this application at first glance.",2,This case is straightforward as the amount and purpose align well.,5,,273,,,,,,,
Application_685452919,rejected,1,2,7,junior_clerk,CheckDocuments,1478076396.0,,,2,"The documentation appears to be complete and valid, making the case straightforward to assess.",10,,499,,,,,,,
Application_685452919,rejected,1,3,7,junior_clerk,ForwardCase,1478527050.0,,,2,The application is straightforward with a reasonable amount for a car loan.,5,,568,,,,,normal,,
Application_685452919,rejected,1,4,7,senior_clerk,CheckCreditScore,1479391950.0,,,2,Standard case with complete documentation and reasonable loan request.,10,,677,,,,,,,
Application_685452919,rejected,1,5,7,senior_clerk,ValidateApplication,1481877510.0,risk_assessment,"The credit score is missing, which raises significant concerns about the applicant's creditworthiness. The monthly cost of EUR 324.77 over 60 terms results in a total repayment of EUR 19,486.20, which may be burdensome relative to the applicant's financial situation. Without a credit score, it is difficult to assess the risk accurately, leading to a recommendation for rejection.",4,"The absence of a credit score adds complexity to the assessment, making it difficult to evaluate the applicant's creditworthiness.",15,,771,,,,,,,
Application_685452919,rejected,1,6,7,senior_clerk,RequestAdditionalInfo,1485362466.0,reason,"Carlos, the credit score is missing from the credit bureau data, which raises significant concerns about the applicant's creditworthiness. Can you verify if there is any additional information regarding the applicant's credit score?",4,The absence of the credit score complicates the assessment significantly.,10,,1043,,,,,,,
Application_685452919,rejected,1,7,7,junior_clerk,ReturnApplicationEarly,1485363516.0,,,5,The absence of a credit score made this case difficult to assess properly.,5,,1289,,,,,,,
Application_397038537,rejected,0,1,7,junior_clerk,IntakeApplication,1477392036.0,initial_notes,"The requested amount of EUR 5,000 seems reasonable for a car loan, as it aligns with typical financing for a used vehicle. There is nothing unusual about this application at first glance.",2,This case is straightforward as the amount and purpose align well.,5,,272,,,,,,,
Application_397038537,rejected,0,2,7,junior_clerk,CheckDocuments,1478078796.0,,,2,The documentation appears to be standard for a car loan application.,10,,485,,,,,,,
Application_397038537,rejected,0,3,7,junior_clerk,ForwardCase,1478527722.0,,,2,The application is straightforward and aligns with typical financing for a car loan.,5,,554,,,,,normal,,
Application_397038537,rejected,0,4,7,senior_clerk,CheckCreditScore,1479397950.0,,,2,This case is straightforward with complete documentation and a reasonable loan amount.,10,,663,,,,,,,
Application_397038537,rejected,0,5,7,senior_clerk,ValidateApplication,1481894790.0,risk_assessment,"The application is not acceptable due to the absence of a credit score, which raises concerns about the applicant's creditworthiness. The offered amount of EUR 5,000 is in line with the loan goal for a car, but without a credit score, we cannot assess the risk adequately. The monthly cost of EUR 100.0 over 58 terms indicates a long repayment period, which could further complicate the applicant's ability to repay.",4,The absence of a credit score makes this case particularly challenging as it prevents a full assessment of the applicant's creditworthiness.,15,,755,,,,,,,
Application_397038537,rejected,0,6,7,senior_clerk,EscalateCase,1485435936.0,,,5,The absence of a credit score made this case difficult to assess.,15,,1027,,,,,,reject,
Application_397038537,rejected,0,7,7,credit_officer,RejectLoan,1485437016.0,rejection_notes,"The application for a EUR 5,000 car loan is rejected due to the absence of a credit score, which raises significant concerns about the applicant's creditworthiness. Without a credit score, we cannot assess the risk associated with this loan.",2,The case is straightforward but lacks critical information for approval.,10,,1291,,,,,,,
Application_306086229,rejected,1,1,8,junior_clerk,IntakeApplication,1477391412.0,initial_notes,"The requested amount of EUR 20,000 seems reasonable for a car loan, depending on the type of vehicle being purchased. However, without additional details about the applicant's financial situation, it's difficult to assess if this amount is appropriate for their needs.",2,This case is straightforward as it aligns with typical car loan requests.,5,,273,,,,,,,
Application_306086229,rejected,1,2,8,junior_clerk,CheckDocuments,1478077008.0,,,2,The application is straightforward with no unusual elements to check.,5,,499,,,,,,,
Application_306086229,rejected,1,3,8,junior_clerk,ForwardCase,1478527242.0,,,2,The case is straightforward with a reasonable amount for a car loan.,5,,568,,,,,normal,,
Application_306086229,rejected,1,4,8,senior_clerk,CheckCreditScore,1479394950.0,,,2,The case is straightforward but requires credit data to assess the application fully.,10,,677,,,,,,,
Application_306086229,rejected,1,5,8,senior_clerk,ValidateApplication,1481886150.0,risk_assessment,"The credit score is not available, which raises concerns about the applicant's creditworthiness. The monthly cost of EUR 205.49 over 120 terms indicates a long repayment period, but without a credit score, it is difficult to assess the overall risk. The requested amount of EUR 20,000 is reasonable for a car loan, but the lack of credit score information is a significant red flag.",4,"The absence of a credit score complicates the assessment, making it difficult to evaluate the applicant's financial reliability.",15,,772,,,,,,,
Application_306086229,rejected,1,6,8,senior_clerk,RequestAdditionalInfo,1485434286.0,reason,"Carlos, the credit score is not available, which raises concerns about the applicant's creditworthiness. Can you provide details about the applicant's financial situation and clarify why the credit score is missing? This information is crucial for assessing the risk profile.",4,The absence of a credit score complicates the assessment significantly.,15,,1044,,,,,,,
Application_306086229,rejected,1,7,8,junior_clerk,CheckDocuments,1485437406.0,notes,"The documentation is complete, but I cannot provide details about the applicant's financial situation as that information is not available in the application form.",3,"The case is straightforward, but lacks necessary financial details.",5,,1290,,,,,,,
Application_306086229,rejected,1,8,8,junior_clerk,ReturnApplicationEarly,1485438456.0,,,5,The lack of credit score and financial information made it difficult to assess the application.,5,,1526,,,,,,,
Application_1331809820,rejected,1,1,7,junior_clerk,IntakeApplication,1477397436.0,initial_notes,"The requested amount of EUR 70,000 seems reasonable for an existing loan takeover, assuming the applicant has a significant amount of debt to refinance. No unusual factors noted at this stage.",2,This case is straightforward as it aligns with typical loan takeover requests.,5,,293,,,,,,,
Application_1331809820,rejected,1,2,7,junior_clerk,CheckDocuments,1478085996.0,,,2,The case appears straightforward with no unusual factors to check.,10,,511,,,,,,,
Application_1331809820,rejected,1,3,7,junior_clerk,ForwardCase,1478529162.0,,,2,The case is straightforward as the requested amount aligns with the loan goal of existing loan takeover.,5,,580,,,,,normal,,
Application_1331809820,rejected,1,4,7,senior_clerk,CheckCreditScore,1479467850.0,,,2,This case is straightforward as the application is complete and the loan goal is clear.,15,,689,,,,,,,
Application_1331809820,rejected,1,5,7,senior_clerk,ValidateApplication,1482153270.0,risk_assessment,"The applicant's credit score is missing, which raises significant concerns about their creditworthiness. The offered amount of EUR 67,000 is lower than the requested EUR 70,000, indicating potential issues with the applicant's financial situation. The monthly cost of EUR 700.0 over 119 terms suggests a long repayment period, which may not be sustainable given the lack of a credit score. Overall, the application appears to be high risk due to the absence of credit score data and the mismatch in requested and offered amounts.",4,The lack of a credit score creates uncertainty in assessing the applicant's financial stability.,15,,783,,,,,,,
Application_1331809820,rejected,1,6,7,senior_clerk,RequestAdditionalInfo,1485511386.0,reason,"Carlos, the credit score for the applicant is missing, which raises significant concerns about their creditworthiness. Can you verify the credit score?",4,The missing credit score complicates the assessment of the applicant's profile.,5,,1055,,,,,,,
Application_1331809820,rejected,1,7,7,junior_clerk,ReturnApplicationEarly,1485512436.0,,,5,The absence of a credit score makes it impossible to evaluate the application properly.,5,,1252,,,,,,,
Application_1698334648,rejected,1,1,8,junior_clerk,IntakeApplication,1477398612.0,initial_notes,"The requested amount of EUR 25,000 for an existing loan takeover seems reasonable, as it is common to seek a similar or slightly higher amount to consolidate debts. However, I will need to verify the documentation to ensure everything aligns properly.",2,This case is straightforward as it involves a common loan purpose.,5,,293,,,,,,,
Application_1698334648,rejected,1,2,8,junior_clerk,CheckDocuments,1478088396.0,,,2,The documentation appears to be complete and straightforward for an existing loan takeover.,10,,519,,,,,,,
Application_1698334648,rejected,1,3,8,junior_clerk,ForwardCase,1478529642.0,,,2,The case is straightforward as the requested amount aligns with the loan goal of existing loan takeover.,5,,588,,,,,normal,,
Application_1698334648,rejected,1,4,8,senior_clerk,CheckCreditScore,1479480390.0,,,3,"The case involves a loan takeover, which typically requires thorough credit assessment.",15,,697,,,,,,,
Application_1698334648,rejected,1,5,8,senior_clerk,ValidateApplication,1482233730.0,risk_assessment,"The application is for an existing loan takeover, but the absence of a credit score raises concerns about the applicant's creditworthiness. The monthly cost of EUR 254.56 over 120 terms indicates a significant financial commitment, which may not be sustainable without a solid credit history. Therefore, I recommend rejecting the application due to the lack of credit score and potential risk of default.",4,The absence of a credit score complicates the assessment significantly.,15,,792,,,,,,,
Application_1698334648,rejected,1,6,8,senior_clerk,RequestAdditionalInfo,1485529206.0,reason,"Carlos, the credit score is listed as 'None', which raises concerns about the applicant's creditworthiness. Can you verify if there is any recent credit history or reports that could explain this absence?",4,The absence of a credit score complicates the assessment significantly.,15,,1064,,,,,,,
Application_1698334648,rejected,1,7,8,junior_clerk,CheckDocuments,1485532326.0,notes,"The application lacks a credit score, which raises concerns about the applicant's creditworthiness. I will need to check if there are any recent credit history or reports that could explain this absence.",3,The case is straightforward but requires additional verification due to the missing credit score.,10,,1310,,,,,,,
Application_1698334648,rejected,1,8,8,junior_clerk,ReturnApplicationEarly,1485533082.0,,,4,The absence of a credit score made it difficult to evaluate the application.,10,,1585,,,,,,,
Application_1750932659,rejected,0,1,8,junior_clerk,IntakeApplication,1477393212.0,initial_notes,"The requested amount of EUR 15,000 for an existing loan takeover seems reasonable, as it aligns with typical amounts for consolidating debt. No unusual aspects noted at this stage.",2,This case is straightforward as the amount requested is common for loan takeovers.,5,,293,,,,,,,
Application_1750932659,rejected,0,2,8,junior_clerk,CheckDocuments,1478079408.0,,,2,The documentation appears to be standard for a loan takeover case.,10,,499,,,,,,,
Application_1750932659,rejected,0,3,8,junior_clerk,ForwardCase,1478528202.0,,,2,The case is straightforward as the requested amount aligns well with the loan goal.,5,,568,,,,,normal,,
Application_1750932659,rejected,0,4,8,senior_clerk,CheckCreditScore,1479400950.0,,,2,The case is straightforward with no unusual aspects noted by the Junior Clerk.,15,,677,,,,,,,
Application_1750932659,rejected,0,5,8,senior_clerk,ValidateApplication,1481899590.0,risk_assessment,"The application is solid; the credit score of 780 is excellent, and the monthly cost of EUR 150.0 for 127 terms is manageable given the requested amount. The purpose of the loan for an existing loan takeover is reasonable and aligns with the applicant's financial profile.",2,The case is straightforward with no discrepancies in the application and credit data.,15,,770,,,,,,,
Application_1750932659,rejected,0,6,8,senior_clerk,EscalateCase,1485436596.0,,,2,The case is straightforward with no unusual aspects noted and all data aligning well.,15,,1041,,,,,,approve,
Application_1750932659,rejected,0,7,8,credit_officer,AssessRisk,1485445116.0,,,2,The case is straightforward but requires careful consideration of the implications of the existing loan takeover.,15,,1306,,,,,,,medium
Application_1750932659,rejected,0,8,8,credit_officer,RejectLoan,1485535440.0,rejection_notes,"While the credit score is strong, the purpose of the loan raises concerns about the applicant's financial management. The risk associated with an existing loan takeover is significant, and I cannot approve this application without further assurance of the applicant's financial stability.",4,"The case presented a solid credit score but raised concerns regarding the purpose of the loan, which complicated the decision.",10,,1560,,,,,,,
Application_1473464035,rejected,0,1,8,junior_clerk,IntakeApplication,1477393836.0,initial_notes,"The requested amount of EUR 70,000 for home improvement seems reasonable, as home improvements can often require significant funding. However, it will depend on the specific improvements planned. No unusual aspects noted at this stage.",2,The case is straightforward as the amount aligns with the loan goal.,5,,287,,,,,,,
Application_1473464035,rejected,0,2,8,junior_clerk,CheckDocuments,1478081196.0,,,2,"The documentation appears to be complete, but I need to ensure all relevant documents are verified for this amount.",10,,513,,,,,,,
Application_1473464035,rejected,0,3,8,junior_clerk,ForwardCase,1478528286.0,,,2,The application is straightforward with a reasonable amount for home improvement.,5,,582,,,,,normal,,
Application_1473464035,rejected,0,4,8,senior_clerk,CheckCreditScore,1479458850.0,,,3,The case requires standard credit data verification for a home improvement loan.,10,,691,,,,,,,
Application_1473464035,rejected,0,5,8,senior_clerk,ValidateApplication,1482135030.0,risk_assessment,"The application is concerning due to the absence of a credit score, which raises questions about the applicant's creditworthiness. The monthly cost of EUR 2070.46 is significant compared to the offered amount. This situation makes the profile borderline, as the loan goal is reasonable but lacks supporting credit data.",4,The absence of a credit score complicates the assessment significantly.,15,,786,,,,,,,
Application_1473464035,rejected,0,6,8,senior_clerk,EscalateCase,1485438246.0,,,5,The absence of a credit score made this case difficult to assess.,15,,1058,,,,,,reject,
Application_1473464035,rejected,0,7,8,credit_officer,AssessRisk,1485517296.0,,,4,"The absence of a credit score complicates the assessment significantly, requiring careful consideration of risk factors.",15,,1322,,,,,,,high
Application_1473464035,rejected,0,8,8,credit_officer,RejectLoan,1485766920.0,rejection_notes,"The applicant's creditworthiness is in question due to the absence of a credit score, which is a significant red flag. Additionally, the monthly cost is substantial, raising concerns about the ability to repay the loan.",2,The case was straightforward but raised significant concerns due to the absence of a credit score.,3,,1574,,,,,,,
Application_1666420643,approved,0,1,8,junior_clerk,IntakeApplication,1477395012.0,initial_notes,"The requested amount of EUR 10,000 seems reasonable for a car loan, as it aligns with typical car financing needs. There is nothing unusual about the application at first glance.",2,This case is straightforward as it matches common lending scenarios.,5,,274,,,,,,,
Application_1666420643,approved,0,2,8,junior_clerk,CheckDocuments,1478082354.0,,,2,The documentation appears to be standard for a car loan application.,5,,478,,,,,,,
Application_1666420643,approved,0,3,8,junior_clerk,ForwardCase,1478528682.0,,,2,The case is straightforward and aligns with typical car financing needs.,5,,547,,,,,normal,,
Application_1666420643,approved,0,4,8,senior_clerk,CheckCreditScore,1479461850.0,,,2,This case is straightforward as it involves a common loan type and amount.,15,,656,,,,,,,
Application_1666420643,approved,0,5,8,senior_clerk,ValidateApplication,1482139830.0,risk_assessment,"The applicant has a strong credit score of 909, which is well above the acceptable range. The monthly cost of EUR 189.08 for the offered amount of EUR 10,000 over 60 terms is manageable and aligns with typical debt-to-income ratios. Overall, the profile appears solid and consistent with the loan goal of financing a car.",2,The application is straightforward with no discrepancies or missing information.,15,,749,,,,,,,
Application_1666420643,approved,0,6,8,senior_clerk,EscalateCase,1485438906.0,,,2,The case is straightforward with all necessary information provided and a strong credit profile.,10,,1020,,,,,,approve,
Application_1666420643,approved,0,7,8,credit_officer,AssessRisk,1485525396.0,,,2,This case is straightforward with no unusual factors or complications.,5,,1285,,,,,,,low
Application_1666420643,approved,0,8,8,credit_officer,ApproveLoan,1485768240.0,,,2,The case is straightforward with a strong credit score and manageable monthly payments.,3,,1536,,,,,,,
Application_1194664458,rejected,1,1,8,junior_clerk,IntakeApplication,1477403946.0,initial_notes,"The requested amount of EUR 15,000 seems reasonable for a car loan, depending on the type of vehicle. However, since this is a limit raise application, it raises questions about the applicant's current credit limit and whether they already have an existing loan with us. This could be unusual if they are asking for a significant increase without a clear reason.",2,This case is straightforward but raises questions about the limit raise context.,5,,275,,,,,,,
Application_1194664458,rejected,1,2,8,junior_clerk,CheckDocuments,1478092950.0,,,3,"The application is straightforward, but the limit raise aspect requires verification of existing documentation.",10,,501,,,,,,,
Application_1194664458,rejected,1,3,8,junior_clerk,ForwardCase,1478530626.0,,,3,The application is reasonable for a car loan but raises questions due to being a limit raise.,5,,570,,,,,normal,,
Application_1194664458,rejected,1,4,8,senior_clerk,CheckCreditScore,1479716190.0,,,2,This case is straightforward as it involves a common loan type and the documentation is complete.,10,,679,,,,,,,
Application_1194664458,rejected,1,5,8,senior_clerk,ValidateApplication,1482251970.0,risk_assessment,"The credit score is missing, which raises concerns about the applicant's creditworthiness. The monthly cost of EUR 200.0 over 89 terms indicates a long repayment period, which could lead to financial strain. The offered amount of EUR 15,000 aligns with the loan goal, but without a credit score, it's difficult to assess the risk accurately. Therefore, this application is borderline and requires further investigation into the applicant's financial history.",4,"The lack of a credit score complicates the assessment significantly, making it harder to evaluate the applicant's risk profile.",15,,772,,,,,,,
Application_1194664458,rejected,1,6,8,senior_clerk,RequestAdditionalInfo,1485775146.0,reason,"Carlos, the credit score is missing from the credit bureau data, which raises concerns about the applicant's creditworthiness. Can you verify whether there was an issue retrieving the credit score?",4,The absence of the credit score complicates the assessment significantly.,10,,1044,,,,,,,
Application_1194664458,rejected,1,7,8,junior_clerk,CheckDocuments,1485778266.0,notes,"The documentation is complete, but the credit score is missing from the credit bureau data. I will check if there was an issue retrieving it.",3,"The case is straightforward, but the missing credit score adds an extra step.",5,,1287,,,,,,,
Application_1194664458,rejected,1,8,8,junior_clerk,ReturnApplicationEarly,1485778812.0,,,3,The case is straightforward but lacks critical information for processing.,5,,1501,,,,,,,
Application_2095793548,rejected,0,1,8,junior_clerk,IntakeApplication,1477395636.0,initial_notes,"The requested amount of EUR 7,000 seems reasonable for an existing loan takeover, as it typically aligns with average loan amounts for such purposes. There is nothing unusual at first glance.",2,This case is straightforward as the amount requested aligns with the loan goal.,5,,292,,,,,,,
Application_2095793548,rejected,0,2,8,junior_clerk,CheckDocuments,1478083596.0,,,2,"The documentation appears to be standard for an existing loan takeover, requiring typical checks.",5,,509,,,,,,,
Application_2095793548,rejected,0,3,8,junior_clerk,ForwardCase,1478528766.0,,,2,The case is straightforward as the amount requested is reasonable for the stated goal of an existing loan takeover.,5,,578,,,,,normal,,
Application_2095793548,rejected,0,4,8,senior_clerk,CheckCreditScore,1479464850.0,,,2,"Standard case with complete documentation, awaiting credit score check.",10,,687,,,,,,,
Application_2095793548,rejected,0,5,8,senior_clerk,ValidateApplication,1482144630.0,risk_assessment,"The applicant has a credit score of 709, which is within an acceptable range. The monthly cost of EUR 78.82 for 120 terms aligns well with the requested amount of EUR 7,000 for an existing loan takeover. The profile appears solid and consistent with the loan goal.",2,The case is straightforward with no discrepancies in the application or credit data.,15,,779,,,,,,,
Application_2095793548,rejected,0,6,8,senior_clerk,EscalateCase,1485439566.0,,,2,The case was straightforward with all data aligning well and no discrepancies found.,15,,1050,,,,,,approve,
Application_2095793548,rejected,0,7,8,credit_officer,AssessRisk,1485533496.0,,,2,"The case is straightforward with complete documentation and a reasonable credit score, but the long repayment term introduces some complexity.",15,,1315,,,,,,,medium
Application_2095793548,rejected,0,8,8,credit_officer,RejectLoan,1485785844.0,rejection_notes,"Despite an acceptable credit score and reasonable monthly cost, the long repayment term and the nature of the loan takeover present risks that cannot be overlooked. These factors contribute to a medium risk classification, warranting rejection for the bank's stability.",3,"The case presented a medium risk due to the long repayment term and the nature of the loan takeover, requiring careful consideration.",3,,1569,,,,,,,
Application_1505236670,approved,0,1,8,junior_clerk,IntakeApplication,1477399236.0,initial_notes,"The requested amount of EUR 6,750 seems reasonable for a car loan, particularly for a limit raise. There is nothing unusual about the application type in relation to the loan goal.",2,This case is straightforward as the amount aligns with the purpose of the loan.,5,,274,,,,,,,
Application_1505236670,approved,0,2,8,junior_clerk,CheckDocuments,1478089074.0,,,2,The documentation appears to be standard for a limit raise request.,5,,480,,,,,,,
Application_1505236670,approved,0,3,8,junior_clerk,ForwardCase,1478530002.0,,,2,The case is straightforward with a reasonable amount for a car loan limit raise.,5,,549,,,,,normal,,
Application_1505236670,approved,0,4,8,senior_clerk,CheckCreditScore,1479483390.0,,,2,This case is straightforward as the application type and loan goal align well.,10,,658,,,,,,,
Application_1505236670,approved,0,5,8,senior_clerk,ValidateApplication,1482238530.0,risk_assessment,"The credit profile appears solid with a good credit score of 1001, a reasonable monthly cost of EUR 130.0, and the offered amount aligns with the requested amount. The number of terms is manageable, indicating a low risk of default.",2,The case is straightforward with all necessary data aligning well.,15,,750,,,,,,,
Application_1505236670,approved,0,6,8,senior_clerk,EscalateCase,1485529866.0,,,2,The case is straightforward with all data aligning well and no discrepancies.,10,,1021,,,,,,approve,
Application_1505236670,approved,0,7,8,credit_officer,AssessRisk,1485776340.0,,,2,The case is straightforward with no unusual factors or surprises.,10,,1286,,,,,,,low
Application_1505236670,approved,0,8,8,credit_officer,ApproveLoan,1485787164.0,,,2,The case is straightforward with all documentation complete and a solid credit profile.,3,,1537,,,,,,,
Application_301727231,approved,0,1,8,junior_clerk,IntakeApplication,1477401036.0,initial_notes,"The requested amount of EUR 25,000 seems reasonable for a car loan, depending on the type of vehicle being purchased. There is nothing unusual about the loan goal or application type.",2,This case is straightforward as it aligns with typical car loan requests.,5,,273,,,,,,,
Application_301727231,approved,0,2,8,junior_clerk,CheckDocuments,1478090796.0,,,2,The documentation appears to be standard for a car loan application.,5,,482,,,,,,,
Application_301727231,approved,0,3,8,junior_clerk,ForwardCase,1478530122.0,,,2,The case is straightforward with a reasonable amount for a car loan.,5,,551,,,,,normal,,
Application_301727231,approved,0,4,8,senior_clerk,CheckCreditScore,1479486390.0,,,2,Standard case with complete documentation and reasonable loan request.,10,,660,,,,,,,
Application_301727231,approved,0,5,8,senior_clerk,ValidateApplication,1482243330.0,risk_assessment,"The applicant has a strong credit score of 933, which is well above the acceptable range. The monthly cost of EUR 461.78 is reasonable given the offered amount of EUR 25,000 and the number of terms is standard at 60 months. Overall, the profile is solid and consistent with the loan goal.",2,The application is straightforward with no discrepancies in the information provided.,15,,753,,,,,,,
Application_301727231,approved,0,6,8,senior_clerk,EscalateCase,1485530526.0,,,2,The case is straightforward with no discrepancies or missing information.,15,,1024,,,,,,approve,
Application_301727231,approved,0,7,8,credit_officer,AssessRisk,1485784440.0,,,2,The case is straightforward with complete documentation and a strong credit profile.,10,,1289,,,,,,,low
Application_301727231,approved,0,8,8,credit_officer,ApproveLoan,1485788484.0,,,2,The case is straightforward with no significant issues or surprises.,5,,1540,,,,,,,
Application_146114459,rejected,1,1,7,junior_clerk,IntakeApplication,1477410360.0,initial_notes,"The requested amount of EUR 5,000 seems reasonable for home improvement purposes, as it can cover minor renovations or upgrades. There is nothing unusual about this application at first glance.",2,This case is straightforward as the amount aligns with the loan goal.,5,,285,,,,,,,
Application_146114459,rejected,1,2,7,junior_clerk,CheckDocuments,1478097216.0,,,2,The application appears straightforward with no unusual elements to check.,5,,504,,,,,,,
Application_146114459,rejected,1,3,7,junior_clerk,ForwardCase,1478531106.0,,,2,The application is straightforward with a reasonable amount for the stated goal.,5,,573,,,,,normal,,
Application_146114459,rejected,1,4,7,senior_clerk,CheckCreditScore,1479719190.0,,,2,The case appears straightforward with no initial red flags.,15,,682,,,,,,,
Application_146114459,rejected,1,5,7,senior_clerk,ValidateApplication,1482314610.0,risk_assessment,"The credit score is missing, which raises concerns about the applicant's creditworthiness. The offered amount of EUR 7,200 exceeds the requested EUR 5,000, which may indicate a potential risk if the applicant cannot manage the higher loan. The monthly cost of EUR 100.64 over 90 terms is manageable, but without a credit score, the risk is elevated.",4,The absence of a credit score complicates the assessment and raises concerns about the applicant's creditworthiness.,15,,775,,,,,,,
Application_146114459,rejected,1,6,7,senior_clerk,RequestAdditionalInfo,1485792966.0,reason,"Carlos, the credit score is missing from the credit bureau data, which raises concerns about the applicant's creditworthiness. Can you verify the credit score for this application?",4,The missing credit score adds uncertainty to the assessment.,10,,1047,,,,,,,
Application_146114459,rejected,1,7,7,junior_clerk,ReturnApplicationEarly,1485793722.0,,,4,The missing credit score makes it impossible to evaluate the application properly.,5,,1273,,,,,,,
Application_422637212,approved,0,1,8,junior_clerk,IntakeApplication,1477410570.0,initial_notes,"The requested amount of EUR 18,000 seems reasonable for home improvement purposes, as it can cover significant renovations or upgrades. There is nothing unusual about the application type being new credit.",2,This case is straightforward as the amount aligns with the stated goal.,5,,286,,,,,,,
Application_422637212,approved,0,2,8,junior_clerk,CheckDocuments,1478098470.0,,,2,The application appears straightforward with no unusual elements to check.,5,,512,,,,,,,
Application_422637212,approved,0,3,8,junior_clerk,ForwardCase,1478531586.0,,,2,The case is straightforward with a reasonable amount for the stated purpose.,5,,581,,,,,normal,,
Application_422637212,approved,0,4,8,senior_clerk,CheckCreditScore,1479722190.0,,,2,Standard credit check for a home improvement loan application.,15,,690,,,,,,,
Application_422637212,approved,0,5,8,senior_clerk,ValidateApplication,1482319410.0,risk_assessment,"The credit score of 831 is excellent, indicating a strong creditworthiness. The monthly cost of EUR 265.04 is manageable given the offered amount of EUR 18,000 over 78 terms, suggesting that the applicant can comfortably meet the repayment obligations. Overall, the profile is solid and consistent with the loan goal of home improvement.",2,The application is straightforward with complete documentation and a strong credit profile.,15,,783,,,,,,,
Application_422637212,approved,0,6,8,senior_clerk,EscalateCase,1485793626.0,,,2,The case is straightforward with all necessary information provided and no discrepancies found.,15,,1054,,,,,,approve,
Application_422637212,approved,0,7,8,credit_officer,AssessRisk,1485859326.0,,,2,The case is straightforward with no unusual factors to consider.,5,,1319,,,,,,,low
Application_422637212,approved,0,8,8,credit_officer,ApproveLoan,1485860646.0,,,2,The case is straightforward with complete documentation and a strong credit score.,5,,1570,,,,,,,
Application_1234365113,rejected,1,1,7,junior_clerk,IntakeApplication,1477412370.0,initial_notes,"The requested amount of EUR 8,000 seems reasonable for a car loan, as it aligns with typical financing for a mid-range vehicle. There is nothing unusual about this application at first glance.",2,This case is straightforward as the amount and purpose align well.,5,,273,,,,,,,
Application_1234365113,rejected,1,2,7,junior_clerk,CheckDocuments,1478099616.0,,,2,The documentation appears to be standard for a car loan application.,5,,491,,,,,,,
Application_1234365113,rejected,1,3,7,junior_clerk,ForwardCase,1478531778.0,,,2,The application is straightforward and aligns with typical car loan requests.,5,,560,,,,,normal,,
Application_1234365113,rejected,1,4,7,senior_clerk,CheckCreditScore,1479725190.0,,,2,Standard case with no unusual flags or complications.,15,,669,,,,,,,
Application_1234365113,rejected,1,5,7,senior_clerk,ValidateApplication,1482328050.0,risk_assessment,"The credit score is missing, which raises concerns about the applicant's creditworthiness. The monthly cost of EUR 244.52 against the offered amount of EUR 8,000 for a car loan over 36 terms suggests a manageable repayment structure, but without a credit score, we cannot fully assess the risk. This application is borderline due to the lack of credit history information.",4,"The absence of a credit score makes this case more complex than usual, as we cannot assess the applicant's creditworthiness adequately.",15,,762,,,,,,,
Application_1234365113,rejected,1,6,7,senior_clerk,RequestAdditionalInfo,1485865446.0,reason,"Carlos, the credit score is missing from the credit bureau data, which raises concerns about the applicant's creditworthiness. Can you verify the applicant's credit score? This information is crucial for assessing the risk of the loan application.",4,The absence of the credit score complicates the assessment process.,10,,1034,,,,,,,
Application_1234365113,rejected,1,7,7,junior_clerk,ReturnApplicationEarly,1485866202.0,,,4,The missing credit score made it impossible to assess the application properly.,5,,1280,,,,,,,
Application_1668457930,approved,0,1,8,junior_clerk,IntakeApplication,1477414170.0,initial_notes,"The requested amount of EUR 15,000 seems reasonable for a car loan, as it aligns with typical car financing needs. There is nothing unusual about this application at first glance.",2,This case is straightforward as it matches common loan parameters for a car purchase.,5,,274,,,,,,,
Application_1668457930,approved,0,2,8,junior_clerk,CheckDocuments,1478101350.0,,,2,The documentation appears to be complete and straightforward for a car loan application.,5,,479,,,,,,,
Application_1668457930,approved,0,3,8,junior_clerk,ForwardCase,1478532066.0,,,2,The application is straightforward and aligns with typical car loan requests.,5,,548,,,,,normal,,
Application_1668457930,approved,0,4,8,senior_clerk,CheckCreditScore,1479728190.0,,,2,This case is straightforward with complete documentation and a reasonable loan request.,10,,657,,,,,,,
Application_1668457930,approved,0,5,8,senior_clerk,ValidateApplication,1482332850.0,risk_assessment,"The credit profile is solid, with a high credit score of 879, which indicates a low risk of default. The monthly cost of EUR 300 is manageable given the loan amount and terms. The offered amount matches the requested amount, and the loan goal aligns with typical financing needs for a car.",2,The application is straightforward with complete documentation and a solid credit profile.,15,,749,,,,,,,
Application_1668457930,approved,0,6,8,senior_clerk,EscalateCase,1485866106.0,,,2,The case is straightforward with all necessary information and a solid credit profile.,10,,1020,,,,,,approve,
Application_1668457930,approved,0,7,8,credit_officer,AssessRisk,1485874206.0,,,2,The case is straightforward with a solid credit profile and no unusual factors.,10,,1285,,,,,,,low
Application_1668457930,approved,0,8,8,credit_officer,ApproveLoan,1485875526.0,,,2,The case is straightforward with a solid credit profile and no unusual factors.,5,,1524,,,,,,,
Application_1920432865,rejected,1,1,7,junior_clerk,IntakeApplication,1477470360.0,initial_notes,"The requested amount of EUR 6,000 seems reasonable for an existing loan takeover, as it typically aligns with the amounts needed to consolidate or refinance loans. There is nothing unusual about the application at first glance.",2,This case is straightforward as it fits a common loan purpose and amount.,5,,292,,,,,,,
Application_1920432865,rejected,1,2,7,junior_clerk,CheckDocuments,1478103750.0,,,2,The documentation appears to be standard for an existing loan takeover.,10,,518,,,,,,,
Application_1920432865,rejected,1,3,7,junior_clerk,ForwardCase,1478532258.0,,,2,The case is straightforward as the requested amount aligns with the loan goal of existing loan takeover.,5,,587,,,,,normal,,
Application_1920432865,rejected,1,4,7,senior_clerk,CheckCreditScore,1479731190.0,,,2,"Standard case with complete documentation, awaiting credit score check.",15,,696,,,,,,,
Application_1920432865,rejected,1,5,7,senior_clerk,ValidateApplication,1482395490.0,risk_assessment,"The credit score is missing, which raises concerns about the applicant's creditworthiness. The monthly cost of EUR 150.0 over 45 terms indicates a significant financial commitment, but without a credit score, it is difficult to assess the risk accurately. The offered amount of EUR 6,000 aligns with the loan goal of existing loan takeover, but the lack of credit score is a critical gap.",4,"The absence of a credit score makes this case more challenging than usual, as it prevents a full risk assessment.",15,,788,,,,,,,
Application_1920432865,rejected,1,6,7,senior_clerk,RequestAdditionalInfo,1485937926.0,reason,"Carlos, the credit score is missing from the credit bureau data, which raises concerns about the applicant's creditworthiness. Can you provide the credit score to help assess the risk more accurately?",4,The lack of a credit score complicates the assessment significantly.,5,,1060,,,,,,,
Application_1920432865,rejected,1,7,7,junior_clerk,ReturnApplicationEarly,1485938976.0,,,5,"The absence of a credit score makes it impossible to evaluate the applicant's financial reliability, complicating the assessment process.",5,,1306,,,,,,,
Application_198284297,rejected,1,1,8,junior_clerk,IntakeApplication,1477472370.0,initial_notes,"The requested amount of EUR 15,000 seems reasonable for an existing loan takeover, as it typically aligns with the amounts needed to consolidate or refinance existing debts. There is nothing unusual at first glance.",2,This case is straightforward as it aligns with common loan takeover requests.,5,,292,,,,,,,
Application_198284297,rejected,1,2,8,junior_clerk,CheckDocuments,1478160336.0,,,2,The case is straightforward with no unusual elements to check.,5,,518,,,,,,,
Application_198284297,rejected,1,3,8,junior_clerk,ForwardCase,1478532738.0,,,2,The case is straightforward as the requested amount aligns with the loan goal of an existing loan takeover.,5,,587,,,,,normal,,
Application_198284297,rejected,1,4,8,senior_clerk,CheckCreditScore,1479742830.0,,,2,This case is straightforward as the loan goal aligns with the requested amount.,10,,696,,,,,,,
Application_198284297,rejected,1,5,8,senior_clerk,ValidateApplication,1482421950.0,risk_assessment,"The credit score is missing, which raises concerns about the applicant's creditworthiness. The monthly cost of EUR 150.0 over 127 terms indicates a long repayment period, which could lead to increased risk. The offered amount of EUR 15,000 aligns with the loan goal of existing loan takeover but without a credit score, the overall risk profile remains uncertain.",4,"The absence of a credit score complicates the assessment, making it difficult to evaluate the applicant's creditworthiness.",15,,790,,,,,,,
Application_198284297,rejected,1,6,8,senior_clerk,RequestAdditionalInfo,1485955746.0,reason,"Carlos, the credit score is missing from the credit bureau data, which raises concerns about the applicant's creditworthiness. Can you verify whether there is any issue with retrieving the credit score?",4,The missing credit score complicates the assessment of the applicant's creditworthiness.,10,,1062,,,,,,,
Application_198284297,rejected,1,7,8,junior_clerk,CheckDocuments,1485960066.0,notes,"The credit score is missing from the credit bureau data, which is essential for assessing the applicant's creditworthiness.",4,"The case is straightforward, but the missing credit score adds a layer of complexity.",5,,1308,,,,,,,
Application_198284297,rejected,1,8,8,junior_clerk,ReturnApplicationEarly,1485960486.0,,,2,The absence of a credit score made this case straightforward to assess but ultimately invalid.,5,,1506,,,,,,,
Application_768742802,approved,0,1,8,junior_clerk,IntakeApplication,1477476570.0,initial_notes,"The requested amount of EUR 5,000 seems reasonable for home improvement purposes, as it aligns with typical costs for renovations. There is nothing unusual about this application at first glance.",2,This case is straightforward as the amount requested is typical for the stated goal.,5,,285,,,,,,,
Application_768742802,approved,0,2,8,junior_clerk,CheckDocuments,1478162736.0,,,2,The documentation appears to be complete and aligns with the requested amount and purpose.,5,,506,,,,,,,
Application_768742802,approved,0,3,8,junior_clerk,ForwardCase,1478533092.0,,,2,The application is straightforward with a reasonable amount for the stated goal.,5,,575,,,,,normal,,
Application_768742802,approved,0,4,8,senior_clerk,CheckCreditScore,1479745830.0,,,2,Standard case with complete documentation and reasonable loan amount.,10,,684,,,,,,,
Application_768742802,approved,0,5,8,senior_clerk,ValidateApplication,1482480750.0,risk_assessment,"The application is solid, with a high credit score of 820, a reasonable monthly cost of EUR 100, and the offered amount matching the requested EUR 5,000 for home improvement. The terms are manageable, making this a low-risk application.",2,This case is straightforward as all data aligns well with the application and typical loan requirements.,15,,775,,,,,,,
Application_768742802,approved,0,6,8,senior_clerk,EscalateCase,1485956406.0,,,2,The case was straightforward with all data aligning well and no discrepancies.,15,,1046,,,,,,approve,
Application_768742802,approved,0,7,8,credit_officer,AssessRisk,1485964506.0,,,2,This case is straightforward with no unusual factors or concerns.,10,,1311,,,,,,,low
Application_768742802,approved,0,8,8,credit_officer,ApproveLoan,1485965826.0,,,2,The case is straightforward with all documentation in order and a strong credit profile.,5,,1562,,,,,,,
Application_357880380,rejected,1,1,8,junior_clerk,IntakeApplication,1477476948.0,initial_notes,"The requested amount of EUR 16,800 seems reasonable for an existing loan takeover, as it typically involves consolidating higher amounts. There is nothing unusual about the loan goal or application type.",2,This case is straightforward as the amount aligns with the purpose of the loan.,5,,292,,,,,,,
Application_357880380,rejected,1,2,8,junior_clerk,CheckDocuments,1478165136.0,,,2,The documentation appears to be complete and valid for the loan takeover.,5,,518,,,,,,,
Application_357880380,rejected,1,3,8,junior_clerk,ForwardCase,1478533974.0,,,2,The application is straightforward with a reasonable amount for an existing loan takeover.,5,,587,,,,,normal,,
Application_357880380,rejected,1,4,8,senior_clerk,CheckCreditScore,1479802830.0,,,2,The case is straightforward with complete documentation and a reasonable loan goal.,15,,696,,,,,,,
Application_357880380,rejected,1,5,8,senior_clerk,ValidateApplication,1482489390.0,risk_assessment,"The credit score is missing, which raises concerns about the applicant's creditworthiness. The offered amount is slightly higher than the requested amount, but without a credit score, it's difficult to assess the risk accurately. The monthly cost of EUR 184.94 for 120 terms indicates a long repayment period, which could be a burden if the applicant's financial situation is not stable. Overall, the application is borderline due to the lack of credit score information.",4,"The absence of a credit score makes this case more complex, as it prevents a full risk assessment.",15,,791,,,,,,,
Application_357880380,rejected,1,6,8,senior_clerk,RequestAdditionalInfo,1486028226.0,reason,"Carlos, the credit score is missing from the credit bureau data, which raises concerns about the applicant's creditworthiness. Can you verify the credit score?",4,The absence of the credit score complicates the assessment significantly.,15,,1063,,,,,,,
Application_357880380,rejected,1,7,8,junior_clerk,CheckDocuments,1486031346.0,notes,"The credit score is missing from the credit bureau data, which is essential for assessing the applicant's creditworthiness.",3,The case is straightforward but lacks critical information.,5,,1268,,,,,,,
Application_357880380,rejected,1,8,8,junior_clerk,ReturnApplicationEarly,1486031892.0,,,3,The case was straightforward but lacked critical information for processing.,5,,1466,,,,,,,
Application_151961393,rejected,0,1,8,junior_clerk,IntakeApplication,1477478370.0,initial_notes,"The requested amount of EUR 5,000 seems reasonable for a car loan, as it aligns with typical financing for a vehicle. There is nothing unusual about the application type being new credit.",2,This case is straightforward as the amount and purpose align well.,5,,272,,,,,,,
Application_151961393,rejected,0,2,8,junior_clerk,CheckDocuments,1478165910.0,,,2,The documentation appears to be standard and complete for a car loan application.,5,,485,,,,,,,
Application_151961393,rejected,0,3,8,junior_clerk,ForwardCase,1478534454.0,,,2,The case is straightforward with no unusual elements.,5,,554,,,,,normal,,
Application_151961393,rejected,0,4,8,senior_clerk,CheckCreditScore,1479805830.0,,,2,The case is straightforward with a reasonable loan amount for a car.,10,,663,,,,,,,
Application_151961393,rejected,0,5,8,senior_clerk,ValidateApplication,1482494190.0,risk_assessment,"The applicant has a strong credit score of 823, which is well above the acceptable range. The monthly cost of EUR 391.27 is manageable within the context of the offered amount of EUR 8,800 and the requested amount of EUR 5,000. The number of terms is reasonable at 24 months. Overall, the profile is solid and consistent with the loan goal of financing a car.",2,The application is straightforward with no discrepancies in the documentation or credit data.,15,,755,,,,,,,
Application_151961393,rejected,0,6,8,senior_clerk,EscalateCase,1486028886.0,,,2,This case is straightforward with no discrepancies in the application and credit data.,10,,1026,,,,,,approve,
Application_151961393,rejected,0,7,8,credit_officer,AssessRisk,1486036986.0,,,2,"The case is straightforward, but the high monthly cost relative to potential income raises some concerns.",15,,1291,,,,,,,medium
Application_151961393,rejected,0,8,8,credit_officer,RejectLoan,1486038390.0,rejection_notes,"Despite a strong credit score, the monthly cost raises concerns about affordability without confirmed income details.",3,The case presented a strong credit score but lacked sufficient income verification to support the monthly payment.,3,,1545,,,,,,,
Application_1523986735,rejected,1,1,7,junior_clerk,IntakeApplication,1477478748.0,initial_notes,"The requested amount of EUR 15,000 seems reasonable for an existing loan takeover, as it typically aligns with the amounts needed to consolidate or refinance existing debts. There is nothing unusual about the loan goal or application type.",2,This case is straightforward as the amount and purpose align well.,5,,293,,,,,,,
Application_1523986735,rejected,1,2,7,junior_clerk,CheckDocuments,1478167536.0,,,2,The documentation appears standard for an existing loan takeover application.,10,,519,,,,,,,
Application_1523986735,rejected,1,3,7,junior_clerk,ForwardCase,1478534622.0,,,2,The case is straightforward as the requested amount aligns with the loan goal of existing loan takeover.,5,,588,,,,,normal,,
Application_1523986735,rejected,1,4,7,senior_clerk,CheckCreditScore,1479808830.0,,,2,The case appears straightforward with a clear loan goal and reasonable amount.,10,,697,,,,,,,
Application_1523986735,rejected,1,5,7,senior_clerk,ValidateApplication,1482502830.0,risk_assessment,"The credit score is missing, which raises concerns about the applicant's creditworthiness. The monthly cost of EUR 278.38 over 60 terms indicates a significant financial commitment. Without a credit score, it is difficult to assess the risk accurately. Therefore, this application is borderline and requires further scrutiny before a decision can be made.",4,"The absence of a credit score complicates the assessment of this application, making it harder to evaluate the risk.",15,,791,,,,,,,
Application_1523986735,rejected,1,6,7,senior_clerk,RequestAdditionalInfo,1486046706.0,reason,"Carlos, the credit score for this application is missing. Can you please verify the applicant's credit score? This information is crucial for assessing their creditworthiness.",4,The missing credit score complicates the assessment process.,10,,1063,,,,,,,
Application_1523986735,rejected,1,7,7,junior_clerk,ReturnApplicationEarly,1486047462.0,,,4,The absence of a credit score makes it impossible to assess the application properly.,5,,1284,,,,,,,
Application_1991464898,approved,0,1,8,junior_clerk,IntakeApplication,1477480170.0,initial_notes,"The requested amount of EUR 12,700 seems reasonable for home improvement purposes. It aligns with typical costs for renovations, but I will keep an eye on any unusual aspects as I process this case.",2,This case is straightforward as the amount requested is typical for the stated goal.,5,,287,,,,,,,
Application_1991464898,approved,0,2,8,junior_clerk,CheckDocuments,1478168310.0,,,2,"The documentation appears to be complete and valid, making the check straightforward.",5,,511,,,,,,,
Application_1991464898,approved,0,3,8,junior_clerk,ForwardCase,1478534934.0,,,2,The request is reasonable and aligns with common home improvement costs.,5,,580,,,,,normal,,
Application_1991464898,approved,0,4,8,senior_clerk,CheckCreditScore,1479811830.0,,,2,"Standard case with complete documentation, awaiting credit score check.",10,,689,,,,,,,
Application_1991464898,approved,0,5,8,senior_clerk,ValidateApplication,1482507630.0,risk_assessment,"The credit profile is strong, with a high credit score of 931 and an offered amount that matches the requested amount. The monthly cost of EUR 240.13 is manageable within typical income ranges, and the loan terms of 60 months provide a reasonable repayment period.",2,The application is straightforward with no discrepancies in the credit data.,15,,782,,,,,,,
Application_1991464898,approved,0,6,8,senior_clerk,EscalateCase,1486047366.0,,,2,This case is straightforward with all data aligning well and no discrepancies to address.,15,,1053,,,,,,approve,
Application_1991464898,approved,0,7,8,credit_officer,AssessRisk,1486113066.0,,,2,This case is straightforward with no unusual aspects or surprises.,10,,1318,,,,,,,low
Application_1991464898,approved,0,8,8,credit_officer,ApproveLoan,1486114386.0,,,2,The case is straightforward with a strong credit profile and reasonable loan request.,5,,1569,,,,,,,
Application_1225769256,rejected,1,1,8,junior_clerk,IntakeApplication,1477482888.0,initial_notes,"The requested amount of EUR 12,500 seems reasonable for an existing loan takeover, as it could cover a significant portion of a larger loan. There is nothing unusual at first glance.",2,This case appears straightforward with a reasonable amount for the stated goal.,5,,293,,,,,,,
Application_1225769256,rejected,1,2,8,junior_clerk,CheckDocuments,1478171190.0,,,2,The documentation appears to be complete and straightforward for an existing loan takeover.,5,,501,,,,,,,
Application_1225769256,rejected,1,3,8,junior_clerk,ForwardCase,1478535102.0,,,2,The case is straightforward as the requested amount aligns well with the loan goal.,5,,570,,,,,normal,,
Application_1225769256,rejected,1,4,8,senior_clerk,CheckCreditScore,1479814830.0,,,2,Standard case with complete documentation and reasonable loan goal.,15,,679,,,,,,,
Application_1225769256,rejected,1,5,8,senior_clerk,ValidateApplication,1482743070.0,risk_assessment,"The credit score is missing, which raises concerns about the applicant's creditworthiness. The monthly cost of EUR 288.32 over 48 terms for the offered amount of EUR 12,500 indicates a significant financial commitment without a clear credit history to support it. This makes the application borderline and requires further scrutiny.",4,"The absence of a credit score complicates the assessment, making it difficult to evaluate the applicant's financial reliability.",20,,773,,,,,,,
Application_1225769256,rejected,1,6,8,senior_clerk,RequestAdditionalInfo,1486119186.0,reason,"Carlos, the credit score is missing from the credit bureau data, which raises concerns about the applicant's creditworthiness. Can you verify whether there was an issue retrieving the score?",4,The absence of the credit score complicates the assessment of the applicant's creditworthiness.,5,,1045,,,,,,,
Application_1225769256,rejected,1,7,8,junior_clerk,CheckDocuments,1486122306.0,notes,"The credit score was not retrieved from the credit bureau data, which is necessary for assessing the applicant's creditworthiness.",3,"The case is straightforward, but the missing credit score complicates the assessment.",5,,1281,,,,,,,
Application_1225769256,rejected,1,8,8,junior_clerk,ReturnApplicationEarly,1486122852.0,,,3,The case was straightforward but incomplete due to missing credit score data.,5,,1486,,,,,,,
Application_1089290640,rejected,0,1,8,junior_clerk,IntakeApplication,1477484370.0,initial_notes,"The requested amount of EUR 26,000 for an existing loan takeover seems reasonable, as it could cover a substantial loan. However, I will need to ensure that the documentation aligns with this request.",2,"The case is straightforward, but I need to verify the documentation to ensure everything is in order.",5,,293,,,,,,,
Application_1089290640,rejected,0,2,8,junior_clerk,CheckDocuments,1478173590.0,,,2,"The documentation appears to be complete, but I need to verify its validity.",10,,519,,,,,,,
Application_1089290640,rejected,0,3,8,junior_clerk,ForwardCase,1478535582.0,,,2,The case is straightforward as the requested amount aligns with the loan goal of existing loan takeover.,5,,588,,,,,normal,,
Application_1089290640,rejected,0,4,8,senior_clerk,CheckCreditScore,1479822630.0,,,2,"The application is straightforward with complete documentation, making it easy to assess.",10,,697,,,,,,,
Application_1089290640,rejected,0,5,8,senior_clerk,ValidateApplication,1482748530.0,risk_assessment,"The credit score of 843 is excellent, indicating a strong credit history. However, the offered amount of EUR 25,500 is below the requested EUR 26,000, which raises a concern about the adequacy of the loan for the intended purpose of an existing loan takeover. The monthly cost of EUR 259.65 over 120 terms is manageable, but the slight discrepancy in the requested versus offered amount makes this case borderline.",2,"The case is straightforward, but the discrepancy between the requested and offered amount requires careful consideration.",15,,791,,,,,,,
Application_1089290640,rejected,0,6,8,senior_clerk,EscalateCase,1486119846.0,,,2,The case is straightforward but has a notable discrepancy between the requested and offered amounts.,10,,1062,,,,,,conditional,
Application_1089290640,rejected,0,7,8,credit_officer,AssessRisk,1486127946.0,,,2,The case is straightforward but has some concerns regarding the offered amount and the purpose of the loan.,15,,1331,,,,,,,medium
Application_1089290640,rejected,0,8,8,credit_officer,RejectLoan,1486137126.0,rejection_notes,"The applicant's credit score is excellent, but the offered amount of EUR 25,500 does not fully meet the requested EUR 26,000, which is critical for the existing loan takeover. Therefore, the application is rejected.",2,The case was straightforward but had a critical issue with the offered amount being insufficient.,10,,1585,,,,,,,
Application_734009956,approved,0,1,8,junior_clerk,IntakeApplication,1477484688.0,initial_notes,"The requested amount of EUR 25,000 seems reasonable for a car loan, depending on the type of vehicle the applicant is considering. There is nothing unusual about the loan goal or application type.",2,This case is straightforward with no apparent issues.,5,,273,,,,,,,
Application_734009956,approved,0,2,8,junior_clerk,CheckDocuments,1478174256.0,,,2,The documentation appears to be standard for a car loan application.,10,,495,,,,,,,
Application_734009956,approved,0,3,8,junior_clerk,ForwardCase,1478536062.0,,,2,The case is straightforward with a reasonable amount for a car loan.,5,,564,,,,,normal,,
Application_734009956,approved,0,4,8,senior_clerk,CheckCreditScore,1479825630.0,,,2,This case is straightforward as the application and documentation are complete.,10,,673,,,,,,,
Application_734009956,approved,0,5,8,senior_clerk,ValidateApplication,1482753330.0,risk_assessment,"The credit score of 904 is excellent, indicating a strong credit profile. The monthly cost of EUR 254.56 for a loan amount of EUR 25,000 over 120 terms is manageable and aligns with typical debt-to-income ratios. Overall, the profile appears solid and consistent with the loan goal of purchasing a car.",2,The application is straightforward with complete documentation and a strong credit score.,15,,767,,,,,,,
Application_734009956,approved,0,6,8,senior_clerk,EscalateCase,1486120506.0,,,2,The case is straightforward with no discrepancies or missing information.,15,,1038,,,,,,approve,
Application_734009956,approved,0,7,8,credit_officer,AssessRisk,1486136046.0,,,2,This case is straightforward with no unusual factors or surprises.,10,,1303,,,,,,,low
Application_734009956,approved,0,8,8,credit_officer,ApproveLoan,1486138446.0,,,2,The case was straightforward with no unusual factors or risks identified.,5,,1554,,,,,,,
Application_1995644843,rejected,0,1,7,junior_clerk,IntakeApplication,1477493388.0,initial_notes,"The requested amount of EUR 25,000 seems reasonable for home improvement purposes, as it can cover significant renovations or upgrades. There is nothing unusual about the application type being new credit.",2,This case is straightforward as the amount aligns well with the stated goal.,5,,287,,,,,,,
Application_1995644843,rejected,0,2,7,junior_clerk,CheckDocuments,1478181270.0,,,2,The application appears straightforward with no unusual elements to check.,5,,513,,,,,,,
Application_1995644843,rejected,0,3,7,junior_clerk,ForwardCase,1478537298.0,,,2,The case is straightforward with a reasonable amount for the stated goal.,5,,582,,,,,normal,,
Application_1995644843,rejected,0,4,7,senior_clerk,CheckCreditScore,1479831630.0,,,2,Standard case with complete documentation and reasonable loan request.,10,,691,,,,,,,
Application_1995644843,rejected,0,5,7,senior_clerk,ValidateApplication,1482770610.0,risk_assessment,"The credit score is not available, which raises concerns about the applicant's creditworthiness. The monthly cost of EUR 500.0 against the offered amount of EUR 25,000 for home improvement is significant, and the number of terms (56) indicates a long repayment period. This combination suggests a higher risk profile due to the lack of credit score data.",4,"The absence of a credit score makes this case more complex than usual, as it raises questions about the applicant's credit history.",15,,784,,,,,,,
Application_1995644843,rejected,0,6,7,senior_clerk,EscalateCase,1486139514.0,,,4,The absence of a credit score made this case more challenging to assess.,15,,1056,,,,,,reject,
Application_1995644843,rejected,0,7,7,credit_officer,RejectLoan,1486140918.0,rejection_notes,"The absence of a credit score is a critical factor in assessing the applicant's ability to repay the loan. Given the high requested amount and the lack of credit history, the risk is too high to approve this application.",3,"The case is straightforward but complicated by the absence of a credit score, which is a significant risk factor.",10,,1320,,,,,,,
Application_1549000634,rejected,1,1,8,junior_clerk,IntakeApplication,1477489830.0,initial_notes,"The requested amount of EUR 40,000 for an existing loan takeover seems reasonable, as such takeovers often require substantial sums. There is nothing unusual about the application type being new credit.",2,This case is straightforward as it aligns with typical loan takeover requests.,5,,293,,,,,,,
Application_1549000634,rejected,1,2,8,junior_clerk,CheckDocuments,1478176656.0,,,2,The documentation appears to be in order for an existing loan takeover.,10,,519,,,,,,,
Application_1549000634,rejected,1,3,8,junior_clerk,ForwardCase,1478536170.0,,,2,The case is straightforward with a reasonable amount for an existing loan takeover.,5,,588,,,,,normal,,
Application_1549000634,rejected,1,4,8,senior_clerk,CheckCreditScore,1479828630.0,,,2,"The case involves a standard loan takeover application, which is typically straightforward to assess.",10,,697,,,,,,,
Application_1549000634,rejected,1,5,8,senior_clerk,ValidateApplication,1482761970.0,risk_assessment,"The credit score is missing, which raises significant concerns about the applicant's creditworthiness. The monthly cost of EUR 489.83 for a loan of EUR 40,000 over 96 terms indicates a long-term commitment that may not be sustainable without a solid credit history. Given these factors, I recommend rejecting the application due to the lack of a credit score and potential risk of default.",4,"The absence of a credit score makes this case particularly challenging, as it leaves a significant gap in assessing the applicant's financial reliability.",15,,791,,,,,,,
Application_1549000634,rejected,1,6,8,senior_clerk,RequestAdditionalInfo,1486138326.0,reason,"Carlos, the credit score is missing from the credit bureau data, which raises significant concerns about the applicant's creditworthiness. Can you verify whether there is an issue with the credit report or if it was not provided?",4,The missing credit score complicates the assessment significantly.,10,,1063,,,,,,,
Application_1549000634,rejected,1,7,8,junior_clerk,CheckDocuments,1486369446.0,notes,"The credit score is missing from the credit bureau data, which is essential for assessing the applicant's creditworthiness.",4,The absence of the credit score complicates the assessment of the application.,5,,1309,,,,,,,
Application_1549000634,rejected,1,8,8,junior_clerk,ReturnApplicationEarly,1486369992.0,,,3,The case is straightforward but lacks critical documentation.,5,,1507,,,,,,,
Application_1672037226,rejected,1,1,7,junior_clerk,IntakeApplication,1477494030.0,initial_notes,"The requested amount of EUR 15,000 seems reasonable for home improvement, as it can cover significant renovations or upgrades. There is nothing unusual about the loan goal or application type.",2,This case is straightforward as the amount aligns well with the purpose.,5,,287,,,,,,,
Application_1672037226,rejected,1,2,7,junior_clerk,CheckDocuments,1478183376.0,,,2,The documentation appears to be standard for a home improvement loan.,5,,505,,,,,,,
Application_1672037226,rejected,1,3,7,junior_clerk,ForwardCase,1478537778.0,,,2,The case is straightforward with a reasonable amount for the stated goal.,5,,574,,,,,normal,,
Application_1672037226,rejected,1,4,7,senior_clerk,CheckCreditScore,1479888630.0,,,2,Standard case with complete documentation and a reasonable loan goal.,10,,683,,,,,,,
Application_1672037226,rejected,1,5,7,senior_clerk,ValidateApplication,1482833250.0,risk_assessment,"The credit score is missing, which raises significant concerns about the applicant's creditworthiness. The monthly cost of EUR 763.67 against the offered amount of EUR 75,000 indicates a high debt-to-income ratio, which is not sustainable. Given these factors, the application cannot be approved without further information.",4,The absence of a credit score makes this case particularly challenging as it limits the assessment of the applicant's creditworthiness.,15,,778,,,,,,,
Application_1672037226,rejected,1,6,7,senior_clerk,RequestAdditionalInfo,1486384134.0,reason,"Carlos, the credit score is missing from the credit bureau data, which raises significant concerns about the applicant's creditworthiness. Can you verify the credit score for this application?",4,The missing credit score complicates the assessment process significantly.,5,,1050,,,,,,,
Application_1672037226,rejected,1,7,7,junior_clerk,ReturnApplicationEarly,1486384680.0,,,3,The case is straightforward but lacks critical information for assessment.,5,,1288,,,,,,,
Application_312224974,rejected,1,1,8,junior_clerk,IntakeApplication,1477495830.0,initial_notes,"The requested amount of EUR 25,000 for an existing loan takeover seems reasonable, as it aligns with typical amounts for refinancing existing debts. There is nothing unusual at first glance.",2,This case is straightforward as the amount requested is common for loan takeovers.,5,,292,,,,,,,
Application_312224974,rejected,1,2,8,junior_clerk,CheckDocuments,1478183670.0,,,2,The documentation appears to be complete and straightforward for a loan takeover.,5,,508,,,,,,,
Application_312224974,rejected,1,3,8,junior_clerk,ForwardCase,1478592258.0,,,2,The case is straightforward as the requested amount aligns with the loan goal of existing loan takeover.,5,,577,,,,,normal,,
Application_312224974,rejected,1,4,8,senior_clerk,CheckCreditScore,1479891630.0,,,2,"The case involves a standard loan takeover, which typically has clear documentation and expectations.",10,,686,,,,,,,
Application_312224974,rejected,1,5,8,senior_clerk,ValidateApplication,1482841890.0,risk_assessment,"The credit score is missing, which raises concerns about the applicant's creditworthiness. The monthly cost of EUR 250.0 over 126 terms indicates a long repayment period, which could lead to higher overall interest payments. The offered amount matches the requested amount, but without a credit score, the risk is elevated.",4,"The absence of a credit score complicates the assessment significantly, making it hard to evaluate the applicant's creditworthiness.",15,,780,,,,,,,
Application_312224974,rejected,1,6,8,senior_clerk,RequestAdditionalInfo,1486455954.0,reason,"Carlos, the credit score is missing from the credit bureau data, which raises concerns about the applicant's creditworthiness. Can you verify whether there is an issue with the credit report?",4,The missing credit score complicates the assessment process significantly.,10,,1052,,,,,,,
Application_312224974,rejected,1,7,8,junior_clerk,CheckDocuments,1486460274.0,notes,"The credit score is missing from the credit bureau data, which raises concerns about the applicant's creditworthiness. I will check if there is an issue with the credit report.",4,The missing credit score complicates the assessment of the applicant's creditworthiness.,5,,1289,,,,,,,
Application_312224974,rejected,1,8,8,junior_clerk,ReturnApplicationEarly,1486460820.0,,,3,The case is straightforward but lacks critical information for evaluation.,5,,1540,,,,,,,
Application_12315854,rejected,1,1,7,junior_clerk,IntakeApplication,1477497630.0,initial_notes,"The requested amount of EUR 13,000 seems reasonable for home improvement purposes, as it can cover significant renovations or upgrades. There is nothing unusual about this application at first glance.",2,This case is straightforward as the amount aligns with the stated goal.,5,,285,,,,,,,
Application_12315854,rejected,1,2,7,junior_clerk,CheckDocuments,1478186070.0,,,2,The documentation appears to be complete and straightforward for a home improvement loan.,5,,511,,,,,,,
Application_12315854,rejected,1,3,7,junior_clerk,ForwardCase,1478592738.0,,,2,The application is straightforward with a reasonable amount for the stated goal.,5,,580,,,,,normal,,
Application_12315854,rejected,1,4,7,senior_clerk,CheckCreditScore,1479903270.0,,,2,This case is straightforward as the requested amount aligns with the loan goal and documentation is complete.,10,,689,,,,,,,
Application_12315854,rejected,1,5,7,senior_clerk,ValidateApplication,1482922350.0,risk_assessment,"The credit score is missing, which raises concerns about the applicant's creditworthiness. The monthly cost of EUR 143.02 over 115 terms indicates a long repayment period, which could lead to higher overall costs. The offered amount of EUR 13,000 aligns with the loan goal of home improvement, but without a credit score, it's difficult to assess the risk accurately.",4,"The absence of a credit score complicates the assessment process, making it harder to evaluate the applicant's financial stability.",20,,784,,,,,,,
Application_12315854,rejected,1,6,7,senior_clerk,RequestAdditionalInfo,1486473774.0,reason,"Carlos, the credit score is missing from the credit bureau data, which raises concerns about the applicant's creditworthiness. Can you verify if the applicant has a credit score?",4,The missing credit score makes it difficult to assess the applicant's creditworthiness.,10,,1056,,,,,,,
Application_12315854,rejected,1,7,7,junior_clerk,ReturnApplicationEarly,1486474824.0,,,5,The lack of a credit score makes this case difficult to assess properly.,5,,1280,,,,,,,
Application_348990686,rejected,1,1,8,junior_clerk,IntakeApplication,1477557402.0,initial_notes,"The requested amount of EUR 26,750 for an existing loan takeover seems reasonable, as it could be used to consolidate or refinance a larger existing debt. However, I will need to check the documentation to ensure everything is in order.",2,This case is straightforward as the amount aligns with the stated goal.,5,,292,,,,,,,
Application_348990686,rejected,1,2,8,junior_clerk,CheckDocuments,1478189706.0,,,2,"The case is straightforward, with a reasonable amount for the stated goal.",10,,518,,,,,,,
Application_348990686,rejected,1,3,8,junior_clerk,ForwardCase,1478594178.0,,,2,The case is straightforward as the requested amount aligns with the loan goal of existing loan takeover.,5,,587,,,,,normal,,
Application_348990686,rejected,1,4,8,senior_clerk,CheckCreditScore,1479913170.0,,,3,"The case involves a loan takeover, which typically requires thorough credit assessment.",10,,696,,,,,,,
Application_348990686,rejected,1,5,8,senior_clerk,ValidateApplication,1482998430.0,risk_assessment,"The credit score is missing, which raises concerns about the applicant's creditworthiness. The monthly cost of EUR 419.2 against the offered amount of EUR 26,700 over 72 terms indicates a high repayment burden. This situation makes the case borderline, as we cannot assess the applicant's ability to repay without a credit score.",4,"The absence of a credit score complicates the assessment, making it difficult to evaluate the applicant's financial stability.",15,,789,,,,,,,
Application_348990686,rejected,1,6,8,senior_clerk,RequestAdditionalInfo,1486547442.0,reason,"Carlos, the credit score is missing from the credit bureau data, which raises concerns about the applicant's creditworthiness. Can you verify whether there was an issue retrieving the score?",4,The absence of the credit score complicates the assessment significantly.,15,,1061,,,,,,,
Application_348990686,rejected,1,7,8,junior_clerk,CheckDocuments,1486550562.0,notes,"The credit score is missing from the credit bureau data, which raises concerns about the applicant's creditworthiness. I will verify if there was an issue retrieving the score.",3,The case is straightforward but has a missing credit score that needs to be addressed.,5,,1297,,,,,,,
Application_348990686,rejected,1,8,8,junior_clerk,ReturnApplicationEarly,1486551108.0,,,3,The case is straightforward but cannot be processed due to missing critical documentation.,5,,1548,,,,,,,
Application_1425820279,rejected,0,1,8,junior_clerk,IntakeApplication,1477499430.0,initial_notes,"The requested amount of EUR 20,000 seems reasonable for an existing loan takeover, as it typically aligns with the amounts needed to consolidate or refinance existing debts. There is nothing unusual at first glance.",2,This case is straightforward as the amount requested aligns with the loan goal.,5,,293,,,,,,,
Application_1425820279,rejected,0,2,8,junior_clerk,CheckDocuments,1478186256.0,,,2,The documentation appears to be complete and valid for an existing loan takeover.,5,,519,,,,,,,
Application_1425820279,rejected,0,3,8,junior_clerk,ForwardCase,1478593218.0,,,2,The case is straightforward as the requested amount aligns well with the loan goal of existing loan takeover.,5,,588,,,,,normal,,
Application_1425820279,rejected,0,4,8,senior_clerk,CheckCreditScore,1479906270.0,,,2,This case is straightforward as the loan goal aligns with the requested amount.,10,,697,,,,,,,
Application_1425820279,rejected,0,5,8,senior_clerk,ValidateApplication,1482930990.0,risk_assessment,"The application is concerning due to the absence of a credit score, which indicates a lack of credit history or significant issues. The monthly cost of EUR 564.03 against the requested amount of EUR 20,000 raises red flags, especially with 38 terms involved. This situation suggests potential financial strain, making the risk profile less favorable.",4,"The absence of a credit score complicates the assessment significantly, as it leaves a gap in understanding the applicant's creditworthiness.",15,,791,,,,,,,
Application_1425820279,rejected,0,6,8,senior_clerk,EscalateCase,1486474962.0,,,4,The absence of a credit score made this case more challenging to assess.,15,,1063,,,,,,reject,
Application_1425820279,rejected,0,7,8,credit_officer,AssessRisk,1486547142.0,,,4,"The lack of a credit score complicates the assessment significantly, requiring careful consideration of potential risks.",15,,1327,,,,,,,high
Application_1425820279,rejected,0,8,8,credit_officer,RejectLoan,1486556322.0,rejection_notes,"The application is rejected due to the absence of a credit score, which raises concerns about the applicant's creditworthiness. The monthly cost is substantial, and without a credit history to justify it, the risk is deemed too high.",2,"The case was straightforward but flagged due to the absence of a credit score, which is a significant risk factor.",3,,1579,,,,,,,
Application_1417653464,rejected,1,1,7,junior_clerk,IntakeApplication,1477561230.0,initial_notes,"The requested amount of EUR 21,500 seems reasonable for a car loan, as it aligns with the typical price range for purchasing a vehicle. There is nothing unusual about the application at this stage.",2,This case is straightforward as the amount requested aligns well with the loan goal.,5,,274,,,,,,,
Application_1417653464,rejected,1,2,7,junior_clerk,CheckDocuments,1478248506.0,,,2,The documentation appears to be standard for a car loan application.,5,,497,,,,,,,
Application_1417653464,rejected,1,3,7,junior_clerk,ForwardCase,1478595684.0,,,2,The case is straightforward with a reasonable amount for a car loan.,5,,566,,,,,normal,,
Application_1417653464,rejected,1,4,7,senior_clerk,CheckCreditScore,1479981810.0,,,2,This case is straightforward as the application appears complete and reasonable.,10,,675,,,,,,,
Application_1417653464,rejected,1,5,7,senior_clerk,ValidateApplication,1483013058.0,risk_assessment,"The credit score is missing, which raises concerns about the applicant's creditworthiness. The monthly cost of EUR 399.01 over 60 terms for the requested amount of EUR 21,500 is significant, especially without a credit score to assess risk accurately. This makes the application borderline, as we cannot determine the applicant's ability to repay the loan without credit history.",4,"The absence of a credit score complicates the assessment, making it difficult to evaluate the applicant's financial reliability.",15,,769,,,,,,,
Application_1417653464,rejected,1,6,7,senior_clerk,RequestAdditionalInfo,1486560972.0,reason,"Carlos, the credit score is missing from the credit bureau data, which raises concerns about the applicant's creditworthiness. Can you verify the credit score?",3,The case is straightforward but lacks critical credit information.,15,,1041,,,,,,,
Application_1417653464,rejected,1,7,7,junior_clerk,ReturnApplicationEarly,1486561728.0,,,4,The lack of a credit score makes it impossible to assess the application properly.,5,,1246,,,,,,,
Application_1799331916,approved,0,1,8,junior_clerk,IntakeApplication,1477555602.0,initial_notes,"The requested amount of EUR 5,000 seems reasonable for a car loan, as it could cover a modest vehicle. There is nothing unusual about the application type being new credit.",2,This case is straightforward as the amount aligns with the loan goal.,5,,273,,,,,,,
Application_1799331916,approved,0,2,8,junior_clerk,CheckDocuments,1478188656.0,,,2,The documentation appears to be straightforward and complete for a car loan application.,5,,471,,,,,,,
Application_1799331916,approved,0,3,8,junior_clerk,ForwardCase,1478593698.0,,,2,The case is straightforward with no unusual elements.,5,,540,,,,,normal,,
Application_1799331916,approved,0,4,8,senior_clerk,CheckCreditScore,1479909270.0,,,2,This case is straightforward with complete documentation and a reasonable loan amount.,10,,649,,,,,,,
Application_1799331916,approved,0,5,8,senior_clerk,ValidateApplication,1482935790.0,risk_assessment,"The credit profile is solid, with a credit score of 1061, which is within acceptable limits. The monthly cost of EUR 56.3 for 120 terms aligns well with the requested amount of EUR 5,000 for a car loan. Overall, the application appears consistent and reasonable.",2,The application is straightforward with complete documentation and a reasonable loan request.,15,,741,,,,,,,
Application_1799331916,approved,0,6,8,senior_clerk,EscalateCase,1486475622.0,,,2,The case is straightforward with no discrepancies in the application and credit data.,15,,1012,,,,,,approve,
Application_1799331916,approved,0,7,8,credit_officer,AssessRisk,1486555242.0,,,2,This case is straightforward with no unusual factors or surprises.,10,,1277,,,,,,,low
Application_1799331916,approved,0,8,8,credit_officer,ApproveLoan,1486565742.0,,,2,The case is straightforward with a solid credit profile and reasonable loan request.,5,,1528,,,,,,,
Application_84195997,approved,0,1,8,junior_clerk,IntakeApplication,1477559430.0,initial_notes,"The requested amount of EUR 7,500 seems reasonable for a car loan, assuming it is for a modest vehicle. There is nothing unusual about the application type being new credit.",2,This case is straightforward as the amount aligns with the stated goal.,5,,271,,,,,,,
Application_84195997,approved,0,2,8,junior_clerk,CheckDocuments,1478192106.0,,,2,The documentation appears to be in order for a standard car loan application.,10,,470,,,,,,,
Application_84195997,approved,0,3,8,junior_clerk,ForwardCase,1478595204.0,,,2,The case is straightforward with a reasonable amount for a car loan.,5,,539,,,,,normal,,
Application_84195997,approved,0,4,8,senior_clerk,CheckCreditScore,1479916170.0,,,2,This case is straightforward as the requested amount aligns with the loan goal and there are no unusual flags.,10,,648,,,,,,,
Application_84195997,approved,0,5,8,senior_clerk,ValidateApplication,1483003230.0,risk_assessment,"The credit profile is solid with a high credit score of 977, a monthly cost of EUR 146.09, and a loan term of 60 months, which aligns well with the requested amount of EUR 7,500 for a car loan. There are no apparent risks in approving this application.",2,The application is straightforward with complete documentation and a solid credit score.,15,,740,,,,,,,
Application_84195997,approved,0,6,8,senior_clerk,EscalateCase,1486548102.0,,,2,The case was straightforward with all data aligning well and no discrepancies.,10,,1011,,,,,,approve,
Application_84195997,approved,0,7,8,credit_officer,AssessRisk,1486564422.0,,,2,The application is straightforward with no unusual factors or concerns.,10,,1276,,,,,,,low
Application_84195997,approved,0,8,8,credit_officer,ApproveLoan,1486567062.0,,,2,The case is straightforward with a solid credit profile and no issues found.,5,,1527,,,,,,,
Application_1213009008,rejected,1,1,7,junior_clerk,IntakeApplication,1477563882.0,initial_notes,"The requested amount of EUR 15,000 seems reasonable for a car loan, depending on the type of vehicle being purchased. There is nothing unusual about the application type being a new credit.",2,This case is straightforward as it aligns with typical car loan requests.,5,,274,,,,,,,
Application_1213009008,rejected,1,2,7,junior_clerk,CheckDocuments,1478252496.0,,,2,The documentation appears standard for a car loan application.,5,,489,,,,,,,
Application_1213009008,rejected,1,3,7,junior_clerk,ForwardCase,1478596164.0,,,2,The application is straightforward with no unusual elements.,5,,558,,,,,normal,,
Application_1213009008,rejected,1,4,7,senior_clerk,CheckCreditScore,1479984810.0,,,2,"This case is straightforward, with complete documentation and a reasonable loan request.",10,,667,,,,,,,
Application_1213009008,rejected,1,5,7,senior_clerk,ValidateApplication,1483021698.0,risk_assessment,"The credit score is missing, which raises significant concerns about the applicant's creditworthiness. The monthly cost of EUR 154.11 over 120 terms results in a total repayment of EUR 18,493.20, which is a considerable amount for a loan of EUR 15,000. Without a credit score, it is impossible to assess the risk accurately, making this application borderline unacceptable.",4,"The absence of a credit score complicates the assessment significantly, as it is a critical factor in determining creditworthiness.",15,,762,,,,,,,
Application_1213009008,rejected,1,6,7,senior_clerk,RequestAdditionalInfo,1486632792.0,reason,"Carlos, the credit score is missing from the credit bureau data, which raises significant concerns about the applicant's creditworthiness. Can you verify the credit score?",4,The missing credit score complicates the assessment significantly.,10,,1034,,,,,,,
Application_1213009008,rejected,1,7,7,junior_clerk,ReturnApplicationEarly,1486633212.0,,,2,The lack of a credit score made this case straightforward to assess but ultimately invalid.,5,,1251,,,,,,,
Application_1846291324,rejected,1,1,8,junior_clerk,IntakeApplication,1477585530.0,initial_notes,"The requested amount of EUR 50,000 for an existing loan takeover seems reasonable, as such takeovers can often involve substantial sums. However, I will need to verify the documentation to ensure everything is in order.",2,This case appears straightforward but requires documentation verification.,10,,293,,,,,,,
Application_1846291324,rejected,1,2,8,junior_clerk,CheckDocuments,1478268942.0,,,2,The documentation appears to be complete and straightforward for an existing loan takeover.,10,,519,,,,,,,
Application_1846291324,rejected,1,3,8,junior_clerk,ForwardCase,1478598408.0,,,2,The case is straightforward as the requested amount aligns with the loan goal of an existing loan takeover.,5,,588,,,,,normal,,
Application_1846291324,rejected,1,4,8,senior_clerk,CheckCreditScore,1480004610.0,,,3,"The case involves a loan takeover, which typically requires thorough credit analysis.",15,,697,,,,,,,
Application_1846291324,rejected,1,5,8,senior_clerk,ValidateApplication,1483112178.0,risk_assessment,"The credit score is missing, which raises significant concerns about the applicant's creditworthiness. Although the monthly cost and offered amount align with the requested loan, the absence of a credit score makes it difficult to assess the overall risk. Therefore, this application is borderline and requires further scrutiny.",4,The absence of a credit score complicates the assessment process significantly.,15,,791,,,,,,,
Application_1846291324,rejected,1,6,8,senior_clerk,RequestAdditionalInfo,1486654440.0,reason,"Carlos, the credit score is missing from the credit bureau data, which raises significant concerns about the applicant's creditworthiness. Can you verify whether this is an oversight or if the applicant has a poor credit history?",4,The absence of a credit score complicates the assessment significantly.,15,,1063,,,,,,,
Application_1846291324,rejected,1,7,8,junior_clerk,CheckDocuments,1486658760.0,notes,"The application is missing the credit score, which is essential for assessing the applicant's creditworthiness. This oversight needs to be clarified before proceeding with the case.",4,The missing credit score complicates the assessment of the application.,5,,1309,,,,,,,
Application_1846291324,rejected,1,8,8,junior_clerk,ReturnApplicationEarly,1486659516.0,,,4,The missing credit score makes it impossible to assess the application properly.,5,,1565,,,,,,,
Application_270571049,rejected,1,1,8,junior_clerk,IntakeApplication,1477587570.0,initial_notes,"The requested amount of EUR 5,000 seems reasonable for a car loan, as it could cover a used vehicle or a down payment for a new one. There is nothing unusual about this application at first glance.",2,This case is straightforward as the amount aligns with the loan goal.,5,,272,,,,,,,
Application_270571049,rejected,1,2,8,junior_clerk,CheckDocuments,1478271768.0,,,2,The documentation appears to be standard for a car loan application.,5,,495,,,,,,,
Application_270571049,rejected,1,3,8,junior_clerk,ForwardCase,1478599368.0,,,2,The application is straightforward and meets ordinary expectations for a car loan.,5,,564,,,,,normal,,
Application_270571049,rejected,1,4,8,senior_clerk,CheckCreditScore,1480073250.0,,,2,The case is straightforward with no initial red flags.,10,,673,,,,,,,
Application_270571049,rejected,1,5,8,senior_clerk,ValidateApplication,1483370238.0,risk_assessment,"The credit score is not available, which raises concerns about the applicant's creditworthiness. The monthly cost of EUR 118.15 for a loan of EUR 5,000 over 48 terms is manageable, but the absence of a credit score makes it difficult to assess the overall risk. Therefore, I recommend a conditional approval pending further verification of the applicant's credit history.",4,"The absence of a credit score complicates the assessment, making it harder to evaluate the applicant's risk profile.",15,,766,,,,,,,
Application_270571049,rejected,1,6,8,senior_clerk,RequestAdditionalInfo,1486726920.0,reason,"Carlos, the credit score is not available for this application, which raises concerns about the applicant's creditworthiness. Can you verify if there is an issue with the credit bureau report?",4,The absence of a credit score complicates the assessment of the applicant's creditworthiness.,5,,1038,,,,,,,
Application_270571049,rejected,1,7,8,junior_clerk,CheckDocuments,1486731240.0,notes,"The credit bureau report does not contain a credit score, which is unusual and raises concerns about the applicant's creditworthiness. I will check if there are any discrepancies or issues with the report that could explain the missing credit score.",4,The absence of a credit score complicates the assessment of the application.,10,,1276,,,,,,,
Application_270571049,rejected,1,8,8,junior_clerk,ReturnApplicationEarly,1486732290.0,,,5,The absence of a credit score made this case difficult to assess properly.,5,,1549,,,,,,,
Application_2139692519,approved,0,1,8,junior_clerk,IntakeApplication,1477568082.0,initial_notes,"The requested amount of EUR 15,000 seems reasonable for an existing loan takeover, as it typically aligns with the amounts needed to consolidate or refinance existing debts. There is nothing unusual at first glance.",2,This case is straightforward as it matches common loan parameters for an existing loan takeover.,5,,293,,,,,,,
Application_2139692519,approved,0,2,8,junior_clerk,CheckDocuments,1478255706.0,,,2,The documentation appears to be standard for a loan takeover case.,5,,519,,,,,,,
Application_2139692519,approved,0,3,8,junior_clerk,ForwardCase,1478596644.0,,,2,The case is straightforward as the requested amount aligns well with the loan goal of existing loan takeover.,5,,588,,,,,normal,,
Application_2139692519,approved,0,4,8,senior_clerk,CheckCreditScore,1479987810.0,,,2,This case is straightforward as the application type and loan goal are clear.,15,,697,,,,,,,
Application_2139692519,approved,0,5,8,senior_clerk,ValidateApplication,1483026498.0,risk_assessment,"The applicant has a strong credit score of 887, indicating a solid credit history. The monthly cost of EUR 154.11 for 120 terms aligns well with the requested amount of EUR 15,000 for an existing loan takeover. The profile is consistent and does not present any red flags.",2,The case is straightforward with all necessary information provided and no discrepancies.,15,,791,,,,,,,
Application_2139692519,approved,0,6,8,senior_clerk,EscalateCase,1486633452.0,,,2,The case is straightforward with no discrepancies or unusual factors.,10,,1062,,,,,,approve,
Application_2139692519,approved,0,7,8,credit_officer,AssessRisk,1486641552.0,,,2,This case is straightforward as all documentation is complete and the applicant has a strong credit score.,10,,1327,,,,,,,low
Application_2139692519,approved,0,8,8,credit_officer,ApproveLoan,1486745022.0,,,2,The case is straightforward with all documentation in order and a strong credit score.,5,,1578,,,,,,,
Application_1632505002,rejected,1,1,8,junior_clerk,IntakeApplication,1477646970.0,initial_notes,"The requested amount of EUR 21,000 seems reasonable for a car loan, depending on the type of vehicle being purchased. There is nothing unusual about the loan goal or application type.",2,This case is straightforward as the amount aligns with the purpose of the loan.,5,,274,,,,,,,
Application_1632505002,rejected,1,2,8,junior_clerk,CheckDocuments,1478274768.0,,,2,The case is straightforward with no unusual elements to verify.,5,,483,,,,,,,
Application_1632505002,rejected,1,3,8,junior_clerk,ForwardCase,1478599386.0,,,2,The case is straightforward with no unusual elements.,5,,552,,,,,normal,,
Application_1632505002,rejected,1,4,8,senior_clerk,CheckCreditScore,1480076250.0,,,2,This case is straightforward as the application is complete and the loan goal is typical for a car loan.,15,,661,,,,,,,
Application_1632505002,rejected,1,5,8,senior_clerk,ValidateApplication,1483432878.0,risk_assessment,"The credit score is missing, which raises concerns about the applicant's creditworthiness. The monthly cost of EUR 592.23 is significant compared to the requested amount, and the number of terms (38) suggests a long repayment period. This lack of credit score information makes it difficult to assess the overall risk accurately.",4,The absence of a credit score complicates the assessment significantly.,15,,755,,,,,,,
Application_1632505002,rejected,1,6,8,senior_clerk,RequestAdditionalInfo,1486744740.0,reason,"Carlos, the credit score is missing from the credit bureau data, which raises concerns about the applicant's creditworthiness. Can you verify the credit score for this application?",4,The missing credit score complicates the assessment of the applicant's creditworthiness.,10,,1027,,,,,,,
Application_1632505002,rejected,1,7,8,junior_clerk,CheckDocuments,1486974660.0,notes,"The credit score is missing from the credit bureau data, which is essential for assessing the applicant's creditworthiness.",3,The case is straightforward but lacks a critical piece of information.,5,,1253,,,,,,,
Application_1632505002,rejected,1,8,8,junior_clerk,ReturnApplicationEarly,1486975080.0,,,2,The case is straightforward but lacks critical documentation.,5,,1451,,,,,,,
Application_1836370033,approved,0,1,8,junior_clerk,IntakeApplication,1477570362.0,initial_notes,"The requested amount of EUR 5,000 seems reasonable for an existing loan takeover, as it is a common amount for consolidating smaller loans. There is nothing unusual about the application at this stage.",2,This case is straightforward as the amount aligns with the loan goal.,5,,292,,,,,,,
Application_1836370033,approved,0,2,8,junior_clerk,CheckDocuments,1478256888.0,,,2,The documentation appears to be standard for an existing loan takeover.,5,,518,,,,,,,
Application_1836370033,approved,0,3,8,junior_clerk,ForwardCase,1478597028.0,,,2,The case is straightforward with a reasonable amount for the stated goal.,5,,587,,,,,normal,,
Application_1836370033,approved,0,4,8,senior_clerk,CheckCreditScore,1479990810.0,,,2,Standard case with complete documentation and reasonable loan amount.,10,,696,,,,,,,
Application_1836370033,approved,0,5,8,senior_clerk,ValidateApplication,1483085298.0,risk_assessment,"The applicant has a strong credit score of 961, indicating excellent creditworthiness. The monthly cost of EUR 85.0 over 70 terms is manageable given the requested amount of EUR 5,000. The purpose of the loan for existing loan takeover aligns with the requested amount, which is typical for such cases. Overall, this profile appears solid and consistent with the application details.",2,The case is straightforward with complete documentation and a strong credit score.,15,,786,,,,,,,
Application_1836370033,approved,0,6,8,senior_clerk,EscalateCase,1486634112.0,,,2,The case was straightforward with no discrepancies or missing information.,10,,1057,,,,,,approve,
Application_1836370033,approved,0,7,8,credit_officer,AssessRisk,1486649652.0,,,2,This case is straightforward with no unusual factors to consider.,5,,1322,,,,,,,low
Application_1836370033,approved,0,8,8,credit_officer,ApproveLoan,1486976742.0,,,2,The case is straightforward with a strong credit score and manageable monthly payments.,5,,1573,,,,,,,
Application_1052164642,approved,0,1,8,junior_clerk,IntakeApplication,1477571790.0,initial_notes,"The requested amount of EUR 13,000 seems reasonable for a car loan, depending on the type of vehicle. No unusual aspects noted at this stage.",2,This case is straightforward as the amount aligns with the loan goal.,5,,274,,,,,,,
Application_1052164642,approved,0,2,8,junior_clerk,CheckDocuments,1478258106.0,,,2,The documentation appears to be standard for a car loan application.,5,,441,,,,,,,
Application_1052164642,approved,0,3,8,junior_clerk,ForwardCase,1478597124.0,,,2,The application is straightforward with no unusual aspects.,5,,510,,,,,normal,,
Application_1052164642,approved,0,4,8,senior_clerk,CheckCreditScore,1479993810.0,,,2,Standard case with complete documentation and reasonable loan request.,10,,619,,,,,,,
Application_1052164642,approved,0,5,8,senior_clerk,ValidateApplication,1483090098.0,risk_assessment,"The credit score of 922 is excellent, indicating a strong credit profile. The monthly cost of EUR 257.17 for 57 terms aligns well with the requested amount of EUR 13,000, suggesting affordability. Overall, the application appears solid and consistent with the loan goal of purchasing a car.",2,The application is straightforward with complete documentation and a strong credit score.,15,,712,,,,,,,
Application_1052164642,approved,0,6,8,senior_clerk,EscalateCase,1486634772.0,,,2,The case is straightforward with all data aligning well and no discrepancies noted.,10,,983,,,,,,approve,
Application_1052164642,approved,0,7,8,credit_officer,AssessRisk,1486657752.0,,,2,This case is straightforward with no unusual aspects or surprises.,5,,1248,,,,,,,low
Application_1052164642,approved,0,8,8,credit_officer,ApproveLoan,1486986162.0,,,2,The case is straightforward with no unusual aspects or risks identified.,5,,1499,,,,,,,
Application_1735095439,approved,0,1,8,junior_clerk,IntakeApplication,1477573590.0,initial_notes,"The requested amount of EUR 15,000 seems reasonable for home improvement purposes, as it can cover significant renovations. There is nothing unusual about the application type being new credit.",2,This case is straightforward as the amount aligns well with the stated goal.,5,,287,,,,,,,
Application_1735095439,approved,0,2,8,junior_clerk,CheckDocuments,1478259288.0,,,2,"The documentation appears to be straightforward and complete, allowing for a quick review.",10,,506,,,,,,,
Application_1735095439,approved,0,3,8,junior_clerk,ForwardCase,1478597508.0,,,2,The case is straightforward with a reasonable amount for home improvement.,5,,575,,,,,normal,,
Application_1735095439,approved,0,4,8,senior_clerk,CheckCreditScore,1479996810.0,,,2,This case is straightforward with complete documentation and a reasonable loan amount.,10,,684,,,,,,,
Application_1735095439,approved,0,5,8,senior_clerk,ValidateApplication,1483094898.0,risk_assessment,"The applicant has an excellent credit score of 957, which indicates a strong creditworthiness. The monthly cost of EUR 154.11 is manageable within the offered amount of EUR 15,000 over 120 terms. The application aligns well with the stated loan goal of home improvement, making it a solid profile for approval.",2,The case is straightforward with all documentation complete and credit data supporting the application.,15,,778,,,,,,,
Application_1735095439,approved,0,6,8,senior_clerk,EscalateCase,1486635432.0,,,2,The case is straightforward with all necessary information aligned and no discrepancies.,10,,1049,,,,,,approve,
Application_1735095439,approved,0,7,8,credit_officer,AssessRisk,1486723452.0,,,2,The case is straightforward with all documentation complete and a strong credit score.,5,,1314,,,,,,,low
Application_1735095439,approved,0,8,8,credit_officer,ApproveLoan,1486987482.0,,,2,The case was straightforward with all documentation in order and a strong credit score.,5,,1565,,,,,,,
Application_79681847,rejected,0,1,8,junior_clerk,IntakeApplication,1477581036.0,initial_notes,"The requested amount of EUR 6,500 for tax payments seems reasonable, as tax liabilities can vary significantly. However, it is unusual for a loan to be specifically for tax payments, which may raise questions about the applicant's financial situation.",3,The case is straightforward but raises some concerns about the purpose of the loan.,5,,280,,,,,,,
Application_79681847,rejected,0,2,8,junior_clerk,CheckDocuments,1478266542.0,,,2,The case is straightforward with the requested amount being reasonable for the stated goal.,10,,506,,,,,,,
Application_79681847,rejected,0,3,8,junior_clerk,ForwardCase,1478598360.0,,,2,"The case is straightforward, but the purpose for tax payments is somewhat unusual.",5,,575,,,,,normal,,
Application_79681847,rejected,0,4,8,senior_clerk,CheckCreditScore,1480000710.0,,,3,The case involves a specific loan purpose which may require careful assessment.,15,,684,,,,,,,
Application_79681847,rejected,0,5,8,senior_clerk,ValidateApplication,1483103538.0,risk_assessment,"The credit score is not available, which raises concerns about the applicant's creditworthiness. The offered amount of EUR 5,000 is below the requested amount of EUR 6,500, and the monthly cost of EUR 100.25 over 58 terms suggests a long repayment period, which may indicate higher risk. Additionally, the purpose of the loan for tax payments is unusual and could imply financial distress.",4,The absence of a credit score and the unusual loan purpose made this case more challenging to assess.,15,,777,,,,,,,
Application_79681847,rejected,0,6,8,senior_clerk,EscalateCase,1486636620.0,,,4,The case is complicated by the absence of a credit score and the mismatch between the requested and offered amounts.,15,,1049,,,,,,reject,
Application_79681847,rejected,0,7,8,credit_officer,AssessRisk,1486743702.0,,,5,The lack of a credit score and the specific loan purpose complicate the assessment significantly.,15,,1313,,,,,,,high
Application_79681847,rejected,0,8,8,credit_officer,RejectLoan,1486988886.0,rejection_notes,"The absence of a credit score significantly undermines the assessment of the applicant's creditworthiness. Additionally, the requested amount of EUR 6,500 exceeds the offered amount of EUR 5,000, which raises further concerns. The specific purpose of the loan for tax payments also adds to the uncertainty regarding the applicant's financial situation.",3,"The case was straightforward but complicated by the absence of a credit score, which is a critical factor in risk assessment.",10,,1565,,,,,,,
Application_5901167,approved,0,1,8,junior_clerk,IntakeApplication,1477585770.0,initial_notes,"The requested amount of EUR 5,000 seems reasonable for an existing loan takeover, as it typically aligns with the amounts needed to consolidate smaller loans. There is nothing unusual about the application type being new credit in this context.",2,This case is straightforward as the amount and purpose align well.,5,,289,,,,,,,
Application_5901167,approved,0,2,8,junior_clerk,CheckDocuments,1478271342.0,,,2,"The documentation appears to be in order, with no missing items.",5,,515,,,,,,,
Application_5901167,approved,0,3,8,junior_clerk,ForwardCase,1478598888.0,,,2,The case is straightforward as the requested amount aligns well with the loan goal of existing loan takeover.,5,,584,,,,,normal,,
Application_5901167,approved,0,4,8,senior_clerk,CheckCreditScore,1480070250.0,,,2,The case is straightforward with a reasonable loan amount for its purpose.,10,,693,,,,,,,
Application_5901167,approved,0,5,8,senior_clerk,ValidateApplication,1483361598.0,risk_assessment,"The applicant has a high credit score of 964, indicating a strong creditworthiness. The monthly cost of EUR 100.0 is manageable given the offered amount of EUR 5,000 and the number of terms is reasonable at 58. Overall, the profile is solid and consistent with the loan goal of existing loan takeover.",2,The application is straightforward with complete documentation and a strong credit score.,15,,784,,,,,,,
Application_5901167,approved,0,6,8,senior_clerk,EscalateCase,1486655100.0,,,2,This case was straightforward with no surprises in the application or credit data.,10,,1055,,,,,,approve,
Application_5901167,approved,0,7,8,credit_officer,AssessRisk,1486984842.0,,,2,This case is straightforward with no unusual factors or surprises.,5,,1320,,,,,,,low
Application_5901167,approved,0,8,8,credit_officer,ApproveLoan,1486990206.0,,,2,The case is straightforward with complete documentation and a high credit score.,5,,1550,,,,,,,
Application_200942443,rejected,1,1,8,junior_clerk,IntakeApplication,1477648770.0,initial_notes,"The requested amount of EUR 34,000 for home improvement seems reasonable, as home renovations can often require significant funding. However, I will need to check the documentation to ensure everything is in order.",2,This case appears straightforward as the amount aligns with the loan goal.,5,,286,,,,,,,
Application_200942443,rejected,1,2,8,junior_clerk,CheckDocuments,1478275404.0,,,2,The documentation appears to be complete and valid for a home improvement loan.,10,,512,,,,,,,
Application_200942443,rejected,1,3,8,junior_clerk,ForwardCase,1478599848.0,,,2,The case is straightforward with a reasonable amount for the stated goal.,5,,581,,,,,normal,,
Application_200942443,rejected,1,4,8,senior_clerk,CheckCreditScore,1480079250.0,,,2,This case is straightforward as the requested amount aligns with common home improvement loans.,10,,690,,,,,,,
Application_200942443,rejected,1,5,8,senior_clerk,ValidateApplication,1483441518.0,risk_assessment,"The credit score is missing, which raises concerns about the applicant's creditworthiness. The monthly cost of EUR 346.2 and the requested amount of EUR 34,000 for home improvement over 120 terms indicates a significant financial commitment. Without a credit score, it is difficult to assess the risk accurately. Therefore, this application is borderline and requires further scrutiny.",4,The absence of a credit score complicates the assessment process significantly.,15,,784,,,,,,,
Application_200942443,rejected,1,6,8,senior_clerk,RequestAdditionalInfo,1486989360.0,reason,"Carlos, the credit score is missing from the credit bureau data, which raises concerns about the applicant's creditworthiness. Can you verify whether there was an issue obtaining the credit score?",4,The missing credit score complicates the assessment of the applicant's creditworthiness.,10,,1056,,,,,,,
Application_200942443,rejected,1,7,8,junior_clerk,CheckDocuments,1486992480.0,notes,"The application is missing the credit score, which is essential for assessing the applicant's creditworthiness. I will check if there was an issue obtaining it.",3,"The case is straightforward, but the missing credit score adds a layer of complexity.",5,,1298,,,,,,,
Application_200942443,rejected,1,8,8,junior_clerk,ReturnApplicationEarly,1486992900.0,,,2,The lack of a credit score made this case straightforward to assess as incomplete.,5,,1533,,,,,,,
Application_1194573334,rejected,1,1,8,junior_clerk,IntakeApplication,1477650570.0,initial_notes,"The requested amount of EUR 19,000 seems reasonable for a car loan, as it can cover a mid-range vehicle. There is nothing unusual about the loan goal or application type.",2,This case is straightforward as the amount aligns with the stated goal.,5,,274,,,,,,,
Application_1194573334,rejected,1,2,8,junior_clerk,CheckDocuments,1478277168.0,,,2,The application appears straightforward with no unusual elements to check.,10,,470,,,,,,,
Application_1194573334,rejected,1,3,8,junior_clerk,ForwardCase,1478599866.0,,,2,The case is straightforward with a reasonable amount for a car loan.,5,,539,,,,,normal,,
Application_1194573334,rejected,1,4,8,senior_clerk,CheckCreditScore,1480082250.0,,,2,This case is straightforward as the application and documentation are complete.,10,,648,,,,,,,
Application_1194573334,rejected,1,5,8,senior_clerk,ValidateApplication,1483450158.0,risk_assessment,"The credit score is missing, which raises significant concerns about the applicant's creditworthiness. Without a credit score, it's impossible to assess the risk adequately. The monthly cost of EUR 352.61 for a loan amount of EUR 19,000 over 60 terms is substantial and could indicate financial strain. Given these factors, I recommend rejecting the application due to the lack of credit score and potential risk of default.",4,The absence of a credit score makes this case particularly challenging to assess.,15,,742,,,,,,,
Application_1194573334,rejected,1,6,8,senior_clerk,RequestAdditionalInfo,1487061180.0,reason,"Carlos, the credit score is missing from the credit bureau data, which raises significant concerns about the applicant's creditworthiness. Can you verify if there was an issue retrieving this information?",4,The absence of the credit score complicates the assessment significantly.,10,,1014,,,,,,,
Application_1194573334,rejected,1,7,8,junior_clerk,CheckDocuments,1487064300.0,notes,"The credit score is missing from the credit bureau data, which is essential for assessing the applicant's creditworthiness.",3,The case is straightforward but lacks a critical piece of information.,5,,1260,,,,,,,
Application_1194573334,rejected,1,8,8,junior_clerk,ReturnApplicationEarly,1487065056.0,,,4,The absence of a credit score makes it impossible to evaluate the application properly.,5,,1458,,,,,,,
Application_1485367187,approved,0,1,8,junior_clerk,IntakeApplication,1477652370.0,initial_notes,"The requested amount of EUR 7,000 seems reasonable for a car loan, as it aligns with typical financing for a vehicle purchase. There is nothing unusual about the application type being a new credit.",2,This case is straightforward as it aligns with common lending practices for car loans.,5,,273,,,,,,,
Application_1485367187,approved,0,2,8,junior_clerk,CheckDocuments,1478278284.0,,,2,The documentation appears to be standard for a car loan application.,5,,497,,,,,,,
Application_1485367187,approved,0,3,8,junior_clerk,ForwardCase,1478600328.0,,,2,The case is straightforward with a reasonable amount for a car loan and complete documentation.,5,,566,,,,,normal,,
Application_1485367187,approved,0,4,8,senior_clerk,CheckCreditScore,1480085250.0,,,2,This case is straightforward as it involves a typical car loan application with complete documentation.,10,,675,,,,,,,
Application_1485367187,approved,0,5,8,senior_clerk,ValidateApplication,1483454958.0,risk_assessment,"The applicant has a strong credit score of 885, which is well above the acceptable range. The monthly cost of EUR 311.24 for the offered amount of EUR 7,000 over 24 terms indicates a manageable repayment plan. Overall, the profile is solid and consistent with the loan goal of financing a car.",2,The application is straightforward with complete documentation and a strong credit profile.,15,,767,,,,,,,
Application_1485367187,approved,0,6,8,senior_clerk,EscalateCase,1487061840.0,,,2,This case was straightforward with no surprises and all information aligned well.,10,,1038,,,,,,approve,
Application_1485367187,approved,0,7,8,credit_officer,AssessRisk,1487070900.0,,,2,This case is straightforward due to the strong credit score and reasonable loan request.,10,,1303,,,,,,,low
Application_1485367187,approved,0,8,8,credit_officer,ApproveLoan,1487072220.0,,,2,The application was straightforward with no unusual factors or concerns.,5,,1554,,,,,,,
Application_276603327,rejected,1,1,7,junior_clerk,IntakeApplication,1477654170.0,initial_notes,"The requested amount of EUR 16,500 seems reasonable for a car loan, as it aligns with typical financing for a mid-range vehicle. There is nothing unusual about the application type being new credit.",2,This case is straightforward as the amount aligns with the loan goal.,5,,273,,,,,,,
Application_276603327,rejected,1,2,7,junior_clerk,CheckDocuments,1478507484.0,,,2,The application appears straightforward with no unusual elements.,5,,497,,,,,,,
Application_276603327,rejected,1,3,7,junior_clerk,ForwardCase,1478600346.0,,,2,The case is straightforward with a reasonable amount for a car loan.,5,,566,,,,,normal,,
Application_276603327,rejected,1,4,7,senior_clerk,CheckCreditScore,1480088250.0,,,2,This case is straightforward as the requested amount aligns with typical financing for a car loan.,10,,675,,,,,,,
Application_276603327,rejected,1,5,7,senior_clerk,ValidateApplication,1483517598.0,risk_assessment,"The credit score is missing, which raises concerns about the applicant's creditworthiness. The monthly cost of EUR 306.21 over 60 terms indicates a significant financial commitment, but without a credit score, it's difficult to assess the risk accurately. The offered amount of EUR 16,500 matches the requested amount, but the lack of credit score information is a major red flag.",4,"The absence of a credit score complicates the assessment significantly, making it hard to evaluate the applicant's financial reliability.",15,,769,,,,,,,
Application_276603327,rejected,1,6,7,senior_clerk,RequestAdditionalInfo,1487079660.0,reason,"Carlos, the credit score for this application is missing, which raises concerns about the applicant's creditworthiness. Can you provide the credit score to help assess the risk more accurately?",4,The missing credit score adds uncertainty to the assessment.,5,,1041,,,,,,,
Application_276603327,rejected,1,7,7,junior_clerk,ReturnApplicationEarly,1487080206.0,,,3,The case is straightforward but lacks critical information needed for assessment.,5,,1280,,,,,,,
Application_1038660996,rejected,1,1,7,junior_clerk,IntakeApplication,1477654830.0,initial_notes,"The requested amount of EUR 70,000 for an existing loan takeover seems reasonable, as it could cover a significant portion of a larger loan. However, I will need to verify the documentation to ensure everything aligns properly.",2,"This case is straightforward, but the amount is on the higher side for a takeover.",5,,293,,,,,,,
Application_1038660996,rejected,1,2,7,junior_clerk,CheckDocuments,1478509884.0,,,2,The case appears straightforward with a reasonable loan amount for the stated goal.,10,,519,,,,,,,
Application_1038660996,rejected,1,3,7,junior_clerk,ForwardCase,1478600826.0,,,2,"The request for EUR 70,000 for an existing loan takeover is reasonable and the documentation is complete.",5,,588,,,,,normal,,
Application_1038660996,rejected,1,4,7,senior_clerk,CheckCreditScore,1480092150.0,,,3,"This case involves a loan takeover, which typically requires thorough credit analysis.",15,,697,,,,,,,
Application_1038660996,rejected,1,5,7,senior_clerk,ValidateApplication,1483526238.0,risk_assessment,"The credit score is missing, which raises concerns about the applicant's creditworthiness. The offered amount of EUR 66,000 is below the requested EUR 70,000, and the monthly cost of EUR 700 over 117 terms indicates a long repayment period, which could be a risk factor. Overall, the lack of a credit score and the discrepancy in amounts make this application borderline.",4,The absence of a credit score complicates the assessment significantly.,15,,791,,,,,,,
Application_1038660996,rejected,1,6,7,senior_clerk,RequestAdditionalInfo,1487151480.0,reason,"Carlos, the credit score is missing from the credit bureau data, which raises concerns about the applicant's creditworthiness. Can you verify the credit score?",4,The missing credit score complicates the assessment of the applicant's profile.,10,,1063,,,,,,,
Application_1038660996,rejected,1,7,7,junior_clerk,ReturnApplicationEarly,1487152530.0,,,5,The case is difficult due to the missing credit score and the discrepancy between the requested and offered amounts.,5,,1268,,,,,,,
Application_1223092363,rejected,0,1,8,junior_clerk,IntakeApplication,1477655970.0,initial_notes,"The requested amount of EUR 10,000 seems reasonable for an existing loan takeover, as it typically aligns with the amounts needed to consolidate or refinance existing debts. There is nothing unusual about the application type being a new credit for this purpose.",2,This case is straightforward as the amount and purpose align well.,5,,293,,,,,,,
Application_1223092363,rejected,0,2,8,junior_clerk,CheckDocuments,1478510688.0,,,2,The documentation appears to be complete and straightforward for an existing loan takeover.,10,,519,,,,,,,
Application_1223092363,rejected,0,3,8,junior_clerk,ForwardCase,1478601306.0,,,2,The case is straightforward as the requested amount aligns well with the loan goal of existing loan takeover.,5,,588,,,,,normal,,
Application_1223092363,rejected,0,4,8,senior_clerk,CheckCreditScore,1480321950.0,,,2,This case is straightforward with complete documentation and a reasonable loan request.,10,,697,,,,,,,
Application_1223092363,rejected,0,5,8,senior_clerk,ValidateApplication,1483531038.0,risk_assessment,"The credit score of 758 is solid, indicating a good credit history. The monthly cost of EUR 189.08 for 60 terms aligns with the requested amount of EUR 10,000 for an existing loan takeover, suggesting that the client can manage the repayment. Overall, the profile appears consistent and acceptable for approval.",2,The application is straightforward with complete documentation and a solid credit score.,15,,790,,,,,,,
Application_1223092363,rejected,0,6,8,senior_clerk,EscalateCase,1487152140.0,,,2,"This case was straightforward with no surprises, and all data aligned well.",15,,1061,,,,,,approve,
Application_1223092363,rejected,0,7,8,credit_officer,AssessRisk,1487162670.0,,,3,"The case is straightforward, but the existing loan takeover aspect requires careful consideration of the applicant's financial history.",15,,1326,,,,,,,medium
Application_1223092363,rejected,0,8,8,credit_officer,RejectLoan,1487237874.0,rejection_notes,"While the credit score is solid, the purpose of the loan raises concerns about the applicant's financial management history, which is critical for the bank's stability.",3,"The case presented a clear credit score but raised concerns regarding the purpose of the loan, making it necessary to weigh the risks carefully.",15,,1580,,,,,,,
Application_1529928107,approved,0,1,8,junior_clerk,IntakeApplication,1477656630.0,initial_notes,"The requested amount of EUR 15,000 seems reasonable for home improvement purposes, as it can cover significant renovations or upgrades. There is nothing unusual about the application type being new credit.",2,This case is straightforward as the amount aligns well with the stated goal.,5,,287,,,,,,,
Application_1529928107,approved,0,2,8,junior_clerk,CheckDocuments,1478512284.0,,,2,The documentation appears to be standard for a home improvement loan application.,10,,513,,,,,,,
Application_1529928107,approved,0,3,8,junior_clerk,ForwardCase,1478601564.0,,,2,The case is straightforward with a reasonable amount for the stated goal.,5,,582,,,,,normal,,
Application_1529928107,approved,0,4,8,senior_clerk,CheckCreditScore,1480333590.0,,,2,The case is straightforward with complete documentation and a reasonable loan goal.,15,,691,,,,,,,
Application_1529928107,approved,0,5,8,senior_clerk,ValidateApplication,1483537488.0,risk_assessment,"The applicant has a strong credit score of 765, which indicates a solid credit history. The monthly cost of EUR 150.0 is reasonable given the offered amount of EUR 15,000 and the number of terms (127). This suggests that the applicant can manage the repayment comfortably. Overall, the application appears consistent and solid.",2,The application is straightforward with complete documentation and a solid credit score.,15,,784,,,,,,,
Application_1529928107,approved,0,6,8,senior_clerk,EscalateCase,1487152800.0,,,2,The case is straightforward with all necessary information and a strong credit profile.,10,,1055,,,,,,approve,
Application_1529928107,approved,0,7,8,credit_officer,AssessRisk,1487170770.0,,,2,The case is straightforward with a strong credit score and reasonable monthly cost.,10,,1320,,,,,,,low
Application_1529928107,approved,0,8,8,credit_officer,ApproveLoan,1487239194.0,,,2,The case is straightforward with all necessary information provided and no issues identified.,3,,1571,,,,,,,
Application_2116628095,rejected,0,1,8,junior_clerk,IntakeApplication,1477657770.0,initial_notes,"The requested amount of EUR 12,000 seems reasonable for home improvement purposes, as it can cover significant renovations or upgrades. There is nothing unusual about the application type being new credit.",2,This case is straightforward as the amount aligns with the stated goal.,5,,287,,,,,,,
Application_2116628095,rejected,0,2,8,junior_clerk,CheckDocuments,1478513088.0,,,2,The documentation appears to be standard for a home improvement loan.,5,,513,,,,,,,
Application_2116628095,rejected,0,3,8,junior_clerk,ForwardCase,1478601786.0,,,2,"The application is straightforward, with a reasonable amount for the stated goal.",5,,582,,,,,normal,,
Application_2116628095,rejected,0,4,8,senior_clerk,CheckCreditScore,1480336590.0,,,2,The case appears straightforward with complete documentation and a reasonable loan request.,15,,691,,,,,,,
Application_2116628095,rejected,0,5,8,senior_clerk,ValidateApplication,1483546128.0,risk_assessment,"The credit score of 1048 is below the acceptable threshold, indicating potential credit risk. The offered amount of EUR 10,000 is lower than the requested EUR 12,000, which may not fully cover the home improvement goal. The monthly cost of EUR 124.88 over 98 terms suggests a long repayment period, which could strain the borrower's finances.",4,"The case presents a low credit score and a discrepancy between the requested and offered amounts, requiring careful assessment.",15,,785,,,,,,,
Application_2116628095,rejected,0,6,8,senior_clerk,EscalateCase,1487153460.0,,,2,The case presented clear credit risk indicators and a discrepancy between the requested and offered amounts.,15,,1057,,,,,,reject,
Application_2116628095,rejected,0,7,8,credit_officer,AssessRisk,1487236470.0,,,2,The case is straightforward but carries significant risk due to the low credit score and insufficient loan amount.,15,,1321,,,,,,,high
Application_2116628095,rejected,0,8,8,credit_officer,RejectLoan,1487240274.0,rejection_notes,"The applicant's credit score raises concerns about their ability to repay the loan, and the offered amount does not cover the full requested amount for necessary home improvements.",2,The case was straightforward but had a clear risk factor due to the low credit score.,3,,1573,,,,,,,
