case_id,case_status,rework_count,step,n_steps_case,role,tool,sim_timestamp,note_field,justification,complexity,complexity_rationale,typical_minutes,raw_content,context_chars,coherence,criteria,asymmetry_ok,refers_to_prior,flag_priority,flag_recommendation,flag_risk_category
Application_1791993593,rejected,0,1,1,junior_clerk,ReturnApplicationEarly,1476864294.0,,,1,The case is clearly invalid due to the requested amount being zero.,5,,273,,,,,,,
Application_1264408299,rejected,0,1,1,junior_clerk,ReturnApplicationEarly,1476866145.521,,,1,This case is straightforward as the request is clearly invalid.,1,,273,,,,,,,
Application_92624898,rejected,0,1,2,junior_clerk,IntakeApplication,1476868166.103,initial_notes,"The requested amount of EUR 26,000 for an existing loan takeover seems reasonable, as it could be used to consolidate or refinance a larger loan. However, the application type as a limit raise is unusual for a takeover, which typically suggests a new loan application. This discrepancy may need further investigation.",4,The case presents an unusual application type that may require clarification.,5,,292,,,,,,,
Application_92624898,rejected,0,2,2,junior_clerk,ReturnApplicationEarly,1476868620.0,,,2,The contradiction between the application type and loan goal made this case straightforward to assess.,5,,518,,,,,,,
Application_1947622904,rejected,0,1,3,junior_clerk,IntakeApplication,1476867732.725,initial_notes,"The requested amount of EUR 15,000 seems reasonable for home improvement purposes, as it can cover significant renovations. However, it's unusual that this is a limit raise application, as it typically implies an existing credit line. Clarification on the current credit situation may be needed.",3,The case is straightforward but raises questions about the application type.,5,,288,,,,,,,
Application_1947622904,rejected,0,2,3,junior_clerk,CheckDocuments,1476870852.725,notes,"The application is a limit raise, but it lacks proof of income and a current loan statement, which are essential for assessing the applicant's ability to manage the increased limit.",3,The case is straightforward but lacks essential documentation for a limit raise.,5,,514,,,,,,,
Application_1947622904,rejected,0,3,3,junior_clerk,ReturnApplicationEarly,1476871876.511,,,3,The case was straightforward but lacked critical documentation.,5,,770,,,,,,,
Application_466597591,rejected,0,1,1,junior_clerk,ReturnApplicationEarly,1476872216.473,,,1,The case is clearly invalid due to a requested amount of zero.,1,,275,,,,,,,
Application_608775916,rejected,0,1,3,junior_clerk,IntakeApplication,1476867240.0,initial_notes,"The requested amount of EUR 10,000 seems reasonable for an unspecified loan goal, but the 'Other' category raises some questions about the specific use of the funds. I will need to verify the documentation to ensure clarity on the purpose of this loan.",4,The unspecified loan goal adds a layer of uncertainty that may complicate the assessment.,5,,292,,,,,,,
Application_608775916,rejected,0,2,3,junior_clerk,CheckDocuments,1476871560.0,notes,"The application indicates an 'Other' loan goal, which requires a detailed explanation of the intended use of the funds. This document is missing.",4,"The case is straightforward, but the missing explanation for the loan purpose complicates the assessment.",5,,518,,,,,,,
Application_608775916,rejected,0,3,3,junior_clerk,ReturnApplicationEarly,1476872554.968,,,2,The case is straightforward but lacks essential documentation.,5,,738,,,,,,,
Application_1608263264,rejected,0,1,3,junior_clerk,IntakeApplication,1476870094.888,initial_notes,"The requested amount of EUR 30,000 for an extra spending limit seems unusually high for a limit raise. This could indicate a need for further scrutiny.",4,"The amount requested is significantly higher than typical limit raises, raising concerns.",5,,292,,,,,,,
Application_1608263264,rejected,0,2,3,junior_clerk,CheckDocuments,1476874414.888,notes,"The application lacks income verification and a statement of the current credit limit, which are essential for assessing the validity of a limit raise request.",4,The case is complicated by missing critical documents that are necessary for evaluation.,10,,469,,,,,,,
Application_1608263264,rejected,0,3,3,junior_clerk,ReturnApplicationEarly,1476876275.022,,,2,The case was straightforward but incomplete due to missing essential documents.,5,,703,,,,,,,
Application_799850065,rejected,0,1,1,junior_clerk,ReturnApplicationEarly,1476876590.473,,,1,The application is clearly invalid due to the zero requested amount.,1,,281,,,,,,,
Application_1487539906,rejected,0,1,1,junior_clerk,ReturnApplicationEarly,1476877364.473,,,1,This case is clearly invalid due to the requested amount being zero.,5,,273,,,,,,,
Application_1151598575,rejected,0,1,1,junior_clerk,ReturnApplicationEarly,1476880108.888,,,1,This case is clearly invalid due to the requested amount being zero.,1,,273,,,,,,,
Application_835024653,rejected,0,1,3,junior_clerk,IntakeApplication,1476874221.622,initial_notes,"The requested amount of EUR 5,000 seems reasonable for a vague loan goal of 'Other', but without further details, it's hard to assess its credibility. The application type is for new credit, which is standard.",3,The case is straightforward but lacks clarity on the loan goal.,5,,291,,,,,,,
Application_835024653,rejected,0,2,3,junior_clerk,CheckDocuments,1476880080.0,notes,"The loan goal is listed as 'Other' without any specific details, making it difficult to assess the purpose of the loan.",4,The vague loan goal requires additional clarification to proceed.,10,,517,,,,,,,
Application_835024653,rejected,0,3,3,junior_clerk,ReturnApplicationEarly,1476881392.511,,,4,The vague loan goal left the application unclear and unassessable.,5,,711,,,,,,,
Application_137438189,rejected,0,1,1,junior_clerk,ReturnApplicationEarly,1476884198.473,,,1,This case is clearly invalid due to the requested amount being zero.,1,,272,,,,,,,
Application_1585601222,rejected,0,1,3,junior_clerk,IntakeApplication,1476876522.303,initial_notes,"The requested amount of EUR 35,000 for home improvement seems reasonable, as home renovations can often require significant funding. However, I will need to ensure that the documentation supports this request.",2,This case appears straightforward with a reasonable amount for the stated goal.,5,,287,,,,,,,
Application_1585601222,rejected,0,2,3,junior_clerk,CheckDocuments,1476882306.988,notes,"Checked the submitted documentation for completeness and validity. However, it appears that some documents are missing, which prevents a full assessment of the application.",4,"The case is straightforward, but the missing documents complicate the assessment.",10,,513,,,,,,,
Application_1585601222,rejected,0,3,3,junior_clerk,ReturnApplicationEarly,1476884721.622,,,2,The case was straightforward but incomplete due to missing documents.,5,,760,,,,,,,
Application_1069511528,rejected,0,1,1,junior_clerk,ReturnApplicationEarly,1476887517.224,,,1,This case is clearly invalid due to the requested amount being zero.,1,,288,,,,,,,
Application_1733106091,rejected,0,1,3,junior_clerk,IntakeApplication,1476879762.303,initial_notes,"The requested amount of EUR 5,500 seems reasonable for an unspecified loan goal labeled as 'Other'. However, without further details on the explanation, it's hard to assess if this amount aligns with the intended use. It may warrant a closer look depending on the explanation provided.",4,The lack of specific details about the loan goal makes this case slightly more complex than usual.,5,,292,,,,,,,
Application_1733106091,rejected,0,2,3,junior_clerk,CheckDocuments,1476884554.968,notes,"The application lacks a clear explanation for the loan goal labeled as 'Other', making it difficult to assess the appropriateness of the requested amount.",4,The case is straightforward but lacks necessary information to proceed.,5,,518,,,,,,,
Application_1733106091,rejected,0,3,3,junior_clerk,ReturnApplicationEarly,1476887568.725,,,4,The lack of clarity regarding the loan goal made this case difficult to process.,5,,747,,,,,,,
Application_1104839673,rejected,0,1,1,junior_clerk,ReturnApplicationEarly,1476887862.725,,,1,This case is straightforward as it is clearly invalid due to the requested amount being zero.,1,,288,,,,,,,
Application_2069545303,rejected,0,1,2,junior_clerk,IntakeApplication,1476885423.224,initial_notes,"The requested amount of EUR 15,000 is significant, but the loan goal is unknown, which raises concerns about the purpose of the loan. This lack of clarity makes it difficult to assess the validity of the application.",4,The unknown loan goal complicates the assessment of this application.,5,,278,,,,,,,
Application_2069545303,rejected,0,2,2,junior_clerk,ReturnApplicationEarly,1476888442.511,,,5,The lack of a stated loan goal makes this case difficult to assess.,5,,504,,,,,,,
Application_937270089,rejected,0,1,2,junior_clerk,IntakeApplication,1476887880.0,initial_notes,"The requested amount of EUR 52,500 seems unusually high for a caravan or camper, which typically costs significantly less. This raises a flag about the validity of the loan goal.",4,"The amount requested is unusually high for the stated purpose, which could indicate a potential issue.",5,,286,,,,,,,
Application_937270089,rejected,0,2,2,junior_clerk,ReturnApplicationEarly,1476890388.303,,,3,The case was straightforward but raised a significant flag due to the high requested amount for the stated purpose.,5,,490,,,,,,,
Application_403304705,rejected,0,1,3,junior_clerk,IntakeApplication,1476883904.473,initial_notes,"The requested amount of EUR 8,500 seems reasonable for home improvement, as it can cover various renovations or upgrades. The application type as a limit raise is unusual since it's typically associated with existing credit lines, but it might make sense if the applicant is looking to enhance their home significantly.",3,"The case is straightforward, but the limit raise application type raises a question.",5,,286,,,,,,,
Application_403304705,rejected,0,2,3,junior_clerk,CheckDocuments,1476889646.103,notes,"The application is missing crucial documents that are typically required for a limit raise, including proof of income and an estimate for the home improvement project.",4,The case is straightforward but lacks essential documentation for processing.,10,,512,,,,,,,
Application_403304705,rejected,0,3,3,junior_clerk,ReturnApplicationEarly,1476891455.022,,,2,The case was straightforward but lacked necessary documentation.,5,,754,,,,,,,
Application_617376389,rejected,0,1,8,junior_clerk,IntakeApplication,1476865800.0,initial_notes,"The requested amount of EUR 5,000 seems reasonable for home improvement purposes, as it can cover minor renovations or upgrades. There is nothing unusual about the application type being new credit.",2,This case is straightforward as the amount aligns well with the stated goal.,5,,285,,,,,,,
Application_617376389,rejected,0,2,8,junior_clerk,CheckDocuments,1476868200.0,,,2,The application appears straightforward with no missing information.,5,,509,,,,,,,
Application_617376389,rejected,0,3,8,junior_clerk,ForwardCase,1476868680.0,,,2,The case is straightforward with no unusual elements.,5,,578,,,,,normal,,
Application_617376389,rejected,0,4,8,senior_clerk,CheckCreditScore,1476871680.0,,,2,The case is straightforward with complete documentation and a reasonable loan request.,10,,687,,,,,,,
Application_617376389,rejected,0,5,8,senior_clerk,ValidateApplication,1476876480.0,risk_assessment,"The applicant's credit score of 1085 is within an acceptable range, and the requested amount of EUR 5,000 aligns with the purpose of home improvement. The monthly cost of EUR 252.12 over 21 terms is manageable given the offered amount. Overall, the profile appears solid and consistent.",2,The application is straightforward with complete documentation and a reasonable loan amount.,15,,780,,,,,,,
Application_617376389,rejected,0,6,8,senior_clerk,EscalateCase,1476882013.845,,,2,The case is straightforward with all necessary information provided and aligned.,15,,1051,,,,,,approve,
Application_617376389,rejected,0,7,8,credit_officer,AssessRisk,1476890113.845,,,2,"The case is straightforward, but the credit score being on the lower end requires careful consideration.",10,,1316,,,,,,,medium
Application_617376389,rejected,0,8,8,credit_officer,RejectLoan,1476891517.845,rejection_notes,"Despite the reasonable loan purpose and acceptable credit score, the risk factors associated with the lower credit score and high monthly cost necessitate a rejection to ensure the bank's stability.",3,The case presented clear risk factors that were not adequately addressed by the initial assessment.,10,,1570,,,,,,,
Application_1332066828,rejected,0,1,3,junior_clerk,IntakeApplication,1476883595.022,initial_notes,"The requested amount of EUR 17,000 seems high for an unspecified loan goal labeled as 'Other'. This raises a flag as the purpose of the loan is unclear, which could lead to potential issues in assessing the application.",4,The lack of a clear loan goal makes this case more complex than usual.,5,,293,,,,,,,
Application_1332066828,rejected,0,2,3,junior_clerk,CheckDocuments,1476889521.622,notes,"The application lacks a clear explanation for the loan goal, which is critical for assessing the validity of the request.",4,"The case is complicated by the vague loan goal, making it difficult to assess the request properly.",10,,519,,,,,,,
Application_1332066828,rejected,0,3,3,junior_clerk,ReturnApplicationEarly,1476891927.224,,,5,The case is difficult due to the lack of clarity regarding the loan purpose.,5,,715,,,,,,,
Application_853712921,rejected,0,1,3,junior_clerk,IntakeApplication,1476886538.473,initial_notes,"The requested amount of EUR 25,000 for home improvement seems reasonable, as home improvement projects can vary widely in cost. However, since this is a limit raise application, it raises a question about the applicant's current credit limit and whether this amount is justified based on their existing financial situation.",3,The case is straightforward but requires consideration of the applicant's current credit limit.,5,,287,,,,,,,
Application_853712921,rejected,0,2,3,junior_clerk,CheckDocuments,1476891874.968,notes,"The application type is a limit raise, which typically requires proof of income and a current loan agreement to assess the applicant's ability to manage the increased limit. These documents are missing and need to be provided for further processing.",3,The case is straightforward but lacks essential documentation for a limit raise application.,10,,513,,,,,,,
Application_853712921,rejected,0,3,3,junior_clerk,ReturnApplicationEarly,1476892466.103,,,2,The case was straightforward but incomplete due to missing documentation.,5,,788,,,,,,,
Application_1424659757,rejected,0,1,1,junior_clerk,ReturnApplicationEarly,1476893082.303,,,1,This case is clearly invalid due to the zero requested amount.,5,,288,,,,,,,
Application_495428388,rejected,0,1,3,junior_clerk,IntakeApplication,1476887346.988,initial_notes,"The requested amount of EUR 55,000 seems high for a car loan, as typical car loans are usually lower. This raises a flag about the purpose of the loan and whether it aligns with the stated goal.",4,The amount requested is unusually high for the goal stated.,5,,273,,,,,,,
Application_495428388,rejected,0,2,3,junior_clerk,CheckDocuments,1476893946.988,notes,"The application is missing essential documents to verify the applicant's financial situation and identity, which is critical given the high amount requested for a car loan.",4,The case is complicated by the high requested amount and missing documentation.,15,,493,,,,,,,
Application_495428388,rejected,0,3,3,junior_clerk,ReturnApplicationEarly,1476894366.988,,,2,The case was straightforward but lacked necessary documentation.,5,,740,,,,,,,
Application_1896366046,approved,0,1,8,junior_clerk,IntakeApplication,1476866833.845,initial_notes,"The requested amount of EUR 13,750 seems reasonable for a car loan, assuming it aligns with the cost of a typical vehicle. There is nothing unusual about the application at first glance.",2,This case is straightforward as it follows a common pattern for car loans.,5,,274,,,,,,,
Application_1896366046,approved,0,2,8,junior_clerk,CheckDocuments,1476869233.845,,,2,The application appears straightforward with no unusual elements to check.,5,,486,,,,,,,
Application_1896366046,approved,0,3,8,junior_clerk,ForwardCase,1476869713.845,,,2,The case is straightforward with a reasonable amount for a car loan.,5,,555,,,,,normal,,
Application_1896366046,approved,0,4,8,senior_clerk,CheckCreditScore,1476872713.845,,,2,The case appears straightforward with complete documentation and a reasonable loan request.,10,,664,,,,,,,
Application_1896366046,approved,0,5,8,senior_clerk,ValidateApplication,1476878011.391,risk_assessment,"The credit profile is solid, with a high credit score of 962, a reasonable monthly cost of EUR 154.11, and an offered amount of EUR 15,000, which exceeds the requested amount of EUR 13,750 for a car loan. This indicates a good capacity to repay the loan.",2,The application is straightforward with complete documentation and a solid credit score.,15,,758,,,,,,,
Application_1896366046,approved,0,6,8,senior_clerk,EscalateCase,1476885780.0,,,2,The application was straightforward with a solid credit profile and no discrepancies.,15,,1029,,,,,,approve,
Application_1896366046,approved,0,7,8,credit_officer,AssessRisk,1476893880.0,,,2,The case is straightforward with no unusual factors to consider.,5,,1294,,,,,,,low
Application_1896366046,approved,0,8,8,credit_officer,ApproveLoan,1476895200.0,,,2,The case is straightforward with a solid credit profile and reasonable loan request.,3,,1545,,,,,,,
Application_418738843,rejected,0,1,1,junior_clerk,ReturnApplicationEarly,1476950421.224,,,1,The case is invalid due to the requested amount being zero.,5,,272,,,,,,,
Application_492292182,rejected,0,1,3,junior_clerk,IntakeApplication,1476891035.022,initial_notes,"The requested amount of EUR 5,800 seems reasonable for an existing loan takeover, as it is a common amount for refinancing. However, the application type as a limit raise is unusual for this purpose, which typically involves a new credit application.",4,The case presents an unusual application type for the stated goal.,5,,292,,,,,,,
Application_492292182,rejected,0,2,3,junior_clerk,CheckDocuments,1476896194.968,notes,"The application type of limit raise is inconsistent with the stated goal of existing loan takeover, which typically requires proof of the existing loan to be taken over. Additionally, income verification is necessary to assess the applicant's ability to handle the new loan terms.",4,The inconsistency between application type and loan goal made this case require extra attention.,10,,518,,,,,,,
Application_492292182,rejected,0,3,3,junior_clerk,ReturnApplicationEarly,1476950841.224,,,2,The inconsistency between the application type and loan goal made this case straightforward to assess.,10,,793,,,,,,,
Application_1303460272,rejected,0,1,1,junior_clerk,ReturnApplicationEarly,1476951015.622,,,1,This case is straightforward to assess as it clearly fails minimum requirements.,2,,273,,,,,,,
Application_416188880,rejected,0,1,3,junior_clerk,IntakeApplication,1476891102.725,initial_notes,"The requested amount of EUR 17,000 seems high for an unspecified loan goal labeled as 'Other'. This requires clarification on what the funds will be used for, as it could be a red flag for unusual requests.",4,The lack of a clear loan goal makes this case more complex than usual.,5,,292,,,,,,,
Application_416188880,rejected,0,2,3,junior_clerk,CheckDocuments,1476896241.622,notes,"The application lacks a clear explanation of the loan purpose, which is essential for assessing the validity of the request.",4,"The case is complicated by the vague loan goal, which raises questions about the legitimacy of the request.",5,,518,,,,,,,
Application_416188880,rejected,0,3,3,junior_clerk,ReturnApplicationEarly,1476951302.103,,,4,The application lacks essential information regarding the purpose of the loan.,5,,717,,,,,,,
Application_2016510614,rejected,0,1,1,junior_clerk,ReturnApplicationEarly,1476951309.622,,,1,This case is clearly invalid due to the requested amount being zero.,5,,288,,,,,,,
Application_575764720,rejected,0,1,1,junior_clerk,ReturnApplicationEarly,1476951603.622,,,1,This case is straightforward as the requested amount is clearly unreasonable.,1,,268,,,,,,,
Application_1863192115,rejected,0,1,1,junior_clerk,ReturnApplicationEarly,1476958096.511,,,1,The case is clearly invalid due to the zero requested amount.,1,,270,,,,,,,
Application_1375807341,rejected,0,1,1,junior_clerk,ReturnApplicationEarly,1476958344.369,,,1,This case is straightforward as it clearly fails minimum requirements.,5,,289,,,,,,,
Application_1056831748,rejected,0,1,3,junior_clerk,IntakeApplication,1476892538.473,initial_notes,"The requested amount of EUR 36,000 for home improvement seems reasonable, as home renovations can be costly. However, I will need to check if the documentation supports this amount and purpose.",2,This case is straightforward as it aligns with common home improvement loan requests.,10,,287,,,,,,,
Application_1056831748,rejected,0,2,3,junior_clerk,CheckDocuments,1476951402.303,notes,The application is missing proof of income and a detailed renovation plan to justify the requested amount.,4,The case is straightforward but lacks essential documentation to assess the request properly.,10,,506,,,,,,,
Application_1056831748,rejected,0,3,3,junior_clerk,ReturnApplicationEarly,1476958768.888,,,2,The case was straightforward but lacked essential documentation.,5,,687,,,,,,,
Application_1343499545,rejected,0,1,1,junior_clerk,ReturnApplicationEarly,1476958916.103,,,1,This case is straightforward as it clearly fails minimum requirements.,1,,282,,,,,,,
Application_1978331738,rejected,0,1,2,junior_clerk,IntakeApplication,1476953375.022,initial_notes,"The requested amount of EUR 20,000 seems high for an unspecified loan goal labeled as 'Other'. This raises questions about the purpose of the loan and whether it aligns with typical consumer lending practices.",4,The lack of clarity in the loan goal makes this case more complex than usual.,5,,293,,,,,,,
Application_1978331738,rejected,0,2,2,junior_clerk,ReturnApplicationEarly,1476960834.369,,,5,The lack of a clear loan goal makes this case difficult to assess.,5,,519,,,,,,,
Application_500790886,rejected,0,1,1,junior_clerk,ReturnApplicationEarly,1476963528.369,,,1,This case is straightforward as the amount requested is clearly unreasonable.,1,,281,,,,,,,
Application_1803710713,rejected,0,1,2,junior_clerk,IntakeApplication,1476955320.0,initial_notes,"The requested amount of EUR 15,500 is significant, but the loan goal is not specified, which raises concerns about the purpose of the loan. This lack of clarity makes it difficult to assess the reasonableness of the request.",4,The absence of a specified loan goal complicates the assessment of this application.,5,,284,,,,,,,
Application_1803710713,rejected,0,2,2,junior_clerk,ReturnApplicationEarly,1476963731.022,,,4,The lack of a specified loan goal raises concerns about the validity of the application.,5,,510,,,,,,,
Application_1270826821,rejected,0,1,1,junior_clerk,ReturnApplicationEarly,1476964737.622,,,1,This case is straightforward as the request is clearly invalid.,1,,273,,,,,,,
Application_2144842406,rejected,1,1,7,junior_clerk,IntakeApplication,1476865800.0,initial_notes,"The requested amount of EUR 25,000 seems reasonable for home improvement, as it can cover significant renovations or upgrades. There is nothing unusual about the application type being new credit.",2,This case is straightforward as the amount aligns well with the stated goal.,5,,287,,,,,,,
Application_2144842406,rejected,1,2,7,junior_clerk,CheckDocuments,1476868200.0,,,2,The application appears straightforward with no immediate concerns.,10,,509,,,,,,,
Application_2144842406,rejected,1,3,7,junior_clerk,ForwardCase,1476869100.0,,,2,The case is straightforward with a reasonable amount for the stated goal.,5,,578,,,,,normal,,
Application_2144842406,rejected,1,4,7,senior_clerk,CheckCreditScore,1476872100.0,,,2,The case is straightforward with complete documentation and a reasonable loan request.,10,,687,,,,,,,
Application_2144842406,rejected,1,5,7,senior_clerk,ValidateApplication,1476881353.845,risk_assessment,"The credit score is missing, which raises concerns about the applicant's creditworthiness. The monthly cost of EUR 350.0 over 84 terms results in a total repayment of EUR 29,400, which is higher than the requested amount. Given the lack of a credit score and the high repayment amount, this application is deemed risky.",4,The absence of a credit score complicates the assessment significantly.,15,,780,,,,,,,
Application_2144842406,rejected,1,6,7,senior_clerk,RequestAdditionalInfo,1476956580.0,reason,"Carlos, the credit score is missing from the credit bureau data, which raises concerns about the applicant's creditworthiness. Can you verify the credit score?",2,The case is straightforward but lacks critical credit data.,10,,1052,,,,,,,
Application_2144842406,rejected,1,7,7,junior_clerk,ReturnApplicationEarly,1476965794.888,,,3,The case is straightforward but cannot be processed due to missing critical information.,5,,1257,,,,,,,
Application_1706866981,rejected,0,1,2,junior_clerk,IntakeApplication,1476960243.622,initial_notes,"The requested amount of EUR 50,000 is quite high for a limit raise, especially since the loan goal is unknown. This raises a red flag as it is unclear what the funds are intended for.",4,The case is unusual due to the high amount and lack of specified loan goal.,5,,279,,,,,,,
Application_1706866981,rejected,0,2,2,junior_clerk,ReturnApplicationEarly,1476971351.022,,,2,The case is clearly invalid due to the unknown loan goal and the high requested amount for a limit raise.,5,,488,,,,,,,
Application_780791841,rejected,1,1,7,junior_clerk,IntakeApplication,1476865800.0,initial_notes,"The requested amount of EUR 5,000 seems reasonable for home improvement purposes. It aligns with typical costs for renovations or upgrades. No unusual factors noted at this stage.",2,This case is straightforward as it matches common loan requests for home improvement.,5,,285,,,,,,,
Application_780791841,rejected,1,2,7,junior_clerk,CheckDocuments,1476868200.0,,,2,The documentation appears to be complete and valid for a standard home improvement loan application.,10,,490,,,,,,,
Application_780791841,rejected,1,3,7,junior_clerk,ForwardCase,1476868680.0,,,2,The application is straightforward with a reasonable amount for the stated goal.,5,,559,,,,,normal,,
Application_780791841,rejected,1,4,7,senior_clerk,CheckCreditScore,1476871680.0,,,2,This case is straightforward as the requested amount aligns with typical home improvement costs.,10,,668,,,,,,,
Application_780791841,rejected,1,5,7,senior_clerk,ValidateApplication,1476880320.0,risk_assessment,"The credit score is missing, which raises concerns about the applicant's creditworthiness. The monthly cost of EUR 199.14 against the offered amount of EUR 5,000 suggests a manageable debt-to-income ratio, but without a credit score, it is difficult to assess the overall risk accurately. Therefore, this application is borderline due to the lack of credit score information.",4,The absence of a credit score makes it challenging to fully assess the risk associated with this application.,15,,761,,,,,,,
Application_780791841,rejected,1,6,7,senior_clerk,RequestAdditionalInfo,1476960360.0,reason,"Carlos, the credit score is missing from the credit bureau data, which raises concerns about the applicant's creditworthiness. Can you verify the credit score for this application?",4,The missing credit score complicates the assessment of the applicant's creditworthiness.,5,,1033,,,,,,,
Application_780791841,rejected,1,7,7,junior_clerk,ReturnApplicationEarly,1476972428.473,,,5,The lack of a credit score made the case difficult to assess properly.,5,,1259,,,,,,,
Application_1651532326,rejected,0,1,1,junior_clerk,ReturnApplicationEarly,1476974136.303,,,1,This case is straightforward as it clearly fails minimum requirements.,1,,273,,,,,,,
Application_848421176,rejected,0,1,3,junior_clerk,IntakeApplication,1476952080.0,initial_notes,"The requested amount of EUR 75,000 for home improvement seems unusually high. Typically, home improvement loans are much lower unless extensive renovations are planned. This warrants a closer look.",4,"The amount requested is significantly higher than average for home improvement, raising questions about the specifics of the project.",5,,286,,,,,,,
Application_848421176,rejected,0,2,3,junior_clerk,CheckDocuments,1476962858.473,notes,"The documentation lacks a detailed renovation plan and cost estimates, which are essential for assessing the validity of the requested amount for home improvement.",4,The case is complicated due to the high requested amount and missing crucial documentation.,15,,509,,,,,,,
Application_848421176,rejected,0,3,3,junior_clerk,ReturnApplicationEarly,1476974277.224,,,4,The lack of essential documentation made it difficult to assess the application.,10,,747,,,,,,,
Application_440813334,rejected,0,1,3,junior_clerk,IntakeApplication,1476952273.543,initial_notes,"The requested amount of EUR 5,000 seems reasonable for an unspecified loan goal labeled as 'Other'. However, the lack of clarity regarding the purpose raises some questions that may need further investigation.",3,"The case is straightforward, but the vague loan goal requires clarification.",5,,291,,,,,,,
Application_440813334,rejected,0,2,3,junior_clerk,CheckDocuments,1476962922.303,notes,"The application does not specify the purpose of the loan, which is essential for processing.",4,The lack of clarity regarding the loan purpose makes this case more complicated than usual.,5,,517,,,,,,,
Application_440813334,rejected,0,3,3,junior_clerk,ReturnApplicationEarly,1476974389.543,,,4,The lack of clarity regarding the loan purpose made it difficult to assess the application.,5,,684,,,,,,,
Application_1291464093,rejected,0,1,3,junior_clerk,IntakeApplication,1476954542.103,initial_notes,"The requested amount of EUR 60,000 is quite high, especially since the loan goal is categorized as 'Other' without a clear explanation. This raises some concerns about the purpose of the loan and whether the amount is justified.",4,The lack of clarity regarding the loan goal makes this case more complex than usual.,5,,293,,,,,,,
Application_1291464093,rejected,0,2,3,junior_clerk,CheckDocuments,1476966193.543,notes,"The application lacks a clear explanation for the loan goal categorized as 'Other', which is necessary to assess the validity of the requested amount.",4,"The case is complicated by the vague loan purpose, which requires additional clarification.",10,,519,,,,,,,
Application_1291464093,rejected,0,3,3,junior_clerk,ReturnApplicationEarly,1476978132.303,,,4,The lack of a clear purpose for the loan made this case difficult to assess.,5,,744,,,,,,,
Application_844863430,rejected,0,1,3,junior_clerk,IntakeApplication,1476955203.622,initial_notes,"The requested amount of EUR 40,000 seems reasonable for a loan aimed at covering remaining debt on a home. However, I will need to ensure that the documentation supports this amount and purpose.",2,"The case appears straightforward, but I need to verify the documentation.",5,,289,,,,,,,
Application_844863430,rejected,0,2,3,junior_clerk,CheckDocuments,1476967178.473,notes,"The documentation is missing proof of income and a property valuation report, which are necessary to assess the applicant's ability to repay the loan and the value of the home in question.",4,The case is straightforward but lacks essential documents for a complete assessment.,10,,509,,,,,,,
Application_844863430,rejected,0,3,3,junior_clerk,ReturnApplicationEarly,1476978548.473,,,2,The case is straightforward but lacks critical documents for assessment.,5,,772,,,,,,,
Application_1941614665,rejected,0,1,1,junior_clerk,ReturnApplicationEarly,1476980826.303,,,1,This case is straightforward as the request is clearly invalid.,1,,273,,,,,,,
Application_1760797021,rejected,0,1,1,junior_clerk,ReturnApplicationEarly,1476981845.022,,,1,This case is clearly invalid due to the zero requested amount.,2,,273,,,,,,,
Application_448783031,rejected,0,1,3,junior_clerk,IntakeApplication,1476958534.968,initial_notes,"The requested amount of EUR 25,000 for a car seems reasonable, as it could cover a new or high-end used vehicle. However, since this is a limit raise application, I need to ensure the applicant already has an existing loan with us that justifies this amount.",2,This case is straightforward but requires verification of existing loan details.,5,,274,,,,,,,
Application_448783031,rejected,0,2,3,junior_clerk,CheckDocuments,1476972042.303,notes,"The application type is a limit raise, so I need to check for proof of current income and details of any existing loans to assess the applicant's ability to handle the increased limit.",3,The case is straightforward but requires additional documentation to proceed due to the limit raise application type.,10,,500,,,,,,,
Application_448783031,rejected,0,3,3,junior_clerk,ReturnApplicationEarly,1476982140.0,,,4,The case is incomplete due to missing documentation.,5,,759,,,,,,,
Application_424064154,rejected,1,1,8,junior_clerk,IntakeApplication,1476865800.0,initial_notes,"The requested amount of EUR 17,250 for an existing loan takeover seems reasonable, as it could cover a significant portion of an existing loan. However, I will need to check if this amount aligns with typical loan amounts for such purposes.",2,The case is straightforward as the amount requested is typical for a loan takeover.,5,,292,,,,,,,
Application_424064154,rejected,1,2,8,junior_clerk,CheckDocuments,1476868200.0,,,2,The documentation appears to be complete and straightforward for a loan takeover.,5,,518,,,,,,,
Application_424064154,rejected,1,3,8,junior_clerk,ForwardCase,1476868680.0,,,2,"The request is reasonable for an existing loan takeover, and the documentation is complete.",5,,587,,,,,normal,,
Application_424064154,rejected,1,4,8,senior_clerk,CheckCreditScore,1476871680.0,,,2,"The case involves a reasonable loan amount for an existing loan takeover, but requires credit data verification.",10,,696,,,,,,,
Application_424064154,rejected,1,5,8,senior_clerk,ValidateApplication,1476880740.0,risk_assessment,"The application is not acceptable due to the absence of a credit score, which raises concerns about the applicant's creditworthiness. Additionally, the offered amount of EUR 15,000 is lower than the requested amount of EUR 17,250, indicating a potential shortfall in funding for the existing loan takeover.",4,"The lack of a credit score complicates the assessment significantly, as it prevents a full evaluation of the applicant's creditworthiness.",15,,789,,,,,,,
Application_424064154,rejected,1,6,8,senior_clerk,RequestAdditionalInfo,1476963600.0,reason,"Carlos, the credit bureau data shows a credit score of 'None', which raises concerns about the applicant's creditworthiness. Can you verify if there is any additional information or context regarding the applicant's credit score?",4,The absence of a credit score complicates the assessment significantly.,15,,1061,,,,,,,
Application_424064154,rejected,1,7,8,junior_clerk,CheckDocuments,1476977448.369,notes,"The application is complete, but the absence of a credit score raises concerns about the applicant's creditworthiness. I will check if there is any additional context or information regarding the applicant's financial situation that could clarify this issue.",3,"The case is straightforward, but the lack of a credit score adds a layer of complexity.",5,,1307,,,,,,,
Application_424064154,rejected,1,8,8,junior_clerk,ReturnApplicationEarly,1477040951.022,,,3,The case is straightforward but lacks critical information regarding the applicant's creditworthiness.,5,,1580,,,,,,,
Application_1966250349,rejected,0,1,8,junior_clerk,IntakeApplication,1476869481.622,initial_notes,"The requested amount of EUR 16,000 for an existing loan takeover seems reasonable, as it is common to seek a loan of this size for consolidating debts. However, I will need to verify the documentation to ensure everything is in order.",2,This case appears straightforward as the amount aligns with the loan goal.,5,,293,,,,,,,
Application_1966250349,rejected,0,2,8,junior_clerk,CheckDocuments,1476871881.622,,,2,The documentation appears to be in order for a standard loan takeover application.,10,,519,,,,,,,
Application_1966250349,rejected,0,3,8,junior_clerk,ForwardCase,1476872922.303,,,2,The case is straightforward with a reasonable amount for the stated goal.,5,,588,,,,,normal,,
Application_1966250349,rejected,0,4,8,senior_clerk,CheckCreditScore,1476877680.0,,,2,"This case involves a standard loan takeover, which typically has straightforward credit data to assess.",15,,697,,,,,,,
Application_1966250349,rejected,0,5,8,senior_clerk,ValidateApplication,1476888540.0,risk_assessment,"The credit score of 787 is strong, indicating a solid credit profile. The monthly cost of EUR 164.39 is manageable within the context of the requested amount of EUR 16,000 for an existing loan takeover. The number of terms is 120, which aligns with typical loan structures for this purpose. Overall, the application appears consistent and reasonable.",2,The application is straightforward with complete documentation and a solid credit score.,15,,791,,,,,,,
Application_1966250349,rejected,0,6,8,senior_clerk,EscalateCase,1476972900.0,,,2,The case was straightforward with no surprises and all information aligned.,10,,1062,,,,,,approve,
Application_1966250349,rejected,0,7,8,credit_officer,AssessRisk,1477041030.0,,,3,"The case is straightforward with a strong credit score and complete documentation, but the loan purpose adds a layer of complexity.",10,,1327,,,,,,,medium
Application_1966250349,rejected,0,8,8,credit_officer,RejectLoan,1477042974.0,rejection_notes,"Despite a strong credit score, the purpose of the loan raises concerns about the applicant's financial health. The loan takeover does not guarantee improved financial management.",4,"The case presented a strong credit score but raised concerns regarding the loan purpose, which complicated the decision.",15,,1581,,,,,,,
Application_497474417,rejected,0,1,2,junior_clerk,IntakeApplication,1476979774.968,initial_notes,"The requested amount of EUR 30,000 for a limit raise is unusually high without a specified loan goal. This raises questions about the purpose of the increase and whether it aligns with typical consumer lending practices.",4,The lack of a specified loan goal makes this case more complex than usual.,5,,278,,,,,,,
Application_497474417,rejected,0,2,2,junior_clerk,ReturnApplicationEarly,1477043532.303,,,3,The case is straightforward in its lack of clarity regarding the purpose of the requested amount.,5,,504,,,,,,,
Application_11454632,rejected,0,1,2,junior_clerk,IntakeApplication,1476981616.511,initial_notes,"The requested amount of EUR 12,000 is significant, but the loan goal is not specified, which raises concerns about the purpose of the loan. This lack of clarity makes it difficult to assess whether the amount is reasonable for a specific goal.",4,The absence of a specified loan goal makes this case harder to assess.,5,,282,,,,,,,
Application_11454632,rejected,0,2,2,junior_clerk,ReturnApplicationEarly,1477044392.103,,,4,The lack of a specified loan goal makes this case clearly invalid.,5,,508,,,,,,,
Application_1580298940,rejected,1,1,7,junior_clerk,IntakeApplication,1476868026.988,initial_notes,"The requested amount of EUR 7,000 seems reasonable for a car loan, as it aligns with typical financing for a vehicle purchase. There is nothing unusual about the application type being a new credit.",2,This case is straightforward as it aligns well with standard car loan requests.,5,,273,,,,,,,
Application_1580298940,rejected,1,2,7,junior_clerk,CheckDocuments,1476870566.103,,,2,The application appears straightforward with no unusual elements to check.,5,,497,,,,,,,
Application_1580298940,rejected,1,3,7,junior_clerk,ForwardCase,1476871332.725,,,2,The application is straightforward with no unusual aspects.,5,,566,,,,,normal,,
Application_1580298940,rejected,1,4,7,senior_clerk,CheckCreditScore,1476874680.0,,,2,This case is straightforward as the requested amount aligns with typical car financing.,15,,675,,,,,,,
Application_1580298940,rejected,1,5,7,senior_clerk,ValidateApplication,1476886651.391,risk_assessment,"The credit score is missing, which raises significant concerns about the applicant's creditworthiness. The monthly cost of EUR 519.96 for a loan of EUR 7,000 over 14 terms is quite high, indicating potential affordability issues. Without a credit score, it is difficult to assess the overall risk accurately.",4,"The lack of a credit score makes this case particularly challenging, as it prevents a full assessment of the applicant's creditworthiness.",15,,768,,,,,,,
Application_1580298940,rejected,1,6,7,senior_clerk,RequestAdditionalInfo,1476981780.0,reason,"Carlos, the credit score is missing from the credit bureau data, which raises significant concerns about the applicant's creditworthiness. Can you verify the applicant's credit score? This information is crucial for assessing the risk of this loan.",4,The absence of a credit score complicates the assessment process significantly.,15,,1040,,,,,,,
Application_1580298940,rejected,1,7,7,junior_clerk,ReturnApplicationEarly,1477044558.303,,,3,The case is straightforward but lacks critical documentation.,10,,1286,,,,,,,
Application_1339399261,rejected,1,1,7,junior_clerk,IntakeApplication,1476871330.511,initial_notes,"The requested amount of EUR 25,000 seems reasonable for home improvement purposes, as it can cover significant renovations or upgrades. There is nothing unusual about the application type being a new credit.",2,This case is straightforward as the amount aligns well with the stated goal.,5,,287,,,,,,,
Application_1339399261,rejected,1,2,7,junior_clerk,CheckDocuments,1476874276.511,,,2,The documentation appears to be straightforward and complete for the loan application.,10,,513,,,,,,,
Application_1339399261,rejected,1,3,7,junior_clerk,ForwardCase,1476876296.473,,,2,The case is straightforward with a reasonable amount for home improvement.,5,,582,,,,,normal,,
Application_1339399261,rejected,1,4,7,senior_clerk,CheckCreditScore,1476883740.0,,,2,This case is straightforward with complete documentation and a reasonable loan request.,10,,691,,,,,,,
Application_1339399261,rejected,1,5,7,senior_clerk,RequestAdditionalInfo,1476971473.845,reason,"Carlos, the credit score is listed as 'None', which is unusual and raises concerns about the applicant's creditworthiness. Can you verify if there was an issue retrieving the credit score?",4,The absence of a credit score complicates the assessment significantly.,10,,784,,,,,,,
Application_1339399261,rejected,1,6,7,junior_clerk,CheckDocuments,1477037854.968,notes,"I checked the documentation and found everything in order, but I cannot verify the credit score as it was not available in the system. This may indicate an issue with the applicant's credit history or reporting.",3,"The case is straightforward, but the missing credit score adds a layer of complexity.",5,,1018,,,,,,,
Application_1339399261,rejected,1,7,7,junior_clerk,ReturnApplicationEarly,1477045233.224,,,4,The lack of a credit score made it difficult to assess the applicant's creditworthiness.,5,,1291,,,,,,,
Application_1953838407,rejected,0,1,3,junior_clerk,IntakeApplication,1476970281.224,initial_notes,"The requested amount of EUR 5,000 seems reasonable for an unspecified loan goal labeled as 'Other'. However, without further details on the purpose, it raises some questions about the legitimacy of the request.",4,The lack of clarity on the loan goal makes this case slightly more complicated than usual.,5,,292,,,,,,,
Application_1953838407,rejected,0,2,3,junior_clerk,CheckDocuments,1477038289.543,notes,"The application lacks a clear explanation for the loan goal, which is marked as 'Other'. This is essential for assessing the validity of the request.",4,The lack of clarity regarding the loan purpose makes this case awkward to assess.,5,,518,,,,,,,
Application_1953838407,rejected,0,3,3,junior_clerk,ReturnApplicationEarly,1477045404.369,,,4,The lack of a specified loan goal made this case difficult to assess.,5,,742,,,,,,,
Application_1413720992,rejected,0,1,2,junior_clerk,IntakeApplication,1477038668.473,initial_notes,"The requested amount of EUR 30,000 seems unusually high for an unspecified loan goal labeled as 'Other'. This raises a red flag, as the purpose of the loan is not clear, making it difficult to assess the validity of the request.",4,The lack of clarity regarding the loan goal makes this case more complex than usual.,5,,293,,,,,,,
Application_1413720992,rejected,0,2,2,junior_clerk,ReturnApplicationEarly,1477045864.968,,,5,The lack of a clear loan purpose makes this case difficult to evaluate.,5,,519,,,,,,,
Application_1225025970,rejected,0,1,3,junior_clerk,IntakeApplication,1476973521.224,initial_notes,"The requested amount of EUR 23,000 seems unusually high for an unspecified loan goal labeled as 'Other'. This raises questions about the purpose of the loan and whether it aligns with typical consumer lending standards.",4,The lack of clarity regarding the loan goal makes this case more complex than usual.,5,,293,,,,,,,
Application_1225025970,rejected,0,2,3,junior_clerk,CheckDocuments,1477040157.224,notes,"The application lacks a clear explanation for the loan purpose, which is crucial for assessing the validity of the requested amount.",4,"The case is complicated by the lack of clarity regarding the loan purpose, making it difficult to assess the request.",5,,519,,,,,,,
Application_1225025970,rejected,0,3,3,junior_clerk,ReturnApplicationEarly,1477046741.022,,,5,The lack of a clear loan purpose made this case difficult to assess.,10,,726,,,,,,,
Application_427316676,rejected,0,1,3,junior_clerk,IntakeApplication,1476973633.543,initial_notes,"The requested amount of EUR 40,000 seems unusually high for an unspecified loan goal categorized as 'Other'. This raises a flag for further investigation into the purpose of the loan.",4,The lack of a clear loan goal makes this case more complex than usual.,5,,292,,,,,,,
Application_427316676,rejected,0,2,3,junior_clerk,CheckDocuments,1477040448.369,notes,"The application lacks a clear explanation of the loan purpose, which is critical given the high requested amount and its categorization as 'Other'.",4,The lack of a specified loan purpose complicates the assessment of this application.,5,,501,,,,,,,
Application_427316676,rejected,0,3,3,junior_clerk,ReturnApplicationEarly,1477046914.968,,,5,The case is difficult due to the high amount requested without a clear purpose.,10,,723,,,,,,,
Application_1944896918,rejected,0,1,2,junior_clerk,IntakeApplication,1477041356.103,initial_notes,"The requested amount of EUR 40,000 seems high, especially since the loan goal is unknown. This raises concerns about the purpose of the loan and whether it aligns with typical consumer lending practices.",4,The lack of a specified loan goal makes this case more complex than usual.,5,,278,,,,,,,
Application_1944896918,rejected,0,2,2,junior_clerk,ReturnApplicationEarly,1477047630.0,,,5,The lack of a stated loan goal made this case difficult to assess.,5,,504,,,,,,,
Application_1315782276,rejected,1,1,8,junior_clerk,IntakeApplication,1476867331.391,initial_notes,"The requested amount of EUR 16,000 for an existing loan takeover seems reasonable, as it could potentially cover a significant portion of an outstanding loan. However, I will need to verify the documentation to ensure everything is in order.",2,This case is straightforward as the amount aligns with the loan goal.,5,,293,,,,,,,
Application_1315782276,rejected,1,2,8,junior_clerk,CheckDocuments,1476869731.391,,,2,The documentation appears standard for an existing loan takeover.,10,,519,,,,,,,
Application_1315782276,rejected,1,3,8,junior_clerk,ForwardCase,1476870211.391,,,2,The request is reasonable and aligns with the stated goal of an existing loan takeover.,5,,588,,,,,normal,,
Application_1315782276,rejected,1,4,8,senior_clerk,CheckCreditScore,1476873211.391,,,2,"The case involves a reasonable requested amount for an existing loan takeover, but credit data is needed for full assessment.",15,,697,,,,,,,
Application_1315782276,rejected,1,5,8,senior_clerk,ValidateApplication,1476885120.0,risk_assessment,"The credit score is not available, which raises concerns about the applicant's creditworthiness. The monthly cost of EUR 277.01 over 66 terms indicates a long repayment period, which may not align well with the existing loan takeover goal. The offered amount of EUR 16,250 is slightly above the requested amount but does not provide a strong justification for approval without a credit score.",4,"The absence of a credit score complicates the assessment, making it harder to evaluate the applicant's financial stability and repayment capacity.",15,,791,,,,,,,
Application_1315782276,rejected,1,6,8,senior_clerk,RequestAdditionalInfo,1476977400.0,reason,"Carlos, the credit score is not available for this applicant, which raises concerns about their creditworthiness. Can you verify why the credit score is missing? This information is crucial for assessing the risk of this application.",4,The absence of a credit score complicates the assessment significantly.,15,,1063,,,,,,,
Application_1315782276,rejected,1,7,8,junior_clerk,CheckDocuments,1477043416.511,notes,"The documentation is complete, but the credit score is missing, which is unusual for a loan application. I will need to check if there are any reasons for the absence of the credit score or if it was simply not provided by the applicant.",3,"The case is straightforward, but the missing credit score complicates the assessment.",10,,1309,,,,,,,
Application_1315782276,rejected,1,8,8,junior_clerk,ReturnApplicationEarly,1477048012.511,,,4,The absence of a credit score makes it impossible to evaluate the applicant's financial reliability.,15,,1582,,,,,,,
Application_768687683,rejected,0,1,3,junior_clerk,IntakeApplication,1476977376.303,initial_notes,"The requested amount of EUR 50,000 seems unusually high for a loan goal categorized as 'Other' without a clear explanation. This raises some flags about the purpose of the loan and whether it aligns with typical lending practices.",4,The lack of clarity regarding the loan goal makes this case more complex than usual.,5,,292,,,,,,,
Application_768687683,rejected,0,2,3,junior_clerk,CheckDocuments,1477044477.224,notes,"The application lacks a clear explanation for the loan goal categorized as 'Other', which is necessary to assess the validity of the requested amount.",4,The case is complicated by the vague loan goal and high requested amount.,5,,518,,,,,,,
Application_768687683,rejected,0,3,3,junior_clerk,ReturnApplicationEarly,1477048804.888,,,5,The case is difficult due to the lack of clarity regarding the loan purpose.,5,,743,,,,,,,
Application_1093861933,rejected,0,1,3,junior_clerk,IntakeApplication,1476981648.369,initial_notes,"The requested amount of EUR 30,000 for home improvement seems reasonable, as home renovations can be costly. However, since this is a limit raise application, I need to consider the applicant's existing credit limit and whether this amount is justifiable in that context.",2,"This case is straightforward, but the application type raises a question about the applicant's current credit situation.",5,,288,,,,,,,
Application_1093861933,rejected,0,2,3,junior_clerk,CheckDocuments,1477046100.0,notes,"The application type is a limit raise, which requires verification of the applicant's existing loan details to assess the request properly.",2,The case is straightforward but requires specific existing loan information to proceed.,10,,514,,,,,,,
Application_1093861933,rejected,0,3,3,junior_clerk,ReturnApplicationEarly,1477049174.473,,,3,The case was straightforward but lacked essential documentation.,5,,728,,,,,,,
Application_200942443,rejected,0,1,3,junior_clerk,IntakeApplication,1477040674.888,initial_notes,"The requested amount of EUR 34,000 for home improvement seems reasonable, as such projects can vary widely in cost. However, I will need to ensure that the documentation is complete and valid before proceeding further.",2,"This case appears straightforward at first glance, but I need to verify the documentation.",5,,286,,,,,,,
Application_200942443,rejected,0,2,3,junior_clerk,CheckDocuments,1477049089.543,,,3,"The application is straightforward, but I need to verify the documentation.",10,,512,,,,,,,
Application_200942443,rejected,0,3,3,junior_clerk,ReturnApplicationEarly,1477049704.888,,,2,The case was straightforward but lacked required documents.,5,,583,,,,,,,
Application_1775767690,rejected,0,1,3,junior_clerk,IntakeApplication,1476979271.022,initial_notes,"The requested amount of EUR 5,000 seems reasonable for an unspecified loan goal labeled as 'Other.' However, without a clear explanation of the purpose, it raises some concerns about the validity of the request.",4,The lack of clarity regarding the loan goal makes this case slightly more complex than usual.,5,,292,,,,,,,
Application_1775767690,rejected,0,2,3,junior_clerk,CheckDocuments,1477046794.888,notes,The application lacks a clear explanation for the loan goal labeled as 'Other.' This is essential for assessing the validity of the request.,4,"The case is straightforward, but the missing explanation for the loan purpose complicates the assessment.",5,,518,,,,,,,
Application_1775767690,rejected,0,3,3,junior_clerk,ReturnApplicationEarly,1477049845.543,,,4,The lack of a clear loan purpose made this case difficult to assess.,5,,733,,,,,,,
Application_1708591985,rejected,0,1,3,junior_clerk,IntakeApplication,1477043291.022,initial_notes,"The requested amount of EUR 5,000 seems reasonable for an unspecified loan goal, but the 'Other' category raises a flag for needing further clarification on the purpose of the loan.",3,The case is straightforward but requires more information due to the vague loan goal.,5,,292,,,,,,,
Application_1708591985,rejected,0,2,3,junior_clerk,CheckDocuments,1477051257.622,notes,"The application does not specify the purpose of the loan, which is crucial for assessing its validity. The 'Other' category requires a detailed explanation to proceed.",4,The lack of a clear loan purpose makes this case more complex than usual.,10,,499,,,,,,,
Application_1708591985,rejected,0,3,3,junior_clerk,ReturnApplicationEarly,1477052307.622,,,5,The lack of a clear loan purpose made this case difficult to assess.,5,,741,,,,,,,
Application_270506031,rejected,1,1,8,junior_clerk,IntakeApplication,1476869826.988,initial_notes,"The requested amount of EUR 12,000 seems reasonable for home improvement purposes, as such projects can vary widely in cost. There is nothing unusual about the application type being new credit.",2,This case is straightforward as the amount aligns with the stated goal.,5,,286,,,,,,,
Application_270506031,rejected,1,2,8,junior_clerk,CheckDocuments,1476872226.988,,,2,The application appears straightforward with no unusual elements to check.,5,,506,,,,,,,
Application_270506031,rejected,1,3,8,junior_clerk,ForwardCase,1476874023.224,,,2,The case is straightforward with a reasonable amount for the stated goal.,5,,575,,,,,normal,,
Application_270506031,rejected,1,4,8,senior_clerk,CheckCreditScore,1476880680.0,,,2,This case is straightforward as the application is complete and the loan goal is reasonable.,10,,684,,,,,,,
Application_270506031,rejected,1,5,8,senior_clerk,ValidateApplication,1476953653.845,risk_assessment,"The credit score is missing, which raises concerns about the applicant's creditworthiness. The monthly cost of EUR 198.44 over 70 terms indicates a long repayment period, which could lead to higher overall interest costs. The offered amount of EUR 12,000 aligns with the loan goal for home improvement, but without a credit score, it is difficult to assess the risk accurately. Therefore, this application is considered borderline due to the lack of credit score information.",4,"The absence of a credit score complicates the assessment, making it harder to evaluate the applicant's risk profile.",15,,778,,,,,,,
Application_270506031,rejected,1,6,8,senior_clerk,RequestAdditionalInfo,1477066860.0,reason,"Carlos, the credit score is missing from the credit bureau data, which raises concerns about the applicant's creditworthiness. Can you verify whether the credit score can be retrieved?",4,The absence of the credit score complicates the assessment of the applicant's creditworthiness.,5,,1050,,,,,,,
Application_270506031,rejected,1,7,8,junior_clerk,CheckDocuments,1477296780.0,notes,"The credit score is missing from the credit bureau data, which is essential for assessing the applicant's creditworthiness.",3,"The case is straightforward, but the missing credit score complicates the assessment.",5,,1280,,,,,,,
Application_270506031,rejected,1,8,8,junior_clerk,ReturnApplicationEarly,1477297830.0,,,5,The lack of a credit score made this case difficult to assess.,5,,1478,,,,,,,
Application_130658775,rejected,1,1,8,junior_clerk,IntakeApplication,1476870642.303,initial_notes,"The requested amount of EUR 28,000 seems reasonable for home improvement purposes, as it could cover significant renovations or upgrades. There is nothing unusual at first glance.",2,This case is straightforward as the amount aligns with the stated goal.,5,,286,,,,,,,
Application_130658775,rejected,1,2,8,junior_clerk,CheckDocuments,1476873543.224,,,2,The case appears straightforward with no immediate concerns about the documentation.,10,,491,,,,,,,
Application_130658775,rejected,1,3,8,junior_clerk,ForwardCase,1476874894.888,,,2,The case is straightforward with a reasonable amount for home improvement.,5,,560,,,,,normal,,
Application_130658775,rejected,1,4,8,senior_clerk,CheckCreditScore,1476883320.0,,,2,This case is straightforward as the application details are clear and the documentation is complete.,10,,669,,,,,,,
Application_130658775,rejected,1,5,8,senior_clerk,ValidateApplication,1476956191.391,risk_assessment,"The credit score is missing, which raises concerns about the applicant's creditworthiness. The monthly cost of EUR 384.29 over 84 terms indicates a significant commitment, but without a credit score, it is difficult to assess the overall risk. The requested amount of EUR 28,000 is reasonable for home improvement, but the lack of credit score makes this application borderline.",4,"The absence of a credit score complicates the assessment, making it harder to evaluate the applicant's financial reliability.",15,,763,,,,,,,
Application_130658775,rejected,1,6,8,senior_clerk,RequestAdditionalInfo,1477068000.0,reason,"Carlos, the credit score is missing from the credit bureau data, which raises concerns about the applicant's creditworthiness. Can you verify if there is an issue with retrieving the score or if it was simply not provided?",4,The absence of the credit score complicates the assessment significantly.,10,,1035,,,,,,,
Application_130658775,rejected,1,7,8,junior_clerk,CheckDocuments,1477297920.0,notes,"The credit score is missing from the credit bureau data, which is essential for assessing the applicant's creditworthiness. I could not find any issue with retrieving the score, but it is not present in the current documentation.",3,The case is straightforward but lacks a crucial piece of information.,5,,1281,,,,,,,
Application_130658775,rejected,1,8,8,junior_clerk,ReturnApplicationEarly,1477298970.0,,,5,The lack of a credit score made this case difficult to assess properly.,5,,1556,,,,,,,
Application_1835001438,rejected,1,1,8,junior_clerk,IntakeApplication,1476871143.224,initial_notes,"The requested amount of EUR 5,000 seems reasonable for home improvement purposes, as it aligns with typical costs for such projects. There is nothing unusual about this application at first glance.",2,This case is straightforward as the amount and purpose align well.,5,,286,,,,,,,
Application_1835001438,rejected,1,2,8,junior_clerk,CheckDocuments,1476873732.725,,,2,The documentation appears to be in order and aligns with the requested amount and purpose.,5,,509,,,,,,,
Application_1835001438,rejected,1,3,8,junior_clerk,ForwardCase,1476875106.988,,,2,The case is straightforward with no unusual elements.,5,,578,,,,,normal,,
Application_1835001438,rejected,1,4,8,senior_clerk,CheckCreditScore,1476883680.0,,,2,The case is straightforward with complete documentation and a reasonable loan request.,10,,687,,,,,,,
Application_1835001438,rejected,1,5,8,senior_clerk,ValidateApplication,1476957960.0,risk_assessment,"The credit score is missing, which raises concerns about the applicant's creditworthiness. The monthly cost of EUR 97.4 over 60 terms indicates a significant commitment, but without a credit score, it is challenging to assess the risk accurately. Therefore, the application is borderline and requires further scrutiny.",4,The absence of a credit score complicates the assessment process significantly.,15,,778,,,,,,,
Application_1835001438,rejected,1,6,8,senior_clerk,RequestAdditionalInfo,1477068420.0,reason,"Carlos, the credit score is missing from the credit bureau data, which raises concerns about the applicant's creditworthiness. Can you verify whether the credit score can be obtained?",4,The missing credit score complicates the assessment of the applicant's creditworthiness.,10,,1050,,,,,,,
Application_1835001438,rejected,1,7,8,junior_clerk,CheckDocuments,1477299540.0,notes,"The credit score is missing from the credit bureau data, which is crucial for assessing the applicant's creditworthiness.",4,"The case is straightforward, but the missing credit score complicates the assessment.",5,,1279,,,,,,,
Application_1835001438,rejected,1,8,8,junior_clerk,ReturnApplicationEarly,1477299960.0,,,2,The missing credit score makes this case straightforward to return as it fails to meet minimum requirements.,5,,1475,,,,,,,
Application_1299856399,approved,0,1,8,junior_clerk,IntakeApplication,1476872134.968,initial_notes,"The requested amount of EUR 20,000 seems reasonable for home improvement purposes, as it can cover significant renovations or upgrades. There is nothing unusual about the application type being new credit.",2,This case is straightforward as the amount aligns with the stated goal.,5,,287,,,,,,,
Application_1299856399,approved,0,2,8,junior_clerk,CheckDocuments,1476875760.0,,,2,The documentation appears to be complete and valid for a standard home improvement loan.,5,,513,,,,,,,
Application_1299856399,approved,0,3,8,junior_clerk,ForwardCase,1476877070.473,,,2,The case is straightforward with a reasonable amount for the stated goal.,5,,582,,,,,normal,,
Application_1299856399,approved,0,4,8,senior_clerk,CheckCreditScore,1476886680.0,,,2,This case is straightforward with complete documentation and a reasonable loan amount.,15,,691,,,,,,,
Application_1299856399,approved,0,5,8,senior_clerk,ValidateApplication,1476971160.0,risk_assessment,"The applicant has a high credit score of 991, indicating a strong credit history and low risk. The monthly cost of EUR 200.0 is manageable within the offered amount of EUR 20,000 over 127 terms, which aligns with the loan goal of home improvement. Overall, the profile is solid and consistent, warranting approval.",2,The application is straightforward with complete documentation and a strong credit profile.,15,,784,,,,,,,
Application_1299856399,approved,0,6,8,senior_clerk,EscalateCase,1477297740.0,,,2,The case is straightforward with no discrepancies in the application and credit data.,15,,1055,,,,,,approve,
Application_1299856399,approved,0,7,8,credit_officer,AssessRisk,1477307700.0,,,2,The case is straightforward with no unusual factors or concerns.,10,,1320,,,,,,,low
Application_1299856399,approved,0,8,8,credit_officer,ApproveLoan,1477309020.0,,,2,The case is straightforward with a high credit score and manageable monthly costs.,5,,1571,,,,,,,
Application_398311287,rejected,1,1,7,junior_clerk,IntakeApplication,1476871715.022,initial_notes,"The requested amount of EUR 6,500 seems reasonable for home improvement purposes. It aligns with typical costs for renovations or upgrades. There is nothing unusual about this application at first glance.",2,This case is straightforward as the amount requested is common for home improvement loans.,5,,285,,,,,,,
Application_398311287,rejected,1,2,7,junior_clerk,CheckDocuments,1476874626.988,,,2,The documentation appears to be in order for a standard home improvement loan.,10,,511,,,,,,,
Application_398311287,rejected,1,3,7,junior_clerk,ForwardCase,1476876556.511,,,2,The case is straightforward with a reasonable amount for the stated purpose.,5,,580,,,,,normal,,
Application_398311287,rejected,1,4,7,senior_clerk,CheckCreditScore,1476885013.845,,,2,The case is straightforward with complete documentation and a reasonable loan amount.,10,,689,,,,,,,
Application_398311287,rejected,1,5,7,senior_clerk,ValidateApplication,1476967831.391,risk_assessment,"The credit score is missing, which raises concerns about the applicant's creditworthiness. The monthly cost of EUR 126.61 over 60 terms is acceptable, but without a credit score, it is difficult to assess the overall risk. The requested amount of EUR 6,500 is reasonable for home improvement, but the lack of credit score data makes this case borderline.",4,"The absence of a credit score complicates the assessment process, making it harder to evaluate the risk accurately.",15,,782,,,,,,,
Application_398311287,rejected,1,6,7,senior_clerk,RequestAdditionalInfo,1477312620.0,reason,"Carlos, the credit score is missing from the credit bureau data, which raises concerns about the applicant's creditworthiness. Can you verify whether there is any additional information available regarding the credit score?",4,The missing credit score complicates the assessment of the applicant's creditworthiness.,10,,1054,,,,,,,
Application_398311287,rejected,1,7,7,junior_clerk,ReturnApplicationEarly,1477313670.0,,,5,The lack of a credit score made this case difficult to assess properly.,5,,1300,,,,,,,
Application_579349612,rejected,1,1,7,junior_clerk,IntakeApplication,1476871922.473,initial_notes,"The requested amount of EUR 50,000 for home improvement seems reasonable, as home improvement projects can vary widely in cost. However, it would be good to ensure that the applicant has a clear plan for how this amount will be utilized.",2,This case is straightforward as it aligns with common home improvement loan requests.,5,,286,,,,,,,
Application_579349612,rejected,1,2,7,junior_clerk,CheckDocuments,1476874954.968,,,2,The application appears straightforward with a reasonable requested amount for home improvement.,10,,512,,,,,,,
Application_579349612,rejected,1,3,7,junior_clerk,ForwardCase,1476876903.224,,,2,The application is straightforward with a reasonable amount for home improvement.,5,,581,,,,,normal,,
Application_579349612,rejected,1,4,7,senior_clerk,CheckCreditScore,1476886320.0,,,2,This case is straightforward as the requested amount aligns with the loan goal.,10,,690,,,,,,,
Application_579349612,rejected,1,5,7,senior_clerk,ValidateApplication,1476972240.0,risk_assessment,"The credit score is missing, which raises concerns about the applicant's creditworthiness. The monthly cost of EUR 500 and a long term of 126 months suggest a significant financial commitment. Without a credit score, it's difficult to assess the risk accurately. Therefore, this application is borderline and requires further investigation into the applicant's financial history and stability.",4,The absence of a credit score complicates the assessment process.,15,,784,,,,,,,
Application_579349612,rejected,1,6,7,senior_clerk,RequestAdditionalInfo,1477315560.0,reason,"Carlos, the credit score is missing from the credit bureau data, which raises concerns about the applicant's creditworthiness. Can you verify if the applicant has a credit score?",4,The absence of the credit score complicates the assessment of the applicant's financial reliability.,10,,1056,,,,,,,
Application_579349612,rejected,1,7,7,junior_clerk,ReturnApplicationEarly,1477316316.0,,,4,The absence of a credit score made it difficult to assess the applicant's financial situation.,10,,1280,,,,,,,
Application_1118691851,approved,0,1,8,junior_clerk,IntakeApplication,1476872366.103,initial_notes,"The requested amount of EUR 15,000 for a motorcycle seems reasonable, as it aligns with the typical cost of a new motorcycle. No unusual aspects noted at this stage.",2,This case is straightforward as the amount aligns with the loan goal.,5,,281,,,,,,,
Application_1118691851,approved,0,2,8,junior_clerk,CheckDocuments,1476876132.725,,,2,The documentation appears to be standard for a motorcycle loan application.,5,,472,,,,,,,
Application_1118691851,approved,0,3,8,junior_clerk,ForwardCase,1476877986.988,,,2,The case is straightforward as the requested amount aligns with the loan goal and application type.,5,,541,,,,,normal,,
Application_1118691851,approved,0,4,8,senior_clerk,CheckCreditScore,1476888013.845,,,2,This case is straightforward as the application is complete and the loan goal aligns with the requested amount.,10,,650,,,,,,,
Application_1118691851,approved,0,5,8,senior_clerk,ValidateApplication,1476976273.845,risk_assessment,"The credit score of 951 is excellent, indicating a strong ability to repay the loan. The monthly cost of EUR 150.0 is manageable given the offered amount of EUR 15,000 over 127 terms, suggesting a low risk of default. Overall, the application appears solid and consistent with the applicant's profile.",2,The case is straightforward with no discrepancies in the application or credit data.,15,,743,,,,,,,
Application_1118691851,approved,0,6,8,senior_clerk,EscalateCase,1477312993.845,,,2,The case is straightforward with all data aligning well and no surprises.,10,,1014,,,,,,approve,
Application_1118691851,approved,0,7,8,credit_officer,AssessRisk,1477321093.845,,,2,The case is straightforward with no unusual aspects or concerns.,10,,1279,,,,,,,low
Application_1118691851,approved,0,8,8,credit_officer,ApproveLoan,1477322413.845,,,2,The case is straightforward with all documentation complete and a strong credit profile.,5,,1476,,,,,,,
Application_760288041,approved,0,1,8,junior_clerk,IntakeApplication,1476873360.0,initial_notes,"The requested amount of EUR 12,500 seems reasonable for an existing loan takeover, as it typically aligns with the amounts needed to consolidate or take over loans. There is nothing unusual at first glance.",2,This case is straightforward as the amount requested aligns with the loan goal.,5,,292,,,,,,,
Application_760288041,approved,0,2,8,junior_clerk,CheckDocuments,1476876621.622,,,2,The documentation appears complete and relevant for the loan takeover.,5,,518,,,,,,,
Application_760288041,approved,0,3,8,junior_clerk,ForwardCase,1476878555.022,,,2,The case is straightforward with a reasonable amount for the stated goal.,5,,587,,,,,normal,,
Application_760288041,approved,0,4,8,senior_clerk,CheckCreditScore,1476889320.0,,,2,The case is straightforward with complete documentation and a reasonable loan goal.,15,,696,,,,,,,
Application_760288041,approved,0,5,8,senior_clerk,ValidateApplication,1476978631.391,risk_assessment,"The credit score of 802 is excellent, indicating a strong credit profile. The monthly cost of EUR 247.28 for the offered amount of EUR 12,500 over 57 terms is manageable and aligns with the client's goal of taking over an existing loan. Overall, the application appears solid and consistent with the applicant's stated purpose.",2,The case is straightforward with a reasonable requested amount and strong credit profile.,15,,789,,,,,,,
Application_760288041,approved,0,6,8,senior_clerk,EscalateCase,1477317960.0,,,2,The case is straightforward with no discrepancies or missing information.,15,,1060,,,,,,approve,
Application_760288041,approved,0,7,8,credit_officer,AssessRisk,1477326060.0,,,2,The case is straightforward with no unusual factors or surprises.,10,,1325,,,,,,,low
Application_760288041,approved,0,8,8,credit_officer,ApproveLoan,1477327380.0,,,2,The case is straightforward with no unusual factors or surprises.,5,,1576,,,,,,,
Application_132830260,approved,0,1,8,junior_clerk,IntakeApplication,1476874055.022,initial_notes,"The requested amount of EUR 45,000 for an existing loan takeover seems reasonable, as this amount could potentially cover a significant portion of an existing loan. However, I will need to verify the documentation to ensure everything is in order.",3,"This case appears straightforward at first glance, but I need to check the documentation thoroughly.",10,,292,,,,,,,
Application_132830260,approved,0,2,8,junior_clerk,CheckDocuments,1476877354.968,,,2,The case is straightforward with a reasonable loan amount for the stated purpose.,10,,518,,,,,,,
Application_132830260,approved,0,3,8,junior_clerk,ForwardCase,1476879501.622,,,2,"The requested amount aligns with the loan goal of existing loan takeover, and the documentation is complete.",5,,587,,,,,normal,,
Application_132830260,approved,0,4,8,senior_clerk,CheckCreditScore,1476890551.391,,,3,"This case involves a loan takeover, which typically requires thorough credit analysis.",10,,696,,,,,,,
Application_132830260,approved,0,5,8,senior_clerk,ValidateApplication,1477037431.391,risk_assessment,"The credit score of 923 is excellent, indicating a strong creditworthiness. The monthly cost of EUR 617.61 for 84 terms aligns with the requested amount of EUR 45,000 for an existing loan takeover, suggesting that the applicant can manage the repayment comfortably. Overall, the profile is solid and consistent with the loan goal.",2,The case is straightforward with complete documentation and a strong credit score.,15,,789,,,,,,,
Application_132830260,approved,0,6,8,senior_clerk,EscalateCase,1477387231.391,,,2,The case is straightforward with all information aligning well and no surprises.,15,,1060,,,,,,approve,
Application_132830260,approved,0,7,8,credit_officer,AssessRisk,1477395331.391,,,2,The case is straightforward with no surprises in the documentation or credit history.,10,,1325,,,,,,,low
Application_132830260,approved,0,8,8,credit_officer,ApproveLoan,1477396651.391,,,2,The case is straightforward with all necessary documentation and a strong credit score.,5,,1576,,,,,,,
Application_1118317851,rejected,1,1,8,junior_clerk,IntakeApplication,1476872442.303,initial_notes,"The requested amount of EUR 6,850 for an existing loan takeover seems reasonable, as it could cover a portion of a larger loan. However, I will need to verify the documentation to ensure everything is in order.",2,"This case is straightforward, but I need to check the documents to confirm the purpose of the loan.",5,,292,,,,,,,
Application_1118317851,rejected,1,2,8,junior_clerk,CheckDocuments,1476876423.224,,,2,The documentation appears to be complete and relevant for the loan takeover.,10,,518,,,,,,,
Application_1118317851,rejected,1,3,8,junior_clerk,ForwardCase,1476878246.103,,,2,"The request is reasonable for an existing loan takeover, and all documentation is complete.",5,,587,,,,,normal,,
Application_1118317851,rejected,1,4,8,senior_clerk,CheckCreditScore,1476888780.0,,,2,This case is straightforward as the requested amount aligns with the loan goal.,10,,696,,,,,,,
Application_1118317851,rejected,1,5,8,senior_clerk,ValidateApplication,1476981540.0,risk_assessment,"The credit score is missing, which raises concerns about the applicant's creditworthiness. The monthly cost of EUR 123.74 for 72 terms indicates a long repayment period, and the offered amount of EUR 7,400 exceeds the requested amount of EUR 6,850, which could imply a higher risk if the applicant's financial situation is not solid. Given the lack of a credit score, I cannot confidently assess the risk profile.",4,The absence of a credit score makes this case more challenging to assess.,15,,789,,,,,,,
Application_1118317851,rejected,1,6,8,senior_clerk,RequestAdditionalInfo,1477397280.0,reason,"Carlos, the credit score is missing from the credit bureau data, which raises concerns about the applicant's creditworthiness. Can you verify if there was an issue retrieving this information?",4,The absence of the credit score complicates the assessment of the applicant's creditworthiness.,10,,1061,,,,,,,
Application_1118317851,rejected,1,7,8,junior_clerk,CheckDocuments,1477400400.0,notes,"I checked the documentation and found that all required documents were submitted. However, I will need to confirm if there was an issue retrieving the credit score from the credit bureau data.",3,"The case is straightforward, but the missing credit score adds a layer of complexity.",5,,1299,,,,,,,
Application_1118317851,rejected,1,8,8,junior_clerk,ReturnApplicationEarly,1477400946.0,,,3,The case is straightforward but cannot be processed due to missing critical information.,5,,1564,,,,,,,
Application_150503991,rejected,0,1,7,junior_clerk,IntakeApplication,1476874016.473,initial_notes,"The requested amount of EUR 50,000 for home improvement seems reasonable, as home renovations can be costly. However, I will need to check the documentation to ensure everything aligns properly.",2,"The case is straightforward, but I need to verify the documentation.",5,,286,,,,,,,
Application_150503991,rejected,0,2,7,junior_clerk,CheckDocuments,1476878014.888,,,3,"The documentation appears to be in order, but I need to verify specific details.",10,,506,,,,,,,
Application_150503991,rejected,0,3,7,junior_clerk,ForwardCase,1476880234.968,,,2,The case is straightforward with a reasonable amount for the stated purpose.,5,,575,,,,,normal,,
Application_150503991,rejected,0,4,7,senior_clerk,CheckCreditScore,1476891013.845,,,2,This case is straightforward as the requested amount aligns with the loan goal.,10,,684,,,,,,,
Application_150503991,rejected,0,5,7,senior_clerk,ValidateApplication,1477044180.0,risk_assessment,"The application is at risk due to the absence of a credit score, which raises concerns about the applicant's creditworthiness. The monthly cost of EUR 804.8 against the requested amount of EUR 50,000 for home improvement is significant, especially over 70 terms. Without a credit score, it is challenging to assess the applicant's ability to repay the loan. Therefore, I recommend a conditional approval pending further verification of the applicant's financial situation and credit history.",4,"The absence of a credit score complicates the assessment, requiring additional scrutiny of the applicant's financial background.",30,,777,,,,,,,
Application_150503991,rejected,0,6,7,senior_clerk,EscalateCase,1477401709.391,,,5,The absence of a credit score made this case difficult to assess thoroughly.,15,,1049,,,,,,reject,
Application_150503991,rejected,0,7,7,credit_officer,RejectLoan,1477403113.391,rejection_notes,"The lack of a credit score significantly impacts the assessment of the applicant's ability to repay the loan. Given the high monthly cost and the absence of credit history, the application poses a high risk to the bank.",3,The case is straightforward but complicated by the absence of a credit score.,10,,1313,,,,,,,
Application_1998100072,approved,0,1,8,junior_clerk,IntakeApplication,1476874722.303,initial_notes,"The requested amount of EUR 10,000 seems reasonable for an existing loan takeover, as it typically aligns with the amounts needed to consolidate or refinance existing debts. There is nothing unusual about the loan goal or application type.",2,This case is straightforward as the amount requested aligns well with the stated goal.,5,,293,,,,,,,
Application_1998100072,approved,0,2,8,junior_clerk,CheckDocuments,1476878532.725,,,2,The documentation appears to be in order for a standard loan takeover case.,5,,519,,,,,,,
Application_1998100072,approved,0,3,8,junior_clerk,ForwardCase,1476880526.103,,,2,The case is straightforward as the requested amount aligns with the loan goal of an existing loan takeover.,5,,588,,,,,normal,,
Application_1998100072,approved,0,4,8,senior_clerk,CheckCreditScore,1476891780.0,,,2,The case appears straightforward with a reasonable requested amount for an existing loan takeover.,10,,697,,,,,,,
Application_1998100072,approved,0,5,8,senior_clerk,ValidateApplication,1477041960.0,risk_assessment,"The applicant has a high credit score of 962, indicating a strong creditworthiness. The monthly cost of EUR 100.0 is manageable given the offered amount of EUR 10,000 and the number of terms (134) suggests a reasonable repayment plan. Overall, the profile is solid and consistent with the purpose of the loan, which is for an existing loan takeover.",2,The case is straightforward with complete documentation and a strong credit profile.,15,,790,,,,,,,
Application_1998100072,approved,0,6,8,senior_clerk,EscalateCase,1477395720.0,,,2,The case is straightforward with all data aligning well and no discrepancies.,10,,1061,,,,,,approve,
Application_1998100072,approved,0,7,8,credit_officer,AssessRisk,1477403820.0,,,2,This case is straightforward due to the applicant's strong credit profile and clear loan purpose.,5,,1326,,,,,,,low
Application_1998100072,approved,0,8,8,credit_officer,ApproveLoan,1477405140.0,,,2,The case is straightforward with no significant risk factors identified.,5,,1561,,,,,,,
Application_373875255,rejected,0,1,8,junior_clerk,IntakeApplication,1476874166.103,initial_notes,"The requested amount of EUR 5,000 seems reasonable for a car loan, as it could cover a portion of a used vehicle or a small new car. There is nothing unusual about the application type being a new credit.",2,This case is straightforward with a reasonable amount for the stated goal.,5,,272,,,,,,,
Application_373875255,rejected,0,2,8,junior_clerk,CheckDocuments,1476877506.988,,,2,The application appears straightforward with no missing information.,5,,498,,,,,,,
Application_373875255,rejected,0,3,8,junior_clerk,ForwardCase,1476879783.224,,,2,The case is straightforward with a reasonable loan amount for a car.,5,,567,,,,,normal,,
Application_373875255,rejected,0,4,8,senior_clerk,CheckCreditScore,1476889680.0,,,2,This case is straightforward as the requested amount aligns with common car loan amounts.,10,,676,,,,,,,
Application_373875255,rejected,0,5,8,senior_clerk,ValidateApplication,1477038913.845,risk_assessment,"The credit score is not available, which raises concerns about the applicant's creditworthiness. The monthly cost of EUR 152.82 over 36 terms for a total of EUR 5,000 indicates a manageable repayment plan, but without a credit score, it is difficult to assess the overall risk. This makes the application borderline, as we cannot determine the applicant's reliability based on credit history.",4,"The absence of a credit score complicates the assessment, making it harder to evaluate the applicant's risk profile.",15,,769,,,,,,,
Application_373875255,rejected,0,6,8,senior_clerk,EscalateCase,1477391419.391,,,4,The lack of a credit score significantly complicates the assessment of the applicant's creditworthiness.,15,,1041,,,,,,reject,
Application_373875255,rejected,0,7,8,credit_officer,AssessRisk,1477405999.391,,,4,The absence of a credit score complicates the risk assessment process significantly.,15,,1305,,,,,,,high
Application_373875255,rejected,0,8,8,credit_officer,RejectLoan,1477407403.391,rejection_notes,"The absence of a credit score significantly increases the risk associated with this loan application. Without this crucial information, we cannot determine the applicant's ability to repay the loan, leading to a high-risk classification.",3,The case was straightforward but complicated by the lack of credit score information.,3,,1557,,,,,,,
Application_1774613964,rejected,1,1,8,junior_clerk,IntakeApplication,1476875816.473,initial_notes,"The requested amount of EUR 8,500 seems reasonable for a car loan, as it aligns with typical financing for a mid-range vehicle. There is nothing unusual about the application type being a new credit.",2,This case is straightforward as the amount and purpose align well with common car loan requests.,5,,273,,,,,,,
Application_1774613964,rejected,1,2,8,junior_clerk,CheckDocuments,1476879021.622,,,2,The application appears straightforward with no missing documents.,5,,498,,,,,,,
Application_1774613964,rejected,1,3,8,junior_clerk,ForwardCase,1476880560.0,,,2,The case is straightforward with no unusual elements.,5,,567,,,,,normal,,
Application_1774613964,rejected,1,4,8,senior_clerk,CheckCreditScore,1476892320.0,,,2,The application appears straightforward with no initial red flags.,15,,676,,,,,,,
Application_1774613964,rejected,1,5,8,senior_clerk,ValidateApplication,1477047553.845,risk_assessment,"The credit score is missing, which raises concerns about the applicant's creditworthiness. The monthly cost of EUR 200.85 for 48 terms aligns with the offered amount of EUR 8,500, but without a credit score, it is difficult to assess the overall risk accurately. This situation makes the application borderline, as we lack a critical piece of information to fully evaluate the applicant's financial reliability.",4,"The absence of a credit score complicates the assessment, making it hard to determine the applicant's creditworthiness.",15,,769,,,,,,,
Application_1774613964,rejected,1,6,8,senior_clerk,RequestAdditionalInfo,1477474080.0,reason,"Carlos, the credit score is missing from the credit bureau data, which raises concerns about the applicant's creditworthiness. Can you verify whether the credit score can be obtained?",2,The case is straightforward but lacks critical credit information.,5,,1041,,,,,,,
Application_1774613964,rejected,1,7,8,junior_clerk,CheckDocuments,1477476480.0,notes,"The credit score is missing from the credit bureau data, which raises concerns about the applicant's creditworthiness. I will check if it can be obtained.",2,The case is straightforward but requires additional verification for the missing credit score.,5,,1270,,,,,,,
Application_1774613964,rejected,1,8,8,junior_clerk,ReturnApplicationEarly,1477477236.0,,,4,The absence of a credit score made it impossible to assess the application properly.,5,,1499,,,,,,,
Application_203678331,rejected,1,1,7,junior_clerk,IntakeApplication,1476875855.022,initial_notes,"The requested amount of EUR 16,000 seems reasonable for a car loan, depending on the type of vehicle being purchased. There is nothing unusual about the application type being new credit.",2,This case is straightforward as it aligns with typical car loan requests.,5,,273,,,,,,,
Application_203678331,rejected,1,2,7,junior_clerk,CheckDocuments,1476879303.224,,,2,The application appears straightforward with no unusual elements.,5,,486,,,,,,,
Application_203678331,rejected,1,3,7,junior_clerk,ForwardCase,1476880588.888,,,2,The case is straightforward with a reasonable amount for a car loan.,5,,555,,,,,normal,,
Application_203678331,rejected,1,4,7,senior_clerk,CheckCreditScore,1476892680.0,,,2,The case is straightforward with complete documentation and a reasonable loan amount.,10,,664,,,,,,,
Application_203678331,rejected,1,5,7,senior_clerk,ValidateApplication,1477049040.0,risk_assessment,"The credit score is missing, which raises concerns about the applicant's creditworthiness. The monthly cost of EUR 296.93 for a 60-month term on a EUR 16,000 loan is manageable, but without a credit score, it is difficult to assess the overall risk accurately. This situation makes the application borderline, as we cannot determine the applicant's ability to repay the loan without knowing their credit history.",4,"The absence of a credit score complicates the assessment, making it hard to evaluate the applicant's creditworthiness.",15,,758,,,,,,,
Application_203678331,rejected,1,6,7,senior_clerk,RequestAdditionalInfo,1477485529.391,reason,"Carlos, the credit score is missing from the credit bureau data, which raises concerns about the applicant's creditworthiness. Can you verify the applicant's credit score?",4,The missing credit score complicates the assessment of the applicant's creditworthiness.,10,,1030,,,,,,,
Application_203678331,rejected,1,7,7,junior_clerk,ReturnApplicationEarly,1477486579.391,,,5,The absence of a credit score makes it impossible to evaluate the application properly.,5,,1247,,,,,,,
Application_1309710626,rejected,0,1,8,junior_clerk,IntakeApplication,1476877766.103,initial_notes,"The requested amount of EUR 10,000 seems reasonable for an existing loan takeover, as this amount is often typical for consolidating smaller loans. There is nothing unusual about the application type being new credit in this context.",2,"This case is straightforward, as the amount aligns well with the loan goal.",5,,293,,,,,,,
Application_1309710626,rejected,0,2,8,junior_clerk,CheckDocuments,1476881901.622,,,2,The documentation appears standard for a loan takeover case.,5,,519,,,,,,,
Application_1309710626,rejected,0,3,8,junior_clerk,ForwardCase,1476884075.022,,,2,The case is straightforward with a reasonable amount for the stated goal.,5,,588,,,,,normal,,
Application_1309710626,rejected,0,4,8,senior_clerk,CheckCreditScore,1476959191.391,,,2,The application is straightforward with complete documentation.,15,,697,,,,,,,
Application_1309710626,rejected,0,5,8,senior_clerk,ValidateApplication,1477059253.845,risk_assessment,"The credit score of 718 is within an acceptable range, indicating a solid credit profile. The monthly cost of EUR 119.99 for 103 terms aligns well with the requested amount of EUR 10,000 for an existing loan takeover, suggesting that the applicant can manage the repayment comfortably. Overall, the application appears consistent and reasonable for the stated purpose.",2,The case is straightforward with no discrepancies in the application and credit data.,15,,791,,,,,,,
Application_1309710626,rejected,0,6,8,senior_clerk,EscalateCase,1477489860.0,,,2,The case is straightforward with no discrepancies in the application or credit data.,10,,1062,,,,,,approve,
Application_1309710626,rejected,0,7,8,credit_officer,AssessRisk,1477497960.0,,,2,"The case is straightforward with no unusual factors, but the long repayment term requires careful consideration.",15,,1327,,,,,,,medium
Application_1309710626,rejected,0,8,8,credit_officer,RejectLoan,1477499364.0,rejection_notes,"While the credit score is solid, the extended repayment period poses a risk that outweighs the benefits of approving this loan.",3,The case presented a solid credit score but raised concerns due to the long repayment term.,15,,1581,,,,,,,
Application_1634751250,rejected,1,1,8,junior_clerk,IntakeApplication,1476875966.103,initial_notes,"The requested amount of EUR 9,000 for an existing loan takeover seems reasonable, as it aligns with typical amounts for consolidating debt. There is nothing unusual at first glance.",2,This case is straightforward as the amount and purpose align well.,5,,292,,,,,,,
Application_1634751250,rejected,1,2,8,junior_clerk,CheckDocuments,1476879754.968,,,2,The documentation appears to be standard for a loan takeover case.,10,,499,,,,,,,
Application_1634751250,rejected,1,3,8,junior_clerk,ForwardCase,1476880636.511,,,2,The case is straightforward as the requested amount aligns with the loan goal.,3,,568,,,,,normal,,
Application_1634751250,rejected,1,4,8,senior_clerk,CheckCreditScore,1476893551.391,,,2,The case appears straightforward with complete documentation and a reasonable loan amount.,10,,677,,,,,,,
Application_1634751250,rejected,1,5,8,senior_clerk,ValidateApplication,1477050600.0,risk_assessment,"The credit score is missing, which raises concerns about the applicant's creditworthiness. The monthly cost of EUR 115.98 over 100 terms indicates a long repayment period, but without a credit score, the risk assessment is incomplete. Therefore, I recommend a conditional approval pending further verification of the applicant's credit history.",4,"The absence of a credit score complicates the assessment, making it challenging to evaluate the applicant's risk accurately.",15,,771,,,,,,,
Application_1634751250,rejected,1,6,8,senior_clerk,RequestAdditionalInfo,1477495980.0,reason,"Carlos, the credit score is missing from the credit bureau data, which raises concerns about the applicant's creditworthiness. Can you verify if there was an issue retrieving this information?",4,The missing credit score complicates the assessment significantly.,15,,1043,,,,,,,
Application_1634751250,rejected,1,7,8,junior_clerk,CheckDocuments,1477500300.0,notes,"The credit score is missing from the credit bureau data, which is essential for assessing the applicant's creditworthiness.",4,The missing credit score complicates the assessment of the application.,5,,1281,,,,,,,
Application_1634751250,rejected,1,8,8,junior_clerk,ReturnApplicationEarly,1477500846.0,,,3,The case was straightforward but lacked critical information needed for processing.,5,,1479,,,,,,,
Application_1934171280,approved,0,1,8,junior_clerk,IntakeApplication,1476878356.511,initial_notes,"The requested amount of EUR 15,000 seems reasonable for home improvement purposes, as it can cover significant renovations. There is nothing unusual about the application type being new credit.",2,This case is straightforward as the amount aligns well with the stated goal.,5,,287,,,,,,,
Application_1934171280,approved,0,2,8,junior_clerk,CheckDocuments,1476882183.224,,,2,The documentation appears to be standard for a home improvement loan.,10,,506,,,,,,,
Application_1934171280,approved,0,3,8,junior_clerk,ForwardCase,1476884640.0,,,2,The case is straightforward with a reasonable amount for the stated purpose.,5,,575,,,,,normal,,
Application_1934171280,approved,0,4,8,senior_clerk,CheckCreditScore,1476960960.0,,,2,The case is straightforward with complete documentation and a reasonable loan amount.,10,,684,,,,,,,
Application_1934171280,approved,0,5,8,senior_clerk,ValidateApplication,1477065480.0,risk_assessment,"The applicant has a strong credit score of 807, which is well above the acceptable range. The monthly cost of EUR 154.11 for a loan amount of EUR 15,000 over 120 terms is manageable, indicating a solid repayment capacity. Overall, the profile appears consistent and solid for the requested loan purpose of home improvement.",2,The application is straightforward with complete documentation and a strong credit profile.,15,,778,,,,,,,
Application_1934171280,approved,0,6,8,senior_clerk,EscalateCase,1477491973.845,,,2,The case was straightforward with no surprises and all data aligned well.,15,,1049,,,,,,approve,
Application_1934171280,approved,0,7,8,credit_officer,AssessRisk,1477500073.845,,,2,The case is straightforward with no unusual factors or risks to consider.,5,,1314,,,,,,,low
Application_1934171280,approved,0,8,8,credit_officer,ApproveLoan,1477558993.845,,,2,The case is straightforward with complete documentation and a strong credit profile.,5,,1565,,,,,,,
Application_1630717104,approved,0,1,8,junior_clerk,IntakeApplication,1476880046.103,initial_notes,"The requested amount of EUR 7,500 seems reasonable for home improvement purposes. It aligns with typical costs for renovations or upgrades, so there doesn't appear to be anything unusual at first glance.",2,This case is straightforward as the amount requested is typical for the stated goal.,5,,286,,,,,,,
Application_1630717104,approved,0,2,8,junior_clerk,CheckDocuments,1476882988.888,,,2,The documentation appears complete and straightforward for the requested loan amount.,5,,512,,,,,,,
Application_1630717104,approved,0,3,8,junior_clerk,ForwardCase,1476885268.888,,,2,The application is straightforward with a reasonable amount for the stated purpose.,5,,581,,,,,normal,,
Application_1630717104,approved,0,4,8,senior_clerk,CheckCreditScore,1476963960.0,,,2,"Standard case with complete documentation, awaiting credit score check.",15,,690,,,,,,,
Application_1630717104,approved,0,5,8,senior_clerk,ValidateApplication,1477297080.0,risk_assessment,"The applicant has an excellent credit score of 950, which indicates a strong creditworthiness. The monthly cost of EUR 229.23 is reasonable in relation to the offered amount of EUR 7,500 over 36 terms, making the debt manageable. The loan goal of home improvement aligns well with the requested amount, suggesting a legitimate purpose for the loan. Overall, the profile appears solid and consistent.",2,The case is straightforward with complete documentation and a strong credit profile.,15,,782,,,,,,,
Application_1630717104,approved,0,6,8,senior_clerk,EscalateCase,1477492177.391,,,2,The case presented a clear and straightforward profile with no discrepancies.,10,,1053,,,,,,approve,
Application_1630717104,approved,0,7,8,credit_officer,AssessRisk,1477500277.391,,,2,The case is straightforward with all necessary information provided and no discrepancies to investigate.,5,,1318,,,,,,,low
Application_1630717104,approved,0,8,8,credit_officer,ApproveLoan,1477559197.391,,,2,The case is straightforward with complete documentation and a strong credit score.,5,,1569,,,,,,,
Application_1079589,rejected,0,1,8,junior_clerk,IntakeApplication,1476876076.511,initial_notes,"The requested amount of EUR 8,000 seems reasonable for home improvement purposes, as it can cover significant renovations or upgrades. There is nothing unusual about the application type being new credit.",2,This case is straightforward as the amount aligns with the stated goal.,5,,283,,,,,,,
Application_1079589,rejected,0,2,8,junior_clerk,CheckDocuments,1476879764.473,,,2,The documentation appears to be complete and aligns with the requested amount and loan goal.,5,,509,,,,,,,
Application_1079589,rejected,0,3,8,junior_clerk,ForwardCase,1476880812.725,,,2,The case is straightforward with a reasonable amount for the stated purpose.,5,,578,,,,,normal,,
Application_1079589,rejected,0,4,8,senior_clerk,CheckCreditScore,1476895320.0,,,2,The case is straightforward with complete documentation and a reasonable loan request.,10,,687,,,,,,,
Application_1079589,rejected,0,5,8,senior_clerk,ValidateApplication,1477055971.391,risk_assessment,"The credit score is not available, which raises concerns about the applicant's creditworthiness. The monthly cost of EUR 150.0 and the number of terms (62) indicate a long repayment period, which could lead to potential financial strain. Given these factors, the application is borderline, as the requested amount aligns with the loan goal but lacks sufficient credit data to support approval.",4,"The absence of a credit score complicates the assessment, making it harder to evaluate the applicant's creditworthiness.",15,,779,,,,,,,
Application_1079589,rejected,0,6,8,senior_clerk,EscalateCase,1477486717.391,,,4,The absence of a credit score made this case difficult to assess.,15,,1051,,,,,,reject,
Application_1079589,rejected,0,7,8,credit_officer,AssessRisk,1477558897.391,,,4,"The case is complicated by the absence of a credit score, which is a critical factor in assessing creditworthiness.",15,,1315,,,,,,,high
Application_1079589,rejected,0,8,8,credit_officer,RejectLoan,1477559977.391,rejection_notes,"The application is rejected due to the absence of a credit score, which raises significant concerns about the applicant's creditworthiness and financial stability. The long repayment term and substantial monthly cost further exacerbate the risk.",2,The case was straightforward but had a critical missing piece of information (credit score) that significantly impacted the risk assessment.,3,,1567,,,,,,,
Application_1489786126,rejected,1,1,7,junior_clerk,IntakeApplication,1476879814.888,initial_notes,"The requested amount of EUR 5,000 seems reasonable for home improvement purposes, as it aligns with typical costs for renovations. There is nothing unusual about this application at first glance.",2,This case is straightforward as the amount requested is common for home improvement loans.,5,,286,,,,,,,
Application_1489786126,rejected,1,2,7,junior_clerk,CheckDocuments,1476882926.103,,,2,"The documentation appears to be complete and valid, making the case straightforward to process.",5,,507,,,,,,,
Application_1489786126,rejected,1,3,7,junior_clerk,ForwardCase,1476885201.622,,,2,The case is straightforward with a reasonable amount for the stated purpose.,5,,576,,,,,normal,,
Application_1489786126,rejected,1,4,7,senior_clerk,CheckCreditScore,1476963360.0,,,2,Standard case with complete documentation and reasonable loan amount.,15,,685,,,,,,,
Application_1489786126,rejected,1,5,7,senior_clerk,ValidateApplication,1477297693.845,risk_assessment,"The credit score is missing, which raises concerns about the applicant's creditworthiness. The monthly cost of EUR 398.93 is significant compared to the offered amount of EUR 5,000, indicating a potential strain on the applicant's finances. Given these factors, the application cannot be approved without further information.",4,"The absence of a credit score complicates the assessment, making it difficult to evaluate the applicant's financial stability.",15,,778,,,,,,,
Application_1489786126,rejected,1,6,7,senior_clerk,RequestAdditionalInfo,1477563793.845,reason,"Carlos, the credit score for the applicant is missing, which raises concerns about their creditworthiness. Can you verify the credit score to complete the assessment?",4,The absence of the credit score complicates the assessment significantly.,10,,1050,,,,,,,
Application_1489786126,rejected,1,7,7,junior_clerk,ReturnApplicationEarly,1477564549.845,,,4,The lack of a credit score made it impossible to assess the application properly.,5,,1262,,,,,,,
Application_1142291922,rejected,1,1,7,junior_clerk,IntakeApplication,1476878075.022,initial_notes,"The requested amount of EUR 11,000 seems reasonable for purchasing a caravan or camper, as these vehicles can be quite expensive. There is nothing unusual at first glance.",2,This case appears straightforward as the amount aligns with the loan goal.,5,,287,,,,,,,
Application_1142291922,rejected,1,2,7,junior_clerk,CheckDocuments,1476882162.303,,,2,The documentation appears to be complete and aligns with the requested loan amount and purpose.,5,,484,,,,,,,
Application_1142291922,rejected,1,3,7,junior_clerk,ForwardCase,1476884555.022,,,2,The application is straightforward with a reasonable amount for the stated goal.,5,,553,,,,,normal,,
Application_1142291922,rejected,1,4,7,senior_clerk,CheckCreditScore,1476959580.0,,,2,The case is straightforward with complete documentation and a reasonable loan request.,15,,662,,,,,,,
Application_1142291922,rejected,1,5,7,senior_clerk,ValidateApplication,1477297771.391,risk_assessment,"The credit score is missing, which raises concerns about the applicant's creditworthiness. The monthly cost of EUR 330.08 for a loan amount of EUR 11,000 over 36 terms indicates a significant financial commitment. Without a credit score, it's difficult to assess the risk accurately. Therefore, I recommend rejecting the application due to the lack of credit score information.",5,The absence of a credit score makes this case difficult to assess properly.,15,,756,,,,,,,
Application_1142291922,rejected,1,6,7,senior_clerk,RequestAdditionalInfo,1477563997.391,reason,"Carlos, the credit score is missing from the credit bureau data, which raises concerns about the applicant's creditworthiness. Can you verify the credit score? This information is crucial for assessing the risk of this application.",4,The missing credit score complicates the assessment of the applicant's financial reliability.,10,,1028,,,,,,,
Application_1142291922,rejected,1,7,7,junior_clerk,ReturnApplicationEarly,1477564753.391,,,4,The absence of a credit score makes it impossible to assess the application properly.,5,,1274,,,,,,,
Application_345753341,rejected,1,1,7,junior_clerk,IntakeApplication,1476880156.511,initial_notes,"The requested amount of EUR 11,000 for an existing loan takeover seems reasonable, as it is a common range for consolidating debts. No unusual aspects noted at this stage.",2,This case is straightforward as the amount aligns with the loan goal.,5,,292,,,,,,,
Application_345753341,rejected,1,2,7,junior_clerk,CheckDocuments,1476883792.511,,,2,The documentation appears to be complete and valid for the requested loan amount.,10,,489,,,,,,,
Application_345753341,rejected,1,3,7,junior_clerk,ForwardCase,1476885748.888,,,2,The case is straightforward as the requested amount aligns with the loan goal of existing loan takeover.,5,,558,,,,,normal,,
Application_345753341,rejected,1,4,7,senior_clerk,CheckCreditScore,1476966360.0,,,2,The case appears straightforward with complete documentation and a reasonable loan request.,10,,667,,,,,,,
Application_345753341,rejected,1,5,7,senior_clerk,ValidateApplication,1477302300.0,risk_assessment,"The credit score is missing, which raises concerns about the applicant's creditworthiness. The monthly cost of EUR 110.0 over 134 terms indicates a long repayment period, which may not be sustainable. The offered amount matches the requested amount, but without a credit score, the risk is elevated.",4,"The lack of a credit score complicates the assessment significantly, as it is a critical factor in evaluating the applicant's risk profile.",15,,761,,,,,,,
Application_345753341,rejected,1,6,7,senior_clerk,RequestAdditionalInfo,1477570320.0,reason,"Carlos, the credit score for this application is missing. Can you please verify whether the applicant has a credit score available? This information is crucial for assessing the applicant's creditworthiness.",4,The absence of a credit score complicates the assessment process significantly.,15,,1033,,,,,,,
Application_345753341,rejected,1,7,7,junior_clerk,ReturnApplicationEarly,1477570866.0,,,3,The case is straightforward but lacks critical information for assessment.,5,,1279,,,,,,,
Application_536009009,rejected,0,1,8,junior_clerk,IntakeApplication,1476881564.473,initial_notes,"The requested amount of EUR 17,500 seems reasonable for a car loan, depending on the type of vehicle being purchased. No unusual aspects noted at this stage.",2,This case is straightforward as the amount aligns with the stated goal.,5,,273,,,,,,,
Application_536009009,rejected,0,2,8,junior_clerk,CheckDocuments,1476885326.103,,,2,The documentation appears to be in order and matches the loan request.,5,,456,,,,,,,
Application_536009009,rejected,0,3,8,junior_clerk,ForwardCase,1476887795.022,,,2,The case is straightforward with a reasonable amount for a car loan.,5,,525,,,,,normal,,
Application_536009009,rejected,0,4,8,senior_clerk,CheckCreditScore,1476974160.0,,,2,Standard case with complete documentation and reasonable loan request.,10,,634,,,,,,,
Application_536009009,rejected,0,5,8,senior_clerk,ValidateApplication,1477308571.391,risk_assessment,"The application appears solid, with a good credit score of 787, a reasonable monthly cost of EUR 345.57 for the requested amount, and the offered amount matching the loan goal for a car. The number of terms is also manageable at 56.",2,The case is straightforward with no discrepancies in the application and credit data.,15,,727,,,,,,,
Application_536009009,rejected,0,6,8,senior_clerk,EscalateCase,1477564657.391,,,2,The case is straightforward with all data aligning well and no discrepancies.,15,,998,,,,,,approve,
Application_536009009,rejected,0,7,8,credit_officer,AssessRisk,1477572757.391,,,2,"The case is straightforward with no unusual aspects, but the loan amount is at the higher end for a car loan.",10,,1263,,,,,,,medium
Application_536009009,rejected,0,8,8,credit_officer,RejectLoan,1477574161.391,rejection_notes,"Despite a good credit score, the high loan amount and monthly cost present significant risk factors that cannot be overlooked.",3,The case presented a solid credit profile but raised concerns due to the high loan amount and monthly cost.,15,,1517,,,,,,,
Application_173122257,rejected,1,1,8,junior_clerk,IntakeApplication,1476880332.725,initial_notes,"The requested amount of EUR 50,000 for home improvement seems reasonable, as it could cover significant renovations. However, I will need to check if the documentation supports this request.",2,This case is straightforward as the amount aligns with the stated goal.,5,,286,,,,,,,
Application_173122257,rejected,1,2,8,junior_clerk,CheckDocuments,1476884301.622,,,2,The documentation appears to be complete and valid for the requested amount.,10,,502,,,,,,,
Application_173122257,rejected,1,3,8,junior_clerk,ForwardCase,1476886835.022,,,2,The case is straightforward with a reasonable amount for the stated purpose.,5,,571,,,,,normal,,
Application_173122257,rejected,1,4,8,senior_clerk,CheckCreditScore,1476970831.391,,,2,This case is straightforward as the application is complete and the loan goal is reasonable.,10,,680,,,,,,,
Application_173122257,rejected,1,5,8,senior_clerk,ValidateApplication,1477303860.0,risk_assessment,"The credit score is missing, which raises concerns about the applicant's creditworthiness. The monthly cost of EUR 712.76 against the offered amount of EUR 70,000 for 120 terms indicates a high debt-to-income ratio, which may not be sustainable. Therefore, the application is borderline and requires further scrutiny.",4,"The absence of a credit score complicates the assessment significantly, requiring careful evaluation of the available data.",30,,775,,,,,,,
Application_173122257,rejected,1,6,8,senior_clerk,RequestAdditionalInfo,1477574160.0,reason,"Carlos, the credit score is missing from the credit bureau data, which raises concerns about the applicant's creditworthiness. Can you verify if there is a credit score available?",4,The absence of the credit score complicates the assessment of the applicant's creditworthiness.,10,,1047,,,,,,,
Application_173122257,rejected,1,7,8,junior_clerk,CheckDocuments,1477576560.0,notes,"The credit score is missing from the documentation, which is crucial for assessing the applicant's creditworthiness.",2,This case is straightforward but requires additional information to proceed.,5,,1272,,,,,,,
Application_173122257,rejected,1,8,8,junior_clerk,ReturnApplicationEarly,1477576980.0,,,2,The absence of a credit score made this case straightforward to assess as incomplete.,5,,1463,,,,,,,
Application_1411809915,rejected,1,1,7,junior_clerk,IntakeApplication,1476953403.622,initial_notes,"The requested amount of EUR 18,000 seems reasonable for a car loan, depending on the type of vehicle being purchased. There is nothing unusual about the application at first glance.",2,This case is straightforward as the amount aligns with the stated goal of purchasing a car.,5,,274,,,,,,,
Application_1411809915,rejected,1,2,7,junior_clerk,CheckDocuments,1476962241.224,,,2,The application appears straightforward with no initial concerns about the documentation.,5,,481,,,,,,,
Application_1411809915,rejected,1,3,7,junior_clerk,ForwardCase,1476973354.888,,,2,The application is straightforward with no unusual elements.,5,,550,,,,,normal,,
Application_1411809915,rejected,1,4,7,senior_clerk,CheckCreditScore,1477305300.0,,,2,This case is straightforward with complete documentation and a reasonable loan request.,10,,659,,,,,,,
Application_1411809915,rejected,1,5,7,senior_clerk,RequestAdditionalInfo,1477578840.0,reason,"Carlos, the credit score is listed as 'None', which is unusual and raises concerns about the applicant's creditworthiness. Can you verify if there is a valid reason for this or if there has been an error in obtaining the credit score?",4,The absence of a credit score complicates the assessment significantly.,10,,753,,,,,,,
Application_1411809915,rejected,1,6,7,junior_clerk,CheckDocuments,1477581960.0,notes,"Checked the documentation and confirmed that all required documents were submitted. However, I cannot verify the credit score or the reason for it being listed as 'None' without additional information from the credit bureau.",3,"The case is straightforward, but the issue with the credit score adds a layer of complexity.",5,,999,,,,,,,
Application_1411809915,rejected,1,7,7,junior_clerk,ReturnApplicationEarly,1477582716.0,,,4,The lack of a credit score made it difficult to assess the application.,5,,1272,,,,,,,
Application_1274866621,rejected,1,1,8,junior_clerk,IntakeApplication,1476880355.022,initial_notes,"The requested amount of EUR 25,000 seems reasonable for a car loan, depending on the type of vehicle being purchased. No unusual aspects noted at this stage.",2,This case is straightforward as the amount aligns with the stated goal.,5,,274,,,,,,,
Application_1274866621,rejected,1,2,8,junior_clerk,CheckDocuments,1476884562.303,,,2,The application appears straightforward with no unusual aspects noted.,5,,457,,,,,,,
Application_1274866621,rejected,1,3,8,junior_clerk,ForwardCase,1476887315.022,,,2,The application is straightforward with a reasonable amount for a car loan.,5,,526,,,,,normal,,
Application_1274866621,rejected,1,4,8,senior_clerk,CheckCreditScore,1476973831.391,,,2,Standard case with complete documentation and no unusual aspects noted.,15,,635,,,,,,,
Application_1274866621,rejected,1,5,8,senior_clerk,ValidateApplication,1477312333.845,risk_assessment,"The credit score is missing, which raises concerns about the applicant's creditworthiness. The monthly cost of EUR 499.6 for 55 terms is significant compared to the requested amount. Without a credit score, it's challenging to assess the risk accurately. Therefore, the application is borderline and requires further investigation.",4,The absence of a credit score complicates the assessment of this application.,15,,728,,,,,,,
Application_1274866621,rejected,1,6,8,senior_clerk,RequestAdditionalInfo,1477642140.0,reason,"Carlos, the credit score is missing from the credit bureau data, which raises concerns about the applicant's creditworthiness. Can you verify if there was an issue with obtaining the credit score?",4,The absence of the credit score complicates the assessment of the applicant's creditworthiness.,10,,1000,,,,,,,
Application_1274866621,rejected,1,7,8,junior_clerk,CheckDocuments,1477645260.0,notes,"The credit score is missing from the credit bureau data, which raises concerns about the applicant's creditworthiness. This needs to be verified as it is crucial for assessing the loan application.",3,"The case is straightforward, but the missing credit score complicates the assessment.",5,,1242,,,,,,,
Application_1274866621,rejected,1,8,8,junior_clerk,ReturnApplicationEarly,1477645806.0,,,3,The case was straightforward but lacked essential documentation.,5,,1514,,,,,,,
Application_580014021,approved,0,1,8,junior_clerk,IntakeApplication,1476882360.0,initial_notes,"The requested amount of EUR 25,000 seems reasonable for home improvement, as it can cover significant renovations. There is nothing unusual about the application type being new credit.",2,This case is straightforward as the amount aligns with the stated goal.,5,,286,,,,,,,
Application_580014021,approved,0,2,8,junior_clerk,CheckDocuments,1476886812.725,,,2,The application appears straightforward with no unusual elements.,10,,496,,,,,,,
Application_580014021,approved,0,3,8,junior_clerk,ForwardCase,1476889626.988,,,2,The case is straightforward with a reasonable amount for home improvement.,5,,565,,,,,normal,,
Application_580014021,approved,0,4,8,senior_clerk,CheckCreditScore,1476977160.0,,,2,The case is straightforward with complete documentation and a reasonable loan request.,10,,674,,,,,,,
Application_580014021,approved,0,5,8,senior_clerk,ValidateApplication,1477317660.0,risk_assessment,"The applicant has a high credit score of 974, which indicates a strong credit history and low risk. The monthly cost of EUR 468.83 is manageable given the offered amount of EUR 25,000 for home improvement. The number of terms is reasonable at 59, suggesting a structured repayment plan. Overall, the profile is solid and consistent with the application details.",2,The application is straightforward with complete documentation and a strong credit score.,15,,767,,,,,,,
Application_580014021,approved,0,6,8,senior_clerk,EscalateCase,1477584300.0,,,2,The application is straightforward with no discrepancies or additional checks needed.,10,,1038,,,,,,approve,
Application_580014021,approved,0,7,8,credit_officer,AssessRisk,1477650000.0,,,2,The case is straightforward with a strong credit score and manageable monthly costs.,5,,1303,,,,,,,low
Application_580014021,approved,0,8,8,credit_officer,ApproveLoan,1477651320.0,,,2,The case is straightforward with a strong credit score and manageable monthly cost.,5,,1554,,,,,,,
Application_904306212,approved,0,1,8,junior_clerk,IntakeApplication,1476882612.725,initial_notes,"The requested amount of EUR 19,000 seems reasonable for an existing loan takeover, as it could cover a significant portion of the outstanding balance. However, I will need to verify the documentation to ensure everything aligns correctly.",2,This case appears straightforward but requires documentation verification.,5,,292,,,,,,,
Application_904306212,approved,0,2,8,junior_clerk,CheckDocuments,1476886962.303,,,2,The documentation appears to be in order for an existing loan takeover.,15,,518,,,,,,,
Application_904306212,approved,0,3,8,junior_clerk,ForwardCase,1476889842.303,,,2,The case is straightforward as the requested amount aligns well with the loan goal of existing loan takeover.,5,,587,,,,,normal,,
Application_904306212,approved,0,4,8,senior_clerk,CheckCreditScore,1476980160.0,,,2,"The case involves an existing loan takeover, which typically requires thorough credit analysis.",15,,696,,,,,,,
Application_904306212,approved,0,5,8,senior_clerk,ValidateApplication,1477325460.0,risk_assessment,"The credit score of 877 is excellent, indicating a strong creditworthiness. The monthly cost of EUR 249.83 over 89 terms aligns well with the requested amount of EUR 19,000 for an existing loan takeover. Overall, the application appears solid and consistent with the applicant's goals.",2,The case is straightforward as all data aligns well with the application and the loan goal.,15,,789,,,,,,,
Application_904306212,approved,0,6,8,senior_clerk,EscalateCase,1477653973.845,,,2,The case is straightforward with all necessary documentation and credit data aligning well.,15,,1060,,,,,,approve,
Application_904306212,approved,0,7,8,credit_officer,AssessRisk,1477662073.845,,,2,The case is straightforward with no surprises in the documentation or credit history.,10,,1325,,,,,,,low
Application_904306212,approved,0,8,8,credit_officer,ApproveLoan,1477663393.845,,,2,The case is straightforward with no surprises and all documentation complete.,3,,1576,,,,,,,
Application_397038537,rejected,1,1,7,junior_clerk,IntakeApplication,1476957802.511,initial_notes,"The requested amount of EUR 5,000 seems reasonable for a car loan, as it aligns with typical financing for a vehicle. There is nothing unusual about the loan goal or application type.",2,This case is straightforward as the amount requested is typical for the stated goal.,5,,272,,,,,,,
Application_397038537,rejected,1,2,7,junior_clerk,CheckDocuments,1476969537.622,,,2,The documentation appears to be standard for a car loan application.,5,,481,,,,,,,
Application_397038537,rejected,1,3,7,junior_clerk,ForwardCase,1476980254.968,,,2,The case is straightforward with a reasonable amount for a car loan.,5,,550,,,,,normal,,
Application_397038537,rejected,1,4,7,senior_clerk,CheckCreditScore,1477323960.0,,,2,The case is straightforward with complete documentation and a reasonable loan request.,10,,659,,,,,,,
Application_397038537,rejected,1,5,7,senior_clerk,RequestAdditionalInfo,1477665720.0,reason,"Carlos, the credit score is listed as 'None' in the credit bureau data. Can you confirm whether this is an error or if the client has no credit history? This information is crucial for assessing the risk profile.",4,The absence of a credit score complicates the assessment significantly.,15,,751,,,,,,,
Application_397038537,rejected,1,6,7,junior_clerk,CheckDocuments,1477668840.0,notes,"Checked the documentation and found it complete. However, the credit score is listed as 'None', indicating the client may have no credit history. This needs to be confirmed for proper assessment.",3,The case is straightforward but requires clarification on the credit score.,5,,997,,,,,,,
Application_397038537,rejected,1,7,7,junior_clerk,ReturnApplicationEarly,1477669890.0,,,5,The lack of a credit score makes it impossible to assess the application properly.,5,,1265,,,,,,,
Application_492258182,rejected,0,1,7,junior_clerk,IntakeApplication,1476884412.725,initial_notes,"The requested amount of EUR 5,000 seems reasonable for home improvement purposes. It aligns with typical renovation costs, and the application type as new credit is appropriate.",2,This case is straightforward as the amount and purpose align well.,5,,285,,,,,,,
Application_492258182,rejected,0,2,7,junior_clerk,CheckDocuments,1476888938.473,,,2,The documentation appears to be standard and complete for a home improvement loan.,5,,488,,,,,,,
Application_492258182,rejected,0,3,7,junior_clerk,ForwardCase,1476890877.224,,,2,The case is straightforward with a reasonable amount for home improvement.,5,,557,,,,,normal,,
Application_492258182,rejected,0,4,7,senior_clerk,CheckCreditScore,1477037400.0,,,2,The case is straightforward with complete documentation and a reasonable loan request.,10,,666,,,,,,,
Application_492258182,rejected,0,5,7,senior_clerk,ValidateApplication,1477394533.845,risk_assessment,"The credit score is not available, which raises concerns about the applicant's creditworthiness. The monthly cost of EUR 100.25 over 58 terms indicates a significant long-term financial commitment. Given the lack of a credit score, the risk of default is elevated, making this application borderline acceptable. Further scrutiny is warranted before a decision can be made.",4,"The absence of a credit score complicates the assessment, requiring additional caution in the evaluation process.",15,,759,,,,,,,
Application_492258182,rejected,0,6,7,senior_clerk,EscalateCase,1477900848.0,,,4,The absence of a credit score made this case more challenging to assess.,15,,1031,,,,,,reject,
Application_492258182,rejected,0,7,7,credit_officer,RejectLoan,1477905804.0,rejection_notes,"The absence of a credit score raises significant concerns about the applicant's ability to manage the loan. Given the long-term commitment and the lack of credit history, I cannot approve this application for EUR 5,000.",3,"The case is straightforward but complicated by the absence of a credit score, which is a critical factor in assessing creditworthiness.",15,,1295,,,,,,,
Application_139141595,approved,0,1,8,junior_clerk,IntakeApplication,1476884160.0,initial_notes,"The requested amount of EUR 25,000 seems reasonable for home improvement purposes, as such projects can vary widely in cost. There is nothing unusual about the application type being new credit.",2,This case is straightforward as the amount aligns with the stated goal.,5,,286,,,,,,,
Application_139141595,approved,0,2,8,junior_clerk,CheckDocuments,1476888754.968,,,2,"The documentation appears to be complete and valid, allowing for a straightforward review.",5,,506,,,,,,,
Application_139141595,approved,0,3,8,junior_clerk,ForwardCase,1476890868.303,,,2,The case is straightforward with a reasonable amount for the stated goal.,5,,575,,,,,normal,,
Application_139141595,approved,0,4,8,senior_clerk,CheckCreditScore,1477037160.0,,,2,This case is straightforward as the application is complete and the requested amount is reasonable.,10,,684,,,,,,,
Application_139141595,approved,0,5,8,senior_clerk,ValidateApplication,1477389360.0,risk_assessment,"The profile is solid and consistent, with a high credit score and a reasonable monthly cost in relation to the offered amount.",2,The case is straightforward with complete documentation and a strong credit score.,15,,778,,,,,,,
Application_139141595,approved,0,6,8,senior_clerk,EscalateCase,1477668180.0,,,2,The case is straightforward with no discrepancies or missing information.,10,,975,,,,,,approve,
Application_139141595,approved,0,7,8,credit_officer,AssessRisk,1477906680.0,,,2,This case is straightforward with no unusual factors or surprises.,10,,1240,,,,,,,low
Application_139141595,approved,0,8,8,credit_officer,ApproveLoan,1477908000.0,,,2,The case is straightforward with a solid credit profile and reasonable loan request.,5,,1491,,,,,,,
Application_1778799137,rejected,1,1,8,junior_clerk,IntakeApplication,1476884106.988,initial_notes,"The requested amount of EUR 21,000 for an existing loan takeover seems reasonable, as it could be used to consolidate or refinance a larger existing debt. There is nothing unusual about the application at first glance.",2,This case is straightforward as the amount aligns with the loan goal.,5,,293,,,,,,,
Application_1778799137,rejected,1,2,8,junior_clerk,CheckDocuments,1476888148.888,,,2,The documentation appears to be standard for a loan takeover case.,10,,519,,,,,,,
Application_1778799137,rejected,1,3,8,junior_clerk,ForwardCase,1476890397.224,,,2,The case is straightforward as the requested amount aligns with the loan goal of an existing loan takeover.,5,,588,,,,,normal,,
Application_1778799137,rejected,1,4,8,senior_clerk,CheckCreditScore,1476980400.0,,,2,"Standard case with complete documentation, awaiting credit score check.",15,,697,,,,,,,
Application_1778799137,rejected,1,5,8,senior_clerk,ValidateApplication,1477384260.0,risk_assessment,"The credit score is missing, which raises concerns about the applicant's creditworthiness. The offered amount of EUR 10,300 is significantly lower than the requested EUR 21,000, indicating potential issues with the applicant's financial situation. The monthly cost of EUR 246.89 over 46 terms suggests a long repayment period, which may not be sustainable for the applicant. Overall, the application appears borderline due to the lack of credit score and the discrepancy in amounts.",4,"The absence of a credit score complicates the assessment, making it harder to evaluate the applicant's risk profile.",15,,791,,,,,,,
Application_1778799137,rejected,1,6,8,senior_clerk,RequestAdditionalInfo,1477905540.0,reason,"Carlos, the credit score is missing from the credit bureau data, which raises concerns about the applicant's creditworthiness. Can you verify whether there is a reason for this absence?",4,The missing credit score complicates the assessment of the applicant's creditworthiness.,5,,1063,,,,,,,
Application_1778799137,rejected,1,7,8,junior_clerk,CheckDocuments,1477909860.0,notes,"The credit score is missing from the credit bureau data, which raises concerns about the applicant's creditworthiness. I will check if there is any reason for this absence.",4,The absence of the credit score complicates the assessment of the application.,5,,1294,,,,,,,
Application_1778799137,rejected,1,8,8,junior_clerk,ReturnApplicationEarly,1477910616.0,,,4,The absence of a credit score made it impossible to assess the application properly.,5,,1541,,,,,,,
Application_496050212,approved,0,1,8,junior_clerk,IntakeApplication,1476885592.511,initial_notes,"The requested amount of EUR 10,000 seems reasonable for home improvement purposes, as it can cover significant renovations or upgrades. There is nothing unusual about this application at first glance.",2,This case is straightforward as the amount aligns with the stated goal.,5,,286,,,,,,,
Application_496050212,approved,0,2,8,junior_clerk,CheckDocuments,1476889917.224,,,2,The documentation appears to be in order and complete for the requested loan.,5,,512,,,,,,,
Application_496050212,approved,0,3,8,junior_clerk,ForwardCase,1476891828.303,,,2,The application is straightforward with a reasonable amount for the stated goal.,5,,581,,,,,normal,,
Application_496050212,approved,0,4,8,senior_clerk,CheckCreditScore,1477040400.0,,,2,"The case is straightforward with complete documentation, making it easy to assess once credit data is available.",10,,690,,,,,,,
Application_496050212,approved,0,5,8,senior_clerk,ValidateApplication,1477395060.0,risk_assessment,approve,2,The application is straightforward with complete documentation and a strong credit score.,15,,783,,,,,,,
Application_496050212,approved,0,6,8,senior_clerk,EscalateCase,1477901293.845,,,2,This case is straightforward with all data aligning well and no discrepancies.,10,,861,,,,,,approve,
Application_496050212,approved,0,7,8,credit_officer,AssessRisk,1477912500.0,,,2,The case is straightforward with no unusual factors or concerns.,5,,1126,,,,,,,low
Application_496050212,approved,0,8,8,credit_officer,ApproveLoan,1477913820.0,,,2,The case is straightforward with a strong credit profile and reasonable loan purpose.,5,,1377,,,,,,,
Application_577888910,rejected,0,1,8,junior_clerk,IntakeApplication,1476884788.888,initial_notes,"The requested amount of EUR 40,000 seems reasonable for a loan aimed at covering remaining debt on a home. However, I would like to ensure that the amount aligns with typical home debt situations and confirm the applicant's ability to manage this new credit.",2,This case is straightforward as it involves a common loan purpose and amount.,5,,289,,,,,,,
Application_577888910,rejected,0,2,8,junior_clerk,CheckDocuments,1476889362.303,,,2,The case is straightforward as the requested amount aligns with the loan goal.,10,,515,,,,,,,
Application_577888910,rejected,0,3,8,junior_clerk,ForwardCase,1476891348.303,,,2,The case is straightforward as the requested amount aligns with the loan goal of covering remaining home debt.,5,,584,,,,,normal,,
Application_577888910,rejected,0,4,8,senior_clerk,CheckCreditScore,1477038780.0,,,2,This case is straightforward as the application is complete and the requested amount aligns with the loan goal.,15,,693,,,,,,,
Application_577888910,rejected,0,5,8,senior_clerk,ValidateApplication,1477394760.0,risk_assessment,"The credit score of 1023 is within an acceptable range, indicating a solid credit profile. The monthly cost of EUR 605.88 over 75 terms aligns with the requested amount of EUR 40,000 for covering remaining home debt. Overall, the profile appears consistent and solid, supporting the approval of the application.",2,"The application data aligns well with the credit bureau data, making it straightforward to assess.",15,,787,,,,,,,
Application_577888910,rejected,0,6,8,senior_clerk,EscalateCase,1477673833.845,,,2,The case is straightforward with all data aligning well and no issues to address.,15,,1058,,,,,,approve,
Application_577888910,rejected,0,7,8,credit_officer,AssessRisk,1477914763.845,,,3,The case is straightforward but requires careful consideration of the long repayment term and high loan amount.,10,,1323,,,,,,,medium
Application_577888910,rejected,0,8,8,credit_officer,RejectLoan,1477916167.845,rejection_notes,"Despite a solid credit score, the requested amount and terms present significant risk factors that cannot be overlooked. The sustainability of the monthly payments is questionable given the long repayment period and high loan amount.",3,The case presented a solid credit score but raised concerns regarding loan sustainability due to the high amount and long term.,15,,1577,,,,,,,
Application_1944447595,approved,0,1,8,junior_clerk,IntakeApplication,1476887223.224,initial_notes,"The requested amount of EUR 35,000 seems reasonable for an existing loan takeover, as such cases often involve significant sums. There is nothing unusual about the loan goal or application type.",2,This case is straightforward as it aligns with common loan takeover requests.,5,,293,,,,,,,
Application_1944447595,approved,0,2,8,junior_clerk,CheckDocuments,1476891921.622,,,2,The documentation appears to be standard for an existing loan takeover.,10,,513,,,,,,,
Application_1944447595,approved,0,3,8,junior_clerk,ForwardCase,1476892788.303,,,2,The case is straightforward with a reasonable amount for an existing loan takeover.,5,,582,,,,,normal,,
Application_1944447595,approved,0,4,8,senior_clerk,CheckCreditScore,1477043431.391,,,2,This case is straightforward as the application type and loan goal are clear.,10,,691,,,,,,,
Application_1944447595,approved,0,5,8,senior_clerk,ValidateApplication,1477400520.0,risk_assessment,"The credit profile is solid with a high credit score of 891, which indicates a strong repayment capacity. The monthly cost of EUR 596.08 is manageable given the offered amount of EUR 37,500, and the number of terms (71) suggests a reasonable repayment period. Overall, the application aligns well with the loan goal of existing loan takeover, and the requested amount is justifiable.",2,The application is straightforward with complete documentation and a solid credit score.,15,,784,,,,,,,
Application_1944447595,approved,0,6,8,senior_clerk,EscalateCase,1477907557.391,,,2,This case was straightforward with all the data aligning well.,10,,1055,,,,,,approve,
Application_1944447595,approved,0,7,8,credit_officer,AssessRisk,1477916100.0,,,2,The case is straightforward with no unusual factors or risks identified.,5,,1320,,,,,,,low
Application_1944447595,approved,0,8,8,credit_officer,ApproveLoan,1477917420.0,,,2,The case is straightforward with a solid credit profile and manageable loan terms.,5,,1554,,,,,,,
Application_1276203911,rejected,0,1,8,junior_clerk,IntakeApplication,1476886355.022,initial_notes,"The requested amount of EUR 12,500 for an existing loan takeover seems reasonable, as it is a common amount for consolidating loans. No unusual aspects noted at this stage.",2,This case is straightforward as it aligns with typical loan takeover requests.,5,,293,,,,,,,
Application_1276203911,rejected,0,2,8,junior_clerk,CheckDocuments,1476890842.511,,,2,The application appears straightforward with no immediate issues.,5,,491,,,,,,,
Application_1276203911,rejected,0,3,8,junior_clerk,ForwardCase,1476892308.303,,,2,The case is straightforward with a reasonable amount for the stated goal.,5,,560,,,,,normal,,
Application_1276203911,rejected,0,4,8,senior_clerk,CheckCreditScore,1477041780.0,,,2,Standard case with complete documentation and a reasonable loan goal.,10,,669,,,,,,,
Application_1276203911,rejected,0,5,8,senior_clerk,ValidateApplication,1477399333.845,risk_assessment,"The credit score of 736 is within an acceptable range, and the monthly cost of EUR 125.23 for 130 terms aligns with the requested amount for the loan takeover. The profile appears solid and consistent with the loan goal.",2,The application is straightforward with complete documentation and a reasonable loan amount for the stated goal.,15,,763,,,,,,,
Application_1276203911,rejected,0,6,8,senior_clerk,EscalateCase,1477904280.0,,,2,The case is straightforward with all data aligning well and no discrepancies.,10,,1034,,,,,,approve,
Application_1276203911,rejected,0,7,8,credit_officer,AssessRisk,1477916334.0,,,3,"The case has a solid credit score but involves a loan takeover, which adds complexity due to potential past financial issues.",15,,1299,,,,,,,medium
Application_1276203911,rejected,0,8,8,credit_officer,RejectLoan,1477917738.0,rejection_notes,"Despite a solid credit score and reasonable monthly cost, the long repayment term and the nature of the loan takeover present significant risks that outweigh the benefits.",3,The case presented a solid credit profile but had underlying risks that required careful consideration.,15,,1553,,,,,,,
Application_1364469216,rejected,1,1,8,junior_clerk,IntakeApplication,1476886354.968,initial_notes,"The requested amount of EUR 10,000 seems reasonable for home improvement purposes, as it can cover significant renovations or upgrades. There is nothing unusual about this application at first glance.",2,This case is straightforward with no apparent issues.,5,,287,,,,,,,
Application_1364469216,rejected,1,2,8,junior_clerk,CheckDocuments,1476890548.888,,,2,The documentation appears to be standard for a home improvement loan application.,5,,513,,,,,,,
Application_1364469216,rejected,1,3,8,junior_clerk,ForwardCase,1476891935.022,,,2,The application is straightforward with a reasonable amount for the stated goal.,5,,582,,,,,normal,,
Application_1364469216,rejected,1,4,8,senior_clerk,CheckCreditScore,1477040431.391,,,2,This case is straightforward as the documentation is complete and the requested amount aligns with the loan goal.,10,,691,,,,,,,
Application_1364469216,rejected,1,5,8,senior_clerk,ValidateApplication,1477400059.391,risk_assessment,"The credit score is missing, which raises concerns about the applicant's creditworthiness. The monthly cost of EUR 100.0 against the offered amount of EUR 10,000 over 134 terms suggests a low monthly payment, but without a credit score, we cannot accurately assess the risk. This case is borderline due to the lack of credit score information.",4,The absence of a credit score makes this case more challenging to assess.,15,,785,,,,,,,
Application_1364469216,rejected,1,6,8,senior_clerk,RequestAdditionalInfo,1477922100.0,reason,"Carlos, the credit score is missing from the credit bureau data, which raises concerns about the applicant's creditworthiness. Can you verify the credit score for this application?",4,The absence of the credit score complicates the assessment of the applicant's risk profile.,15,,1057,,,,,,,
Application_1364469216,rejected,1,7,8,junior_clerk,CheckDocuments,1477925220.0,notes,"The credit score is missing from the submitted documentation, which is essential for assessing the applicant's creditworthiness.",3,"The case is straightforward, but the missing credit score complicates the assessment.",5,,1283,,,,,,,
Application_1364469216,rejected,1,8,8,junior_clerk,ReturnApplicationEarly,1477925640.0,,,2,The absence of a credit score made this case straightforward to assess as incomplete.,5,,1486,,,,,,,
Application_1722936368,approved,0,1,8,junior_clerk,IntakeApplication,1476887392.511,initial_notes,"The requested amount of EUR 31,500 for remaining debt on a home seems reasonable, assuming it aligns with the value of the property and the amount of debt left. However, I will need to verify the documentation to ensure everything is in order.",2,"This case appears straightforward, but I need to check the documents to confirm.",5,,290,,,,,,,
Application_1722936368,approved,0,2,8,junior_clerk,CheckDocuments,1476892046.103,,,2,The case is straightforward as the requested amount aligns with the stated goal of remaining debt on a home.,10,,516,,,,,,,
Application_1722936368,approved,0,3,8,junior_clerk,ForwardCase,1476892946.103,,,2,The case is straightforward as the requested amount aligns with the loan goal of covering remaining debt on a home.,5,,585,,,,,normal,,
Application_1722936368,approved,0,4,8,senior_clerk,CheckCreditScore,1477045680.0,,,3,The case requires standard credit data verification.,10,,694,,,,,,,
Application_1722936368,approved,0,5,8,senior_clerk,ValidateApplication,1477407133.845,risk_assessment,"The credit score of 851 is excellent, indicating a strong creditworthiness. The monthly cost of EUR 349.59 over 108 terms aligns well with the requested amount of EUR 31,500 for remaining debt on a home. This suggests that the applicant can manage the repayment comfortably. Overall, the profile appears solid and consistent with the application details provided.",2,The case is straightforward with all necessary data available and no discrepancies found.,15,,788,,,,,,,
Application_1722936368,approved,0,6,8,senior_clerk,EscalateCase,1477922760.0,,,2,The case was straightforward with no surprises and all data aligned well.,10,,1059,,,,,,approve,
Application_1722936368,approved,0,7,8,credit_officer,AssessRisk,1477930860.0,,,2,The case is straightforward with no surprises and all necessary documents are complete.,10,,1324,,,,,,,low
Application_1722936368,approved,0,8,8,credit_officer,ApproveLoan,1477932180.0,,,2,The case is straightforward with all necessary documentation and a strong credit score.,5,,1575,,,,,,,
Application_1672037226,rejected,1,1,7,junior_clerk,IntakeApplication,1476973842.303,initial_notes,"The requested amount of EUR 15,000 seems reasonable for home improvement purposes, as it can cover substantial renovations or upgrades. There is nothing unusual about this application at first glance.",2,This case is straightforward as the amount aligns with the stated goal.,5,,287,,,,,,,
Application_1672037226,rejected,1,2,7,junior_clerk,CheckDocuments,1477038874.888,,,2,The documentation appears to be standard for a home improvement loan application.,5,,513,,,,,,,
Application_1672037226,rejected,1,3,7,junior_clerk,ForwardCase,1477045713.224,,,2,The application is straightforward with a reasonable amount for the stated goal.,5,,582,,,,,normal,,
Application_1672037226,rejected,1,4,7,senior_clerk,CheckCreditScore,1477406280.0,,,2,The case appears straightforward with complete documentation and a reasonable loan request.,10,,691,,,,,,,
Application_1672037226,rejected,1,5,7,senior_clerk,RequestAdditionalInfo,1477988340.0,reason,"Carlos, the credit score is listed as 'None', which is unusual and raises concerns about the applicant's creditworthiness. Can you verify the credit score with the bureau?",4,The absence of a credit score complicates the assessment significantly.,15,,786,,,,,,,
Application_1672037226,rejected,1,6,7,junior_clerk,CheckDocuments,1477991460.0,notes,"The documentation appears to be in order, but I will need to check the credit score with the bureau as requested by the Senior Clerk.",3,"The case is straightforward, but the lack of a credit score adds complexity.",10,,1003,,,,,,,
Application_1672037226,rejected,1,7,7,junior_clerk,ReturnApplicationEarly,1477992510.0,,,5,The lack of a credit score made this case difficult to assess properly.,5,,1209,,,,,,,
Application_1980887074,rejected,0,1,8,junior_clerk,IntakeApplication,1476889680.0,initial_notes,"The requested amount of EUR 19,000 seems reasonable for home improvement, as it can cover significant renovations or upgrades. There is nothing unusual about the application type being new credit.",2,This case is straightforward as the amount aligns with the stated goal.,5,,287,,,,,,,
Application_1980887074,rejected,0,2,8,junior_clerk,CheckDocuments,1476893502.725,,,2,The documentation appears to be complete and straightforward for a home improvement loan.,5,,509,,,,,,,
Application_1980887074,rejected,0,3,8,junior_clerk,ForwardCase,1476893982.725,,,2,The case is straightforward with a reasonable amount for the stated goal.,5,,578,,,,,normal,,
Application_1980887074,rejected,0,4,8,senior_clerk,CheckCreditScore,1477047180.0,,,2,Standard case with complete documentation and reasonable loan request.,10,,687,,,,,,,
Application_1980887074,rejected,0,5,8,senior_clerk,ValidateApplication,1477411560.0,risk_assessment,"The applicant has a strong credit score of 785, which is well above the acceptable threshold. The monthly cost of EUR 199.22 against the offered amount of EUR 19,000 indicates a manageable debt-to-income ratio, suggesting that the applicant can comfortably handle the repayment terms over 117 months. The loan goal of home improvement aligns with the requested amount, making this a reasonable application.",2,The application is straightforward with no discrepancies between the application and credit data.,15,,781,,,,,,,
Application_1980887074,rejected,0,6,8,senior_clerk,EscalateCase,1477932060.0,,,2,The case was straightforward with no surprises and all data aligned well.,15,,1052,,,,,,approve,
Application_1980887074,rejected,0,7,8,credit_officer,AssessRisk,1477997760.0,,,2,"The case is straightforward with no unusual factors, but the long repayment term requires careful consideration.",10,,1317,,,,,,,medium
Application_1980887074,rejected,0,8,8,credit_officer,RejectLoan,1477999704.0,rejection_notes,"While the credit score and monthly cost appear manageable, the lengthy repayment term poses a risk that cannot be overlooked. The bank prioritizes stability and a lower risk profile.",4,The case presented a strong credit score and reasonable monthly cost but was complicated by the long loan term.,3,,1571,,,,,,,
Application_1213009008,rejected,1,1,7,junior_clerk,IntakeApplication,1476977880.0,initial_notes,"The requested amount of EUR 15,000 seems reasonable for a car loan, as it aligns with typical vehicle financing. There is nothing unusual about the application type being new credit.",2,This case is straightforward as it aligns with common loan requests.,5,,274,,,,,,,
Application_1213009008,rejected,1,2,7,junior_clerk,CheckDocuments,1477043089.543,,,2,The documentation appears to be standard for a car loan application.,5,,482,,,,,,,
Application_1213009008,rejected,1,3,7,junior_clerk,ForwardCase,1477047394.968,,,2,The case is straightforward as the amount and purpose align well with typical car loans.,5,,551,,,,,normal,,
Application_1213009008,rejected,1,4,7,senior_clerk,CheckCreditScore,1477413133.845,,,2,Standard case with complete documentation and reasonable loan request.,10,,660,,,,,,,
Application_1213009008,rejected,1,5,7,senior_clerk,RequestAdditionalInfo,1478003833.845,reason,"Carlos, the credit score is listed as 'None' in the credit bureau data. Can you verify whether this is an error or if the client has no credit history? This information is crucial for assessing the risk of this application.",4,The absence of a credit score complicates the assessment of the applicant's creditworthiness.,15,,755,,,,,,,
Application_1213009008,rejected,1,6,7,junior_clerk,CheckDocuments,1478006953.845,notes,"The documentation appears complete, but I cannot verify the credit score as it is listed as 'None'. This may indicate the client has no credit history, which is crucial for assessing risk.",3,"The case is straightforward, but the lack of a credit score adds complexity.",5,,1001,,,,,,,
Application_1213009008,rejected,1,7,7,junior_clerk,ReturnApplicationEarly,1478007709.845,,,4,The case was straightforward but complicated by the lack of a credit score.,10,,1262,,,,,,,
Application_1273931422,rejected,1,1,8,junior_clerk,IntakeApplication,1476889146.988,initial_notes,"The requested amount of EUR 27,500 for a car seems reasonable, as it could cover a mid-range vehicle. However, since this is a limit raise application, I wonder if the applicant already has an existing loan or credit limit that needs to be considered.",2,"This case is straightforward, but the limit raise aspect requires some consideration of the applicant's existing credit situation.",5,,275,,,,,,,
Application_1273931422,rejected,1,2,8,junior_clerk,CheckDocuments,1476893242.511,,,2,The documentation appears to be complete and straightforward for a limit raise application.,5,,501,,,,,,,
Application_1273931422,rejected,1,3,8,junior_clerk,ForwardCase,1476893722.511,,,2,"The amount requested is reasonable for a car, and the documentation is complete.",5,,570,,,,,normal,,
Application_1273931422,rejected,1,4,8,senior_clerk,CheckCreditScore,1477047331.391,,,3,"The case involves a limit raise application, which typically requires thorough credit analysis.",15,,679,,,,,,,
Application_1273931422,rejected,1,5,8,senior_clerk,ValidateApplication,1477472160.0,risk_assessment,"The credit score is missing, which raises concerns about the applicant's creditworthiness. The monthly cost of EUR 300.0 over 126 terms indicates a long repayment period, which could lead to potential financial strain. The offered amount of EUR 30,000 exceeds the requested amount of EUR 27,500, but without a credit score, the risk remains unclear. Overall, the application is borderline due to the lack of credit score information.",4,The absence of a credit score complicates the assessment of the application.,15,,773,,,,,,,
Application_1273931422,rejected,1,6,8,senior_clerk,RequestAdditionalInfo,1478008680.0,reason,"Carlos, the credit score is missing from the credit bureau data, which raises concerns about the applicant's creditworthiness. Can you verify if there is a reason for this absence?",4,The lack of a credit score complicates the assessment significantly.,15,,1045,,,,,,,
Application_1273931422,rejected,1,7,8,junior_clerk,CheckDocuments,1478013000.0,notes,"The credit score is missing from the credit bureau data, which raises concerns about the applicant's creditworthiness.",4,The absence of the credit score complicates the assessment of the applicant's creditworthiness.,5,,1271,,,,,,,
Application_1273931422,rejected,1,8,8,junior_clerk,ReturnApplicationEarly,1478013420.0,,,2,The absence of a credit score made this case straightforward to assess as invalid.,5,,1464,,,,,,,
Application_1294558199,rejected,1,1,8,junior_clerk,IntakeApplication,1476890738.473,initial_notes,"The requested amount of EUR 25,000 seems reasonable for home improvement, as it can cover significant renovations or upgrades. There is nothing unusual about the application type being new credit.",2,This case is straightforward as the amount aligns well with the stated goal.,5,,287,,,,,,,
Application_1294558199,rejected,1,2,8,junior_clerk,CheckDocuments,1476893880.0,,,2,The documentation appears to be complete and straightforward for a home improvement loan.,10,,509,,,,,,,
Application_1294558199,rejected,1,3,8,junior_clerk,ForwardCase,1476894360.0,,,2,The application is straightforward with a reasonable amount for the stated goal.,5,,578,,,,,normal,,
Application_1294558199,rejected,1,4,8,senior_clerk,CheckCreditScore,1477048680.0,,,2,The case is straightforward with complete documentation and a reasonable loan request.,10,,687,,,,,,,
Application_1294558199,rejected,1,5,8,senior_clerk,ValidateApplication,1477475773.845,risk_assessment,"The credit score is missing, which raises concerns about the applicant's creditworthiness. The monthly cost of EUR 295.81 against the offered amount of EUR 25,000 for 100 terms indicates a long repayment period, which may not be sustainable without a solid credit history. Overall, the lack of a credit score makes this application borderline acceptable.",4,"The absence of a credit score complicates the assessment, making it difficult to evaluate the applicant's creditworthiness.",15,,782,,,,,,,
Application_1294558199,rejected,1,6,8,senior_clerk,RequestAdditionalInfo,1478015857.391,reason,"Carlos, the credit score is missing from the credit bureau data, which raises concerns about the applicant's creditworthiness. Can you verify the credit score for this application?",4,The missing credit score complicates the assessment of the applicant's creditworthiness.,15,,1054,,,,,,,
Application_1294558199,rejected,1,7,8,junior_clerk,CheckDocuments,1478074177.391,notes,"The credit score is missing from the credit bureau data, which raises concerns about the applicant's creditworthiness.",4,The missing credit score complicates the assessment of the application.,5,,1280,,,,,,,
Application_1294558199,rejected,1,8,8,junior_clerk,ReturnApplicationEarly,1478074723.391,,,3,The case was straightforward but lacked critical documentation.,5,,1473,,,,,,,
Application_867400149,approved,0,1,8,junior_clerk,IntakeApplication,1476892348.888,initial_notes,"The requested amount of EUR 27,500 for an existing loan takeover seems reasonable, as it may cover a significant portion of an existing loan. However, I will need to verify the documentation to ensure everything is in order.",2,This case is straightforward as it aligns with common loan takeover requests.,5,,292,,,,,,,
Application_867400149,approved,0,2,8,junior_clerk,CheckDocuments,1476894938.473,,,2,"The documentation appears to be standard for a loan takeover, requiring verification of existing loan details.",10,,518,,,,,,,
Application_867400149,approved,0,3,8,junior_clerk,ForwardCase,1476896002.511,,,2,The case is straightforward with a reasonable amount for the stated goal.,5,,587,,,,,normal,,
Application_867400149,approved,0,4,8,senior_clerk,CheckCreditScore,1477051453.845,,,3,"This case involves a loan takeover, which typically requires thorough credit analysis.",15,,696,,,,,,,
Application_867400149,approved,0,5,8,senior_clerk,ValidateApplication,1477485060.0,risk_assessment,approve,2,"The application data aligns well with the credit bureau data, making it straightforward to assess.",15,,789,,,,,,,
Application_867400149,approved,0,6,8,senior_clerk,EscalateCase,1478013133.845,,,2,The case is straightforward with all necessary documentation and credit data aligning well.,15,,867,,,,,,approve,
Application_867400149,approved,0,7,8,credit_officer,AssessRisk,1478078833.845,,,2,The case is straightforward with all necessary documentation and a strong credit profile.,10,,1132,,,,,,,low
Application_867400149,approved,0,8,8,credit_officer,ApproveLoan,1478080153.845,,,2,The case is straightforward with all documentation complete and a strong credit score.,5,,1326,,,,,,,
Application_1096460123,approved,0,1,8,junior_clerk,IntakeApplication,1476895522.511,initial_notes,"The requested amount of EUR 55,000 for an existing loan takeover seems reasonable, as it is common for such takeovers to involve significant sums. However, I will need to check the documentation to ensure everything aligns properly.",2,This case is straightforward as the amount requested aligns with the loan goal.,5,,293,,,,,,,
Application_1096460123,approved,0,2,8,junior_clerk,CheckDocuments,1476952402.511,,,2,The documentation appears to be complete and valid for a loan takeover.,10,,519,,,,,,,
Application_1096460123,approved,0,3,8,junior_clerk,ForwardCase,1476959248.888,,,2,The application is straightforward with a reasonable amount for the stated goal.,5,,588,,,,,normal,,
Application_1096460123,approved,0,4,8,senior_clerk,CheckCreditScore,1477057680.0,,,2,"This case involves a standard loan takeover application, which typically requires thorough credit assessment.",15,,697,,,,,,,
Application_1096460123,approved,0,5,8,senior_clerk,ValidateApplication,1477490520.0,risk_assessment,"The application is solid, with a high credit score of 844, which indicates a strong credit history. The monthly cost of EUR 560.02 is manageable given the offered amount of EUR 55,000 and the number of terms at 120. The purpose of the loan, which is an existing loan takeover, is reasonable and aligns with the requested amount. Overall, the profile is consistent and presents a low risk.",2,The case is straightforward with complete documentation and a strong credit score.,15,,791,,,,,,,
Application_1096460123,approved,0,6,8,senior_clerk,EscalateCase,1478014140.0,,,2,The case is straightforward with no surprises and all documentation in order.,15,,1062,,,,,,approve,
Application_1096460123,approved,0,7,8,credit_officer,AssessRisk,1478079840.0,,,2,The case is straightforward with no surprises or missing information.,10,,1327,,,,,,,low
Application_1096460123,approved,0,8,8,credit_officer,ApproveLoan,1478081160.0,,,2,The application is straightforward with a strong credit score and manageable monthly costs.,5,,1547,,,,,,,
Application_1639814791,approved,0,1,8,junior_clerk,IntakeApplication,1476895933.543,initial_notes,"The requested amount of EUR 25,000 seems reasonable for home improvement purposes, as it could cover significant renovations or upgrades. There is nothing unusual about the application type being new credit.",2,This case is straightforward as the amount aligns well with the stated goal.,5,,287,,,,,,,
Application_1639814791,approved,0,2,8,junior_clerk,CheckDocuments,1476952594.968,,,2,The application appears straightforward with no unusual elements to check.,10,,513,,,,,,,
Application_1639814791,approved,0,3,8,junior_clerk,ForwardCase,1476959304.369,,,2,The application is straightforward with a reasonable amount for the stated goal.,5,,582,,,,,normal,,
Application_1639814791,approved,0,4,8,senior_clerk,CheckCreditScore,1477058971.391,,,2,The case is straightforward with complete documentation and a reasonable loan request.,10,,691,,,,,,,
Application_1639814791,approved,0,5,8,senior_clerk,ValidateApplication,1477491517.391,risk_assessment,"The applicant has a strong credit score of 816, which is well above the acceptable range. The monthly cost of EUR 461.78 for a loan amount of EUR 25,000 over 60 terms is manageable and aligns with the applicant's stated goal of home improvement. Overall, the profile appears solid and consistent with the application details.",2,The case is straightforward with no discrepancies between the application and credit data.,15,,784,,,,,,,
Application_1639814791,approved,0,6,8,senior_clerk,EscalateCase,1478016517.391,,,2,This case was straightforward with all necessary information provided and aligned with the applicant's profile.,15,,1055,,,,,,approve,
Application_1639814791,approved,0,7,8,credit_officer,AssessRisk,1478082217.391,,,2,The case is straightforward with no surprises and a strong credit profile.,10,,1320,,,,,,,low
Application_1639814791,approved,0,8,8,credit_officer,ApproveLoan,1478083537.391,,,2,The case is straightforward with all documentation in order and a strong credit score.,5,,1571,,,,,,,
Application_994315361,rejected,1,1,7,junior_clerk,IntakeApplication,1476894148.888,initial_notes,"The requested amount of EUR 5,000 seems reasonable for a car loan, as it could cover a modest vehicle. There is nothing unusual about the application type being new credit for this purpose.",2,This case is straightforward as it aligns well with typical car loan requests.,5,,272,,,,,,,
Application_994315361,rejected,1,2,7,junior_clerk,CheckDocuments,1476950548.888,,,2,The documentation appears to be standard for a car loan application.,5,,487,,,,,,,
Application_994315361,rejected,1,3,7,junior_clerk,ForwardCase,1476958622.103,,,2,The application is straightforward with no unusual elements.,5,,556,,,,,normal,,
Application_994315361,rejected,1,4,7,senior_clerk,CheckCreditScore,1477054453.845,,,2,This case is straightforward with a reasonable requested amount and complete documentation.,15,,665,,,,,,,
Application_994315361,rejected,1,5,7,senior_clerk,ValidateApplication,1477491313.845,risk_assessment,"The credit score is missing, which raises concerns about the applicant's creditworthiness. The monthly cost of EUR 97.4 over 60 terms indicates a total repayment of EUR 5,844, which is reasonable given the offered amount of EUR 5,000. However, the absence of a credit score makes it difficult to assess the overall risk accurately.",4,"The lack of a credit score complicates the assessment, making it harder to evaluate the applicant's creditworthiness.",15,,756,,,,,,,
Application_994315361,rejected,1,6,7,senior_clerk,RequestAdditionalInfo,1478085960.0,reason,"Carlos, the credit score is missing from the credit bureau data, which raises concerns about the applicant's creditworthiness. Can you verify whether there is any additional information available regarding the applicant's credit score? This is crucial for assessing the risk profile accurately.",4,The missing credit score complicates the assessment process.,15,,1028,,,,,,,
Application_994315361,rejected,1,7,7,junior_clerk,ReturnApplicationEarly,1478086716.0,,,4,The absence of a credit score makes it impossible to evaluate the application properly.,5,,1274,,,,,,,
Application_1602891050,rejected,1,1,8,junior_clerk,IntakeApplication,1476891480.0,initial_notes,"The requested amount of EUR 5,000 seems reasonable for a motorcycle purchase. There is nothing unusual about the loan goal or application type.",2,This case is straightforward as the amount aligns with the purpose.,5,,280,,,,,,,
Application_1602891050,rejected,1,2,8,junior_clerk,CheckDocuments,1476894335.022,,,2,The documentation appears to be standard for a motorcycle loan application.,5,,449,,,,,,,
Application_1602891050,rejected,1,3,8,junior_clerk,ForwardCase,1476894840.0,,,2,The case is straightforward with a reasonable amount for the stated goal.,5,,518,,,,,normal,,
Application_1602891050,rejected,1,4,8,senior_clerk,CheckCreditScore,1477050180.0,,,2,Standard case with complete documentation and reasonable loan request.,10,,627,,,,,,,
Application_1602891050,rejected,1,5,8,senior_clerk,ValidateApplication,1477485720.0,risk_assessment,"The credit score is missing, which raises concerns about the applicant's creditworthiness. The monthly cost of EUR 152.82 over 36 terms for the requested amount of EUR 5,000 may be manageable, but without a credit score, it is difficult to assess the overall risk. This case is borderline due to the lack of credit score information.",4,"The absence of a credit score complicates the assessment, making it harder to evaluate the applicant's risk profile.",15,,720,,,,,,,
Application_1602891050,rejected,1,6,8,senior_clerk,RequestAdditionalInfo,1478084953.845,reason,"Carlos, the credit score is missing from the credit bureau data, which raises concerns about the applicant's creditworthiness. Can you verify whether the applicant has a credit score available?",4,The missing credit score complicates the assessment of the applicant's creditworthiness.,10,,992,,,,,,,
Application_1602891050,rejected,1,7,8,junior_clerk,CheckDocuments,1478088073.845,notes,"The applicant's credit score is missing from the documentation, which is essential for assessing creditworthiness.",3,The case is straightforward but lacks a crucial document for evaluation.,5,,1231,,,,,,,
Application_1602891050,rejected,1,8,8,junior_clerk,ReturnApplicationEarly,1478088619.845,,,3,The case was straightforward but lacked critical documentation.,5,,1420,,,,,,,
Application_2018809027,rejected,1,1,7,junior_clerk,IntakeApplication,1476894746.103,initial_notes,"The requested amount of EUR 10,000 seems reasonable for a car loan, as it aligns with typical financing for vehicle purchases. There is nothing unusual about the application type being new credit for this goal.",2,This case is straightforward as it meets common criteria for a car loan.,5,,274,,,,,,,
Application_2018809027,rejected,1,2,7,junior_clerk,CheckDocuments,1476951338.473,,,2,The documentation appears to be complete and straightforward for a car loan application.,5,,500,,,,,,,
Application_2018809027,rejected,1,3,7,junior_clerk,ForwardCase,1476958824.369,,,2,The case is straightforward with a reasonable amount for a car loan.,5,,569,,,,,normal,,
Application_2018809027,rejected,1,4,7,senior_clerk,CheckCreditScore,1477054680.0,,,2,Standard case with complete documentation and reasonable loan amount.,10,,678,,,,,,,
Application_2018809027,rejected,1,5,7,senior_clerk,ValidateApplication,1477493700.0,risk_assessment,"The credit score is missing, which raises concerns about the applicant's creditworthiness. The monthly cost of EUR 189.08 for a loan of EUR 10,000 over 60 terms is reasonable, but without a credit score, we cannot fully assess the risk. This makes the application borderline.",4,"The absence of a credit score complicates the assessment, making it difficult to determine the applicant's risk profile.",15,,772,,,,,,,
Application_2018809027,rejected,1,6,7,senior_clerk,RequestAdditionalInfo,1478088108.0,reason,"Carlos, the credit score is missing from the credit bureau data, which raises concerns about the applicant's creditworthiness. Can you verify whether the applicant has a credit score?",4,The missing credit score complicates the assessment.,5,,1044,,,,,,,
Application_2018809027,rejected,1,7,7,junior_clerk,ReturnApplicationEarly,1478089158.0,,,5,The lack of a credit score made this case difficult to assess properly.,5,,1273,,,,,,,
Application_206790509,rejected,1,1,8,junior_clerk,IntakeApplication,1476893727.224,initial_notes,"The requested amount of EUR 5,300 seems reasonable for an existing loan takeover, as it is a common amount for consolidating smaller loans. There is nothing unusual about this application at first glance.",2,This case is straightforward as it aligns with typical loan takeover requests.,5,,291,,,,,,,
Application_206790509,rejected,1,2,8,junior_clerk,CheckDocuments,1476896127.224,,,2,The documentation appears standard for a loan takeover application.,5,,517,,,,,,,
Application_206790509,rejected,1,3,8,junior_clerk,ForwardCase,1476950721.622,,,2,The case is straightforward as the requested amount aligns well with the loan goal of existing loan takeover.,5,,586,,,,,normal,,
Application_206790509,rejected,1,4,8,senior_clerk,CheckCreditScore,1477051680.0,,,2,The case appears straightforward with complete documentation and a reasonable loan amount.,15,,695,,,,,,,
Application_206790509,rejected,1,5,8,senior_clerk,ValidateApplication,1477489200.0,risk_assessment,"The credit score is missing, which raises concerns about the applicant's creditworthiness. The monthly cost of EUR 161.99 for a loan of EUR 5,300 over 36 terms suggests a manageable repayment, but without a credit score, we cannot assess the overall risk accurately. Therefore, this application is borderline and requires further scrutiny.",4,"The absence of a credit score complicates the assessment significantly, making it hard to evaluate the risk.",15,,788,,,,,,,
Application_206790509,rejected,1,6,8,senior_clerk,RequestAdditionalInfo,1478085120.0,reason,"Carlos, the credit score is missing from the credit bureau data, which raises concerns about the applicant's creditworthiness. Can you verify the credit score for this application?",4,The missing credit score complicates the assessment of the applicant's profile.,5,,1060,,,,,,,
Application_206790509,rejected,1,7,8,junior_clerk,CheckDocuments,1478089440.0,notes,"The credit score is missing from the credit bureau data, which raises concerns about the applicant's creditworthiness.",4,The missing credit score complicates the assessment of the applicant's creditworthiness.,5,,1286,,,,,,,
Application_206790509,rejected,1,8,8,junior_clerk,ReturnApplicationEarly,1478089860.0,,,2,The absence of a credit score made this case straightforward to assess as incomplete.,5,,1479,,,,,,,
Application_109718783,rejected,1,1,8,junior_clerk,IntakeApplication,1476896135.022,initial_notes,"The requested amount of EUR 25,000 seems reasonable for home improvement, as such projects can vary widely in cost. There is nothing unusual about the application type being new credit.",2,This case is straightforward as the amount aligns well with the stated goal.,5,,286,,,,,,,
Application_109718783,rejected,1,2,8,junior_clerk,CheckDocuments,1476952650.369,,,2,"The documentation appears to be in order, allowing for a straightforward check.",10,,497,,,,,,,
Application_109718783,rejected,1,3,8,junior_clerk,ForwardCase,1476959400.0,,,2,The case is straightforward with a reasonable amount for the stated goal.,5,,566,,,,,normal,,
Application_109718783,rejected,1,4,8,senior_clerk,CheckCreditScore,1477060680.0,,,2,The case is straightforward with complete documentation and a reasonable loan request.,10,,675,,,,,,,
Application_109718783,rejected,1,5,8,senior_clerk,ValidateApplication,1477498500.0,risk_assessment,"The credit score is missing, which raises concerns about the applicant's creditworthiness. The monthly cost of EUR 254.56 over 120 terms indicates a significant financial commitment, but without a credit score, it's challenging to assess the risk accurately. The offered amount aligns with the requested amount for home improvement, but the lack of credit score is a critical red flag.",4,The absence of a credit score complicates the assessment process significantly.,15,,770,,,,,,,
Application_109718783,rejected,1,6,8,senior_clerk,RequestAdditionalInfo,1478088337.391,reason,"Carlos, the credit score is missing from the credit bureau data, which raises concerns about the applicant's creditworthiness. Can you verify whether the applicant has a credit score available?",4,The absence of the credit score complicates the assessment of the applicant's financial reliability.,10,,1042,,,,,,,
Application_109718783,rejected,1,7,8,junior_clerk,CheckDocuments,1478091457.391,notes,"The application is missing the credit score, which is essential for assessing the applicant's creditworthiness. Without this information, we cannot proceed with the application.",3,The case is straightforward but lacks critical information needed for assessment.,5,,1281,,,,,,,
Application_109718783,rejected,1,8,8,junior_clerk,ReturnApplicationEarly,1478092003.391,,,3,The case was straightforward but lacked essential documentation.,5,,1533,,,,,,,
Application_1281070255,rejected,1,1,8,junior_clerk,IntakeApplication,1476896250.369,initial_notes,"The requested amount of EUR 10,000 seems reasonable for an existing loan takeover, as it typically aligns with the amounts needed to consolidate or refinance loans. There is nothing unusual about the loan goal or application type.",2,This case is straightforward as it aligns well with typical loan takeover requests.,5,,293,,,,,,,
Application_1281070255,rejected,1,2,8,junior_clerk,CheckDocuments,1476952948.888,,,2,"The documentation appears to be standard for an existing loan takeover, requiring no additional checks.",5,,519,,,,,,,
Application_1281070255,rejected,1,3,8,junior_clerk,ForwardCase,1476959784.369,,,2,The case is straightforward as the amount requested aligns well with the loan goal of existing loan takeover.,5,,588,,,,,normal,,
Application_1281070255,rejected,1,4,8,senior_clerk,CheckCreditScore,1477062253.845,,,2,This case is straightforward as the loan goal aligns with the requested amount.,15,,697,,,,,,,
Application_1281070255,rejected,1,5,8,senior_clerk,ValidateApplication,1477499160.0,risk_assessment,"The credit score is missing, which raises concerns about the applicant's creditworthiness. The monthly cost of EUR 141.72 over 84 terms indicates a significant financial commitment, and while the requested amount of EUR 10,000 is reasonable for an existing loan takeover, the lack of a credit score makes it difficult to assess the overall risk. Therefore, I recommend a conditional approval pending further clarification on the credit score.",4,The absence of a credit score complicates the assessment despite the reasonable loan amount and terms.,15,,791,,,,,,,
Application_1281070255,rejected,1,6,8,senior_clerk,RequestAdditionalInfo,1478088480.0,reason,"Carlos, the credit score is missing from the credit bureau data, which raises concerns about the applicant's creditworthiness. Can you verify if there is any credit score available for this applicant?",4,The missing credit score complicates the assessment of the applicant's financial reliability.,5,,1063,,,,,,,
Application_1281070255,rejected,1,7,8,junior_clerk,CheckDocuments,1478092800.0,notes,"The credit score is missing from the credit bureau data, which raises concerns about the applicant's creditworthiness. This is critical information needed to assess the application properly.",4,This case is straightforward but has a missing credit score that complicates the assessment.,5,,1309,,,,,,,
Application_1281070255,rejected,1,8,8,junior_clerk,ReturnApplicationEarly,1478093850.0,,,5,The absence of a credit score made this case difficult to assess properly.,5,,1574,,,,,,,
Application_1193407725,rejected,0,1,7,junior_clerk,IntakeApplication,1476954202.511,initial_notes,"The requested amount of EUR 30,000 for home improvement seems reasonable, as major renovations can often require significant funding. However, I will need to check the documentation to ensure everything aligns properly.",2,"The case is straightforward, but I need to verify the documentation to confirm the request is valid.",5,,287,,,,,,,
Application_1193407725,rejected,0,2,7,junior_clerk,CheckDocuments,1476963234.369,,,2,"The documentation appears to be complete, but I need to verify specific details.",10,,513,,,,,,,
Application_1193407725,rejected,0,3,7,junior_clerk,ForwardCase,1476974757.224,,,2,The case is straightforward with a reasonable amount for the stated goal.,5,,582,,,,,normal,,
Application_1193407725,rejected,0,4,7,senior_clerk,CheckCreditScore,1477308300.0,,,2,This case is straightforward as the requested amount aligns with the loan goal.,15,,691,,,,,,,
Application_1193407725,rejected,0,5,7,senior_clerk,ValidateApplication,1477572433.845,risk_assessment,"The credit score is not available, which raises concerns about the applicant's creditworthiness. The monthly cost of EUR 554.14 against the offered amount of EUR 30,000 for home improvement indicates a significant financial commitment. Without a credit score, it is challenging to assess the risk accurately. Therefore, I recommend a conditional approval pending further verification of the applicant's credit history.",4,"The absence of a credit score complicates the assessment, making it difficult to evaluate the applicant's financial reliability.",20,,785,,,,,,,
Application_1193407725,rejected,0,6,7,senior_clerk,EscalateCase,1478089668.0,,,4,The absence of a credit score made this case more challenging to assess.,15,,1057,,,,,,reject,
Application_1193407725,rejected,0,7,7,credit_officer,RejectLoan,1478095117.845,rejection_notes,"The absence of a credit score raises significant concerns about the applicant's creditworthiness, and the monthly cost is not justifiable given the lack of credit history.",3,"The case is straightforward but complicated by the absence of a credit score, which is a critical factor in assessing creditworthiness.",15,,1321,,,,,,,
Application_159448414,rejected,0,1,7,junior_clerk,IntakeApplication,1476954450.369,initial_notes,"The requested amount of EUR 15,000 seems reasonable for an existing loan takeover, as it typically aligns with the amounts needed to consolidate or refinance loans. There is nothing unusual about the application type being new credit.",2,This case is straightforward as the amount and purpose align well.,5,,292,,,,,,,
Application_159448414,rejected,0,2,7,junior_clerk,CheckDocuments,1476964200.0,,,2,The documentation appears to be standard for an existing loan takeover.,5,,518,,,,,,,
Application_159448414,rejected,0,3,7,junior_clerk,ForwardCase,1476975237.224,,,2,The case is straightforward as the requested amount aligns with the loan goal of existing loan takeover.,5,,587,,,,,normal,,
Application_159448414,rejected,0,4,7,senior_clerk,CheckCreditScore,1477311300.0,,,2,The case is straightforward with a reasonable loan amount and complete documentation.,15,,696,,,,,,,
Application_159448414,rejected,0,5,7,senior_clerk,ValidateApplication,1477575240.0,risk_assessment,"The application is concerning due to the absence of a credit score, which indicates insufficient credit history or reporting issues. The monthly cost of EUR 199.14 over 88 terms suggests a long repayment period, which may not be sustainable without a solid credit profile. The offered amount of EUR 15,000 aligns with the loan goal of existing loan takeover, but the lack of a credit score raises significant risk flags.",4,"The absence of a credit score complicates the assessment, making it difficult to evaluate the applicant's creditworthiness.",15,,790,,,,,,,
Application_159448414,rejected,0,6,7,senior_clerk,EscalateCase,1478090418.0,,,5,The absence of a credit score made this case difficult to assess properly.,15,,1062,,,,,,reject,
Application_159448414,rejected,0,7,7,credit_officer,RejectLoan,1478096197.845,rejection_notes,"The application for EUR 15,000 is rejected due to the lack of a credit score, which raises concerns about the applicant's creditworthiness. The monthly repayment of EUR 199.14 over 88 terms is also a concern without a solid credit history to support it.",2,The case was straightforward but raised significant concerns due to the lack of credit score.,15,,1326,,,,,,,
Application_1558264214,rejected,0,1,8,junior_clerk,IntakeApplication,1476952641.224,initial_notes,"The requested amount of EUR 15,000 seems reasonable for a car loan, depending on the type of vehicle. There is nothing unusual about the application type being a new credit.",2,This case is straightforward as it aligns with typical car loan requests.,5,,274,,,,,,,
Application_1558264214,rejected,0,2,8,junior_clerk,CheckDocuments,1476961316.103,,,2,The documentation appears to be standard for a car loan application.,10,,473,,,,,,,
Application_1558264214,rejected,0,3,8,junior_clerk,ForwardCase,1476972417.622,,,2,The application is straightforward with no unusual elements.,5,,542,,,,,normal,,
Application_1558264214,rejected,0,4,8,senior_clerk,CheckCreditScore,1477300771.391,,,2,This case is straightforward as the requested amount aligns with the purpose of the loan.,10,,651,,,,,,,
Application_1558264214,rejected,0,5,8,senior_clerk,ValidateApplication,1477556220.0,risk_assessment,"The credit score of 624 is below the acceptable threshold for approval, indicating a higher risk profile. The monthly cost of EUR 150.0 over 127 terms results in a total repayment amount that may not be sustainable given the applicant's credit history. Therefore, I recommend rejecting the application.",3,"The credit score is significantly below the acceptable range, which raises concerns about the applicant's ability to manage the loan.",15,,744,,,,,,,
Application_1558264214,rejected,0,6,8,senior_clerk,EscalateCase,1478085613.845,,,2,The case is straightforward but the low credit score presents a clear risk.,15,,1016,,,,,,reject,
Application_1558264214,rejected,0,7,8,credit_officer,AssessRisk,1478093713.845,,,2,The case is straightforward but has a significant risk factor due to the low credit score.,10,,1280,,,,,,,high
Application_1558264214,rejected,0,8,8,credit_officer,RejectLoan,1478097948.0,rejection_notes,"The applicant's credit score is significantly below the acceptable threshold, which raises concerns about their ability to repay the loan. Additionally, the long repayment term combined with the monthly payment could lead to financial strain.",2,The case was straightforward but the low credit score presented a clear rejection reason.,10,,1532,,,,,,,
Application_1930612093,rejected,0,1,8,junior_clerk,IntakeApplication,1476954073.543,initial_notes,"The requested amount of EUR 17,000 seems reasonable for a car loan, depending on the type of vehicle being purchased. There is nothing unusual about the application at first glance.",2,This case is straightforward as it aligns with typical car loan requests.,5,,274,,,,,,,
Application_1930612093,rejected,0,2,8,junior_clerk,CheckDocuments,1476962975.022,,,2,The application appears straightforward with no immediate concerns.,10,,481,,,,,,,
Application_1930612093,rejected,0,3,8,junior_clerk,ForwardCase,1476974280.0,,,2,The application is straightforward with no unusual elements.,5,,550,,,,,normal,,
Application_1930612093,rejected,0,4,8,senior_clerk,CheckCreditScore,1477306860.0,,,2,This case is straightforward as the application appears complete and the requested amount is reasonable for a car loan.,10,,659,,,,,,,
Application_1930612093,rejected,0,5,8,senior_clerk,ValidateApplication,1477566600.0,risk_assessment,"The credit profile is solid with a good credit score of 778, a reasonable monthly cost of EUR 221.43, and the requested amount aligns with the offered amount. The loan terms of 90 months are manageable given the applicant's financial profile.",2,The application is straightforward with complete documentation and a solid credit score.,15,,752,,,,,,,
Application_1930612093,rejected,0,6,8,senior_clerk,EscalateCase,1478088768.0,,,2,The case was straightforward with all necessary information provided and no discrepancies found.,10,,1023,,,,,,approve,
Application_1930612093,rejected,0,7,8,credit_officer,AssessRisk,1478096868.0,,,2,The case is straightforward with a solid credit profile but has a long loan term that raises some concerns.,15,,1288,,,,,,,medium
Application_1930612093,rejected,0,8,8,credit_officer,RejectLoan,1478098501.391,rejection_notes,"Despite a solid credit score and manageable monthly payment, the extended loan term poses significant risk, which is not adequately addressed in the application.",3,The case presented a solid credit profile but the long loan term raised concerns that required careful consideration.,15,,1542,,,,,,,
Application_2004968371,rejected,0,1,8,junior_clerk,IntakeApplication,1476954441.224,initial_notes,"The requested amount of EUR 5,000 seems reasonable for a car loan, as it can cover a portion of a used vehicle or a small new car. There is nothing unusual about the application type being a new credit.",2,This case is straightforward as it follows a common request pattern for car loans.,5,,273,,,,,,,
Application_2004968371,rejected,0,2,8,junior_clerk,CheckDocuments,1476963716.103,,,2,The documentation appears to be standard for a car loan application.,10,,499,,,,,,,
Application_2004968371,rejected,0,3,8,junior_clerk,ForwardCase,1476974869.543,,,2,The case is straightforward with no unusual elements.,5,,568,,,,,normal,,
Application_2004968371,rejected,0,4,8,senior_clerk,CheckCreditScore,1477309860.0,,,2,The case is straightforward with a reasonable loan amount for a car.,10,,677,,,,,,,
Application_2004968371,rejected,0,5,8,senior_clerk,ValidateApplication,1477569457.391,risk_assessment,"The credit score of 1089 is within an acceptable range, and the offered amount of EUR 5,000 aligns with the loan goal of purchasing a car. The monthly cost of EUR 199.14 is manageable within typical income levels, and the number of terms at 27 is reasonable for this loan amount. Overall, the profile appears solid and consistent.",2,The application is straightforward with no discrepancies in the data.,15,,770,,,,,,,
Application_2004968371,rejected,0,6,8,senior_clerk,EscalateCase,1478088997.391,,,2,The case presented a clear and straightforward profile with no discrepancies.,10,,1041,,,,,,approve,
Application_2004968371,rejected,0,7,8,credit_officer,AssessRisk,1478097097.391,,,2,"The case is straightforward, but the credit score and monthly payment require careful consideration.",10,,1306,,,,,,,medium
Application_2004968371,rejected,0,8,8,credit_officer,RejectLoan,1478099161.391,rejection_notes,"Despite the application being reasonable, the credit score and monthly payment raise concerns about the applicant's ability to manage the loan effectively.",3,The case presented some concerns regarding the applicant's creditworthiness despite a reasonable request.,3,,1560,,,,,,,
Application_413991815,rejected,0,1,8,junior_clerk,IntakeApplication,1476954934.968,initial_notes,"The requested amount of EUR 45,000 for home improvement seems reasonable, as home renovations can be costly. However, it would be important to verify the specific improvements planned to ensure the amount aligns with typical costs.",3,This case appears straightforward but requires further verification of the intended improvements.,5,,286,,,,,,,
Application_413991815,rejected,0,2,8,junior_clerk,CheckDocuments,1476964534.968,notes,Checked all submitted documents for completeness and validity. All required documents are present and appear to be in order.,2,"The documentation was complete and valid, making the case straightforward to process.",10,,512,,,,,,,
Application_413991815,rejected,0,3,8,junior_clerk,ForwardCase,1476975777.622,,,2,The case is straightforward with all documents in order and a reasonable amount for the stated goal.,5,,709,,,,,normal,,
Application_413991815,rejected,0,4,8,senior_clerk,CheckCreditScore,1477312860.0,,,2,"The case is straightforward, with all documents in order and a reasonable loan goal.",15,,818,,,,,,,
Application_413991815,rejected,0,5,8,senior_clerk,ValidateApplication,1477577233.845,risk_assessment,"The credit score of 1025 is well above the acceptable threshold, indicating a strong credit history. The monthly cost of EUR 458.2 is manageable within the context of the loan terms, which are set at 120 months. The offered amount matches the requested amount of EUR 45,000, supporting the home improvement goal. Overall, the profile is solid and consistent, suggesting a favorable risk assessment for approval.",2,The case is straightforward with all documents in order and a strong credit score.,15,,912,,,,,,,
Application_413991815,rejected,0,6,8,senior_clerk,EscalateCase,1478089657.391,,,2,The case was straightforward with all documentation in order and a strong credit profile.,15,,1183,,,,,,approve,
Application_413991815,rejected,0,7,8,credit_officer,AssessRisk,1478097757.391,,,2,"The case is straightforward with all documents in order and a strong credit score, but the high loan amount raises some concerns.",15,,1448,,,,,,,medium
Application_413991815,rejected,0,8,8,credit_officer,RejectLoan,1478099892.0,rejection_notes,"Despite a strong credit score, the requested amount for home improvement raises concerns about the applicant's ability to manage monthly payments effectively. Without clear income verification, the risk remains medium, leading to a decision to reject the application.",4,"The case involved a strong credit score but lacked sufficient income verification, making the decision more complex.",15,,1702,,,,,,,
Application_498556066,rejected,1,1,8,junior_clerk,IntakeApplication,1476953202.303,initial_notes,"The requested amount of EUR 25,000 seems reasonable for home improvement, as it could cover significant renovations. No unusual aspects noted at this stage.",2,This case is straightforward as the amount aligns well with the stated goal.,5,,286,,,,,,,
Application_498556066,rejected,1,2,8,junior_clerk,CheckDocuments,1476961873.543,,,2,The documentation appears to be complete and straightforward.,10,,468,,,,,,,
Application_498556066,rejected,1,3,8,junior_clerk,ForwardCase,1476972897.622,,,2,The case is straightforward with a reasonable amount for the stated purpose.,5,,537,,,,,normal,,
Application_498556066,rejected,1,4,8,senior_clerk,CheckCreditScore,1477303771.391,,,2,This case is straightforward as the requested amount aligns with the loan goal and documentation is complete.,10,,646,,,,,,,
Application_498556066,rejected,1,5,8,senior_clerk,ValidateApplication,1477561020.0,risk_assessment,"The credit score of 809 is excellent, indicating a strong credit profile. However, the offered amount of EUR 20,000 is below the requested EUR 25,000, which raises a concern about the adequacy of funds for the stated home improvement goal. The monthly cost of EUR 205.49 over 120 terms is manageable, but the discrepancy in the requested and offered amounts makes this application borderline.",2,"The case is straightforward, but the discrepancy between the requested and offered amounts requires careful consideration.",15,,740,,,,,,,
Application_498556066,rejected,1,6,8,senior_clerk,RequestAdditionalInfo,1478098483.845,reason,"Carlos, the client has requested EUR 25,000 for home improvement, but the offered amount is only EUR 20,000. Can you clarify why the offered amount is lower than the requested amount? This information is crucial for my assessment.",3,The discrepancy between the requested and offered amounts requires further investigation.,10,,1011,,,,,,,
Application_498556066,rejected,1,7,8,junior_clerk,CheckDocuments,1478101603.845,notes,"The documentation is complete, but the offered amount of EUR 20,000 is lower than the requested EUR 25,000. I will check if there are any specific details in the application that explain this discrepancy, such as the scope of the home improvement project or budget breakdown.",3,"The case is straightforward, but the discrepancy in the requested and offered amounts requires clarification.",5,,1257,,,,,,,
Application_498556066,rejected,1,8,8,junior_clerk,ReturnApplicationEarly,1478102359.845,,,4,"The case was straightforward, but the discrepancy in the requested and offered amounts complicated the assessment.",5,,1530,,,,,,,
Application_633655173,rejected,1,1,7,junior_clerk,IntakeApplication,1476950546.103,initial_notes,"The requested amount of EUR 8,000 seems reasonable for home improvement purposes. It aligns with typical costs for renovations or upgrades. There is nothing unusual about the application type as it is a new credit request.",2,This case is straightforward as the amount requested is common for home improvement loans.,5,,285,,,,,,,
Application_633655173,rejected,1,2,7,junior_clerk,CheckDocuments,1476960496.511,,,2,The documentation appears to be complete and straightforward for a home improvement loan.,5,,511,,,,,,,
Application_633655173,rejected,1,3,7,junior_clerk,ForwardCase,1476972000.0,,,2,The application is straightforward with no unusual aspects.,5,,580,,,,,normal,,
Application_633655173,rejected,1,4,7,senior_clerk,CheckCreditScore,1477300693.845,,,2,This case is straightforward as the requested amount aligns with typical home improvement costs.,15,,689,,,,,,,
Application_633655173,rejected,1,5,7,senior_clerk,ValidateApplication,1477556340.0,risk_assessment,"The credit score is missing, which raises concerns about the applicant's creditworthiness. The monthly cost of EUR 200.12 against the offered amount of EUR 8,000 over 45 terms may indicate a manageable repayment burden, but without a credit score, it is difficult to assess the overall risk. This situation makes the application borderline due to the lack of credit history information.",4,"The absence of a credit score complicates the assessment significantly, making it hard to evaluate the applicant's creditworthiness.",15,,782,,,,,,,
Application_633655173,rejected,1,6,7,senior_clerk,RequestAdditionalInfo,1478102940.0,reason,"Carlos, the credit score is missing from the credit bureau data, which raises concerns about the applicant's creditworthiness. Can you verify the credit score for this application?",4,The missing credit score complicates the assessment of the applicant's creditworthiness.,5,,1054,,,,,,,
Application_633655173,rejected,1,7,7,junior_clerk,ReturnApplicationEarly,1478103696.0,,,4,The absence of a credit score makes it impossible to evaluate the applicant's financial reliability.,5,,1280,,,,,,,
Application_1670398352,approved,0,1,8,junior_clerk,IntakeApplication,1476956002.511,initial_notes,"The requested amount of EUR 10,000 seems reasonable for a car loan, as it aligns with typical vehicle financing. There is nothing unusual about the application type being new credit.",2,This case is straightforward as the amount and purpose align well.,5,,274,,,,,,,
Application_1670398352,approved,0,2,8,junior_clerk,CheckDocuments,1476966131.022,,,2,The documentation appears to be standard for a car loan application.,5,,482,,,,,,,
Application_1670398352,approved,0,3,8,junior_clerk,ForwardCase,1476977689.543,,,2,The case is straightforward as the requested amount aligns with the purpose of a car loan.,5,,551,,,,,normal,,
Application_1670398352,approved,0,4,8,senior_clerk,CheckCreditScore,1477317300.0,,,2,This case is straightforward as it involves a common loan type and amount.,10,,660,,,,,,,
Application_1670398352,approved,0,5,8,senior_clerk,ValidateApplication,1477583640.0,risk_assessment,"The application is solid with a high credit score of 994, a reasonable monthly cost of EUR 200.95, and the requested amount aligns with typical vehicle financing. The terms of 56 months are manageable given the offered amount of EUR 10,000.",2,The case is straightforward with complete documentation and a solid credit profile.,15,,753,,,,,,,
Application_1670398352,approved,0,6,8,senior_clerk,EscalateCase,1478091078.0,,,2,The case is straightforward with all data aligning well and no discrepancies.,10,,1024,,,,,,approve,
Application_1670398352,approved,0,7,8,credit_officer,AssessRisk,1478104297.845,,,2,The case is straightforward with no unusual factors or surprises.,5,,1289,,,,,,,low
Application_1670398352,approved,0,8,8,credit_officer,ApproveLoan,1478105617.845,,,2,The case is straightforward with all documentation complete and a high credit score.,5,,1540,,,,,,,
Application_584717195,rejected,1,1,8,junior_clerk,IntakeApplication,1476954938.473,initial_notes,"The requested amount of EUR 15,000 for an existing loan takeover seems reasonable, as it aligns with typical amounts for consolidating debts. There is nothing unusual about the loan goal or application type.",2,This case is straightforward as the amount requested is typical for the stated purpose.,5,,292,,,,,,,
Application_584717195,rejected,1,2,8,junior_clerk,CheckDocuments,1476964641.224,,,2,The application is straightforward with no unusual elements to check.,10,,518,,,,,,,
Application_584717195,rejected,1,3,8,junior_clerk,ForwardCase,1476976031.022,,,2,The case is straightforward with a reasonable amount for the stated goal.,5,,587,,,,,normal,,
Application_584717195,rejected,1,4,8,senior_clerk,CheckCreditScore,1477314300.0,,,2,The case is straightforward with complete documentation and a reasonable loan goal.,10,,696,,,,,,,
Application_584717195,rejected,1,5,8,senior_clerk,ValidateApplication,1477582800.0,risk_assessment,"The credit score is missing, which raises concerns about the applicant's creditworthiness. The monthly cost of EUR 207.21 over 84 terms indicates a significant financial burden. Given the absence of a credit score, I cannot confidently assess the risk associated with this application, leading to a recommendation for rejection.",4,"The absence of a credit score complicates the assessment, making it difficult to evaluate the applicant's creditworthiness.",15,,790,,,,,,,
Application_584717195,rejected,1,6,8,senior_clerk,RequestAdditionalInfo,1478102538.0,reason,"Carlos, the credit score is missing from the credit bureau data, which raises concerns about the applicant's creditworthiness. Can you verify whether the credit score can be obtained?",3,"The case is straightforward, but the missing credit score complicates the assessment.",5,,1062,,,,,,,
Application_584717195,rejected,1,7,8,junior_clerk,CheckDocuments,1478105658.0,notes,"The credit score is missing from the credit bureau data, which is essential for assessing the applicant's creditworthiness.",3,The case is straightforward but lacks a critical document.,5,,1291,,,,,,,
Application_584717195,rejected,1,8,8,junior_clerk,ReturnApplicationEarly,1478160414.0,,,4,The missing credit score is a critical component for loan assessment.,5,,1489,,,,,,,
Application_1207519267,rejected,1,1,8,junior_clerk,IntakeApplication,1476953138.473,initial_notes,"The requested amount of EUR 7,500 seems reasonable for a car loan, as it could cover a used vehicle or a down payment on a new one. No unusual aspects noted at this stage.",2,This case is straightforward as the amount aligns with the loan goal.,5,,273,,,,,,,
Application_1207519267,rejected,1,2,8,junior_clerk,CheckDocuments,1476961800.0,,,2,The documentation appears to be standard and complete for a car loan application.,5,,470,,,,,,,
Application_1207519267,rejected,1,3,8,junior_clerk,ForwardCase,1476972874.888,,,2,The case is straightforward with no unusual aspects noted.,5,,539,,,,,normal,,
Application_1207519267,rejected,1,4,8,senior_clerk,CheckCreditScore,1477303693.845,,,2,The case appears straightforward with no unusual aspects noted by the Junior Clerk.,10,,648,,,,,,,
Application_1207519267,rejected,1,5,8,senior_clerk,ValidateApplication,1477561800.0,risk_assessment,"The credit score is missing, which raises significant concerns about the applicant's creditworthiness. The monthly cost of EUR 199.5 over 42 terms indicates a long repayment period, but without a credit score, we cannot assess the risk accurately. The offered amount of EUR 7,500 aligns with the loan goal, but the lack of credit score makes this application borderline.",4,"The absence of a credit score complicates the assessment significantly, making it hard to evaluate the applicant's risk profile.",15,,740,,,,,,,
Application_1207519267,rejected,1,6,8,senior_clerk,RequestAdditionalInfo,1478103780.0,reason,"Carlos, the credit score is missing from the credit bureau data, which raises significant concerns about the applicant's creditworthiness. Can you verify whether the credit score can be obtained?",4,The missing credit score creates uncertainty in assessing the applicant's risk profile.,10,,1012,,,,,,,
Application_1207519267,rejected,1,7,8,junior_clerk,CheckDocuments,1478160900.0,notes,"The credit score is missing from the credit bureau data, which is essential for assessing the applicant's creditworthiness.",3,"The case is straightforward, but the missing credit score adds a layer of complexity.",5,,1253,,,,,,,
Application_1207519267,rejected,1,8,8,junior_clerk,ReturnApplicationEarly,1478161656.0,,,4,The absence of the credit score made it impossible to assess the application properly.,5,,1451,,,,,,,
Application_229012140,rejected,1,1,7,junior_clerk,IntakeApplication,1476955002.303,initial_notes,"The requested amount of EUR 10,000 seems reasonable for home improvement purposes. There is nothing unusual about this application at first glance.",2,This case is straightforward as the amount aligns with the stated goal.,5,,286,,,,,,,
Application_229012140,rejected,1,2,7,junior_clerk,CheckDocuments,1476964696.511,,,2,The application appears straightforward with no unusual elements to check.,5,,459,,,,,,,
Application_229012140,rejected,1,3,7,junior_clerk,ForwardCase,1476976234.888,,,2,The case is straightforward with a reasonable amount for the stated purpose.,5,,528,,,,,normal,,
Application_229012140,rejected,1,4,7,senior_clerk,CheckCreditScore,1477314571.391,,,2,"Standard case with complete documentation, awaiting credit data.",10,,637,,,,,,,
Application_229012140,rejected,1,5,7,senior_clerk,ValidateApplication,1477583880.0,risk_assessment,"The credit score is missing, which raises concerns about the applicant's creditworthiness. The monthly cost of EUR 439.07 against the offered amount of EUR 10,000 for home improvement suggests a high debt-to-income ratio, which could indicate potential repayment issues. Without a credit score, the risk assessment is significantly hindered, making it difficult to approve the application confidently.",4,"The lack of a credit score complicates the assessment process, making it harder to evaluate the applicant's creditworthiness.",20,,731,,,,,,,
Application_229012140,rejected,1,6,7,senior_clerk,RequestAdditionalInfo,1478162898.0,reason,"Carlos, the credit score is missing from the credit bureau data, which raises concerns about the applicant's creditworthiness. Can you verify the credit score for this application?",4,The missing credit score complicates the assessment of the applicant's creditworthiness.,15,,1003,,,,,,,
Application_229012140,rejected,1,7,7,junior_clerk,ReturnApplicationEarly,1478163948.0,,,5,The lack of a credit score made this case difficult to assess properly.,5,,1229,,,,,,,
Application_199304010,rejected,1,1,8,junior_clerk,IntakeApplication,1476954748.888,initial_notes,"The requested amount of EUR 8,000 seems reasonable for a car loan, as it aligns with typical financing for a vehicle. There is nothing unusual about this application at first glance.",2,This case is straightforward as it matches common loan parameters.,5,,272,,,,,,,
Application_199304010,rejected,1,2,8,junior_clerk,CheckDocuments,1476964443.622,,,2,The application appears straightforward with no unusual elements to check.,10,,480,,,,,,,
Application_199304010,rejected,1,3,8,junior_clerk,ForwardCase,1476975717.224,,,2,The application is straightforward with a reasonable amount for a car loan.,5,,549,,,,,normal,,
Application_199304010,rejected,1,4,8,senior_clerk,CheckCreditScore,1477311571.391,,,2,The case appears straightforward with a reasonable loan amount for a car.,10,,658,,,,,,,
Application_199304010,rejected,1,5,8,senior_clerk,ValidateApplication,1477578097.391,risk_assessment,"The credit score is missing, which raises concerns about the applicant's creditworthiness. The monthly cost of EUR 443.56 is significant compared to the requested amount, and the number of terms (19) suggests a longer repayment period that could lead to higher overall costs. Without a credit score, it is difficult to assess the risk accurately.",4,"The absence of a credit score complicates the assessment, making it harder to evaluate the applicant's creditworthiness.",15,,751,,,,,,,
Application_199304010,rejected,1,6,8,senior_clerk,RequestAdditionalInfo,1478161477.391,reason,"Carlos, the credit score is missing from the credit bureau data, which raises concerns about the applicant's creditworthiness. Can you verify if there is a credit score available for this application?",4,The missing credit score complicates the assessment of the applicant's creditworthiness.,10,,1023,,,,,,,
Application_199304010,rejected,1,7,8,junior_clerk,CheckDocuments,1478164597.391,notes,"The credit score is missing from the credit bureau data, which is essential for assessing the applicant's creditworthiness.",3,The case is straightforward but incomplete due to the missing credit score.,5,,1269,,,,,,,
Application_199304010,rejected,1,8,8,junior_clerk,ReturnApplicationEarly,1478165143.391,,,3,The case is straightforward but lacks critical documentation.,5,,1467,,,,,,,
Application_776477117,approved,0,1,8,junior_clerk,IntakeApplication,1476956250.369,initial_notes,"The requested amount of EUR 15,600 seems reasonable for a car loan, as it aligns with the typical price range for purchasing a vehicle. There is nothing unusual about this request.",2,This case is straightforward as the amount matches the loan goal.,5,,273,,,,,,,
Application_776477117,approved,0,2,8,junior_clerk,CheckDocuments,1476967041.224,,,2,The documentation appears to be standard for a car loan application.,5,,479,,,,,,,
Application_776477117,approved,0,3,8,junior_clerk,ForwardCase,1476978128.473,,,2,The case is straightforward as the requested amount aligns with the loan goal.,5,,548,,,,,normal,,
Application_776477117,approved,0,4,8,senior_clerk,CheckCreditScore,1477318560.0,,,2,Standard case with complete documentation and reasonable loan request.,10,,657,,,,,,,
Application_776477117,approved,0,5,8,senior_clerk,ValidateApplication,1477642680.0,risk_assessment,"The credit profile is solid with a high credit score of 864, which indicates a low risk of default. The monthly cost of EUR 289.51 is manageable within the context of the requested amount and terms. The loan goal aligns with the requested amount, making this a reasonable application.",2,The application is straightforward with complete documentation and a solid credit profile.,15,,750,,,,,,,
Application_776477117,approved,0,6,8,senior_clerk,EscalateCase,1478103600.0,,,2,This case was straightforward with all data aligning well.,5,,1021,,,,,,approve,
Application_776477117,approved,0,7,8,credit_officer,AssessRisk,1478169300.0,,,2,The case is straightforward with no unusual factors or surprises.,5,,1286,,,,,,,low
Application_776477117,approved,0,8,8,credit_officer,ApproveLoan,1478171940.0,,,2,The case is straightforward with all documentation in order and a solid credit profile.,5,,1537,,,,,,,
Application_1286125502,approved,0,1,8,junior_clerk,IntakeApplication,1476956342.103,initial_notes,"The requested amount of EUR 10,000 seems reasonable for an existing loan takeover, as it could cover a significant portion of a previous loan. There is nothing unusual at first glance.",2,This case is straightforward as the amount aligns with the loan goal.,5,,293,,,,,,,
Application_1286125502,approved,0,2,8,junior_clerk,CheckDocuments,1476967096.511,,,2,The documentation appears to be complete and valid for the requested loan takeover.,10,,503,,,,,,,
Application_1286125502,approved,0,3,8,junior_clerk,ForwardCase,1476978169.543,,,2,The case is straightforward with a reasonable amount for the stated goal.,5,,572,,,,,normal,,
Application_1286125502,approved,0,4,8,senior_clerk,CheckCreditScore,1477318620.0,,,2,This case is straightforward as the requested amount aligns with the loan goal.,10,,681,,,,,,,
Application_1286125502,approved,0,5,8,senior_clerk,ValidateApplication,1477643100.0,risk_assessment,"The profile is solid with a high credit score of 835, monthly cost of EUR 194.81, and an offered amount matching the requested loan. The terms are reasonable for the existing loan takeover.",2,The case is straightforward with all necessary information provided and no discrepancies in the credit data.,15,,774,,,,,,,
Application_1286125502,approved,0,6,8,senior_clerk,EscalateCase,1478104260.0,,,2,The case is straightforward with no discrepancies or missing information.,10,,1034,,,,,,approve,
Application_1286125502,approved,0,7,8,credit_officer,AssessRisk,1478169960.0,,,2,The case is straightforward with no unusual factors or surprises.,10,,1299,,,,,,,low
Application_1286125502,approved,0,8,8,credit_officer,ApproveLoan,1478172637.845,,,2,The case is straightforward with a solid credit profile and no unusual factors.,5,,1550,,,,,,,
Application_1688232773,approved,0,1,8,junior_clerk,IntakeApplication,1476956734.968,initial_notes,"The requested amount of EUR 25,000 for an existing loan takeover seems reasonable, as it could be typical for consolidating multiple smaller loans. There is nothing unusual at first glance.",2,This case is straightforward as the purpose aligns with the requested amount.,5,,293,,,,,,,
Application_1688232773,approved,0,2,8,junior_clerk,CheckDocuments,1476968400.0,,,2,The documentation appears to be complete and straightforward for an existing loan takeover.,5,,508,,,,,,,
Application_1688232773,approved,0,3,8,junior_clerk,ForwardCase,1476978957.224,,,2,The case is straightforward with a reasonable amount for the stated goal.,5,,577,,,,,normal,,
Application_1688232773,approved,0,4,8,senior_clerk,CheckCreditScore,1477320571.391,,,2,The case is straightforward with complete documentation and a reasonable loan goal.,10,,686,,,,,,,
Application_1688232773,approved,0,5,8,senior_clerk,ValidateApplication,1477645537.391,risk_assessment,"The credit score of 890 is excellent, indicating a strong creditworthiness. The monthly cost of EUR 250.0 for 126 terms aligns well with the requested amount of EUR 25,000 for an existing loan takeover, suggesting a manageable repayment plan. Overall, the profile appears solid and consistent with the loan goal.",2,The application is straightforward with complete documentation and a strong credit score.,15,,779,,,,,,,
Application_1688232773,approved,0,6,8,senior_clerk,EscalateCase,1478104920.0,,,2,The case was straightforward with all data aligning well and no surprises.,10,,1050,,,,,,approve,
Application_1688232773,approved,0,7,8,credit_officer,AssessRisk,1478170620.0,,,2,The case is straightforward with no unusual factors or concerns.,10,,1315,,,,,,,low
Application_1688232773,approved,0,8,8,credit_officer,ApproveLoan,1478173260.0,,,2,The case is straightforward with a strong credit score and reasonable loan purpose.,5,,1531,,,,,,,
Application_1031465496,approved,0,1,8,junior_clerk,IntakeApplication,1476956802.303,initial_notes,"The requested amount of EUR 25,000 seems reasonable for home improvement, as such projects can often require significant funding. There is nothing unusual about the application type being new credit.",2,This case is straightforward as the amount aligns well with the stated goal.,5,,287,,,,,,,
Application_1031465496,approved,0,2,8,junior_clerk,CheckDocuments,1476968531.022,,,2,The documentation appears to be complete and straightforward for a home improvement loan.,10,,512,,,,,,,
Application_1031465496,approved,0,3,8,junior_clerk,ForwardCase,1476979114.888,,,2,The case is straightforward with a reasonable amount for the stated goal.,5,,581,,,,,normal,,
Application_1031465496,approved,0,4,8,senior_clerk,CheckCreditScore,1477320960.0,,,2,"The case involves a standard loan application for home improvement, which is a common scenario.",10,,690,,,,,,,
Application_1031465496,approved,0,5,8,senior_clerk,ValidateApplication,1477647480.0,risk_assessment,"The applicant has a strong credit profile with a high credit score of 960, which indicates excellent creditworthiness. The monthly cost of EUR 254.56 is manageable within the context of the requested amount of EUR 25,000 for home improvement, and the loan terms of 120 months are reasonable. Overall, this application appears to be solid and consistent with the stated loan goal.",2,The application is straightforward with complete documentation and a strong credit profile.,15,,784,,,,,,,
Application_1031465496,approved,0,6,8,senior_clerk,EscalateCase,1478105580.0,,,2,This case was straightforward with a strong credit profile and no discrepancies.,10,,1055,,,,,,approve,
Application_1031465496,approved,0,7,8,credit_officer,AssessRisk,1478171317.845,,,2,This case is straightforward due to the excellent credit profile and manageable monthly cost.,10,,1320,,,,,,,low
Application_1031465496,approved,0,8,8,credit_officer,ApproveLoan,1478173957.845,,,2,The case is straightforward with a strong credit profile and manageable monthly cost.,5,,1571,,,,,,,
Application_200417599,rejected,1,1,8,junior_clerk,IntakeApplication,1476955175.022,initial_notes,"The requested amount of EUR 15,000 seems reasonable for a car loan, depending on the type of vehicle being purchased. There is nothing unusual about the loan goal or application type.",2,This case is straightforward as it aligns with typical car loan requests.,5,,273,,,,,,,
Application_200417599,rejected,1,2,8,junior_clerk,CheckDocuments,1476965248.888,,,2,The documentation appears to be in order for a standard car loan application.,5,,482,,,,,,,
Application_200417599,rejected,1,3,8,junior_clerk,ForwardCase,1476976576.511,,,2,The case is straightforward with a reasonable amount for a car loan.,5,,551,,,,,normal,,
Application_200417599,rejected,1,4,8,senior_clerk,CheckCreditScore,1477315620.0,,,2,"The case involves a standard car loan application, which typically requires checking credit data.",15,,660,,,,,,,
Application_200417599,rejected,1,5,8,senior_clerk,ValidateApplication,1477585873.845,risk_assessment,"The credit score is missing, which raises concerns about the applicant's creditworthiness. The monthly cost of EUR 278.38 over 60 terms for a total of EUR 15,000 indicates a significant financial commitment. Without a credit score, it is difficult to assess the risk accurately. This case is borderline due to the lack of credit score information.",4,"The absence of a credit score complicates the assessment process, making it difficult to evaluate the applicant's creditworthiness.",15,,754,,,,,,,
Application_200417599,rejected,1,6,8,senior_clerk,RequestAdditionalInfo,1478170303.845,reason,"Carlos, the credit score is missing from the credit bureau data, which raises concerns about the applicant's creditworthiness. Can you verify why the credit score is not available?",4,The lack of a credit score complicates the assessment of the applicant's creditworthiness.,5,,1026,,,,,,,
Application_200417599,rejected,1,7,8,junior_clerk,CheckDocuments,1478174623.845,notes,"The credit score is missing from the credit bureau data, which raises concerns about the applicant's creditworthiness.",4,The absence of the credit score complicates the assessment of the applicant's financial situation.,5,,1252,,,,,,,
Application_200417599,rejected,1,8,8,junior_clerk,ReturnApplicationEarly,1478175169.845,,,3,The case is straightforward but lacks critical documentation.,10,,1445,,,,,,,
Application_346568508,rejected,1,1,7,junior_clerk,IntakeApplication,1476956241.224,initial_notes,"The requested amount of EUR 8,500 seems reasonable for a car loan, as it typically aligns with the cost of a mid-range vehicle. There is nothing unusual about the application type being a new credit.",2,This case is straightforward as it aligns well with common loan requests for car purchases.,5,,272,,,,,,,
Application_346568508,rejected,1,2,7,junior_clerk,CheckDocuments,1476966934.968,,,2,The documentation appears to be standard for a car loan application.,5,,497,,,,,,,
Application_346568508,rejected,1,3,7,junior_clerk,ForwardCase,1476977997.224,,,2,The case is straightforward as the requested amount aligns with the loan goal and application type.,5,,566,,,,,normal,,
Application_346568508,rejected,1,4,7,senior_clerk,CheckCreditScore,1477317571.391,,,2,The case is straightforward with complete documentation and a reasonable loan request.,10,,675,,,,,,,
Application_346568508,rejected,1,5,7,senior_clerk,ValidateApplication,1477645440.0,risk_assessment,"The credit score is missing, which raises concerns about the applicant's creditworthiness. The monthly cost of EUR 165.57 over 60 terms for the offered amount of EUR 8,500 indicates a manageable repayment plan, but the absence of a credit score makes it difficult to assess the overall risk. This case is borderline due to the lack of credit score data.",4,"The absence of a credit score complicates the assessment, making it harder to evaluate the applicant's risk profile.",15,,768,,,,,,,
Application_346568508,rejected,1,6,7,senior_clerk,RequestAdditionalInfo,1478175600.0,reason,"Carlos, the credit score is missing from the credit bureau data, which raises concerns about the applicant's creditworthiness. Can you verify the credit score for this application?",4,The missing credit score adds uncertainty to the assessment.,15,,1040,,,,,,,
Application_346568508,rejected,1,7,7,junior_clerk,ReturnApplicationEarly,1478176356.0,,,4,The absence of a credit score makes it impossible to evaluate the application properly.,5,,1266,,,,,,,
Application_1352726942,rejected,1,1,8,junior_clerk,IntakeApplication,1476955873.543,initial_notes,"The requested amount of EUR 16,000 for an existing loan takeover seems reasonable, as it could be used to consolidate or refinance a larger loan. However, I will need to verify the documentation to ensure everything is in order.",2,This case appears straightforward but requires document verification.,5,,293,,,,,,,
Application_1352726942,rejected,1,2,8,junior_clerk,CheckDocuments,1476966116.103,,,2,The documentation appears to be straightforward and complete for the loan takeover.,10,,519,,,,,,,
Application_1352726942,rejected,1,3,8,junior_clerk,ForwardCase,1476977648.473,,,2,The request is reasonable and the documentation is complete.,5,,588,,,,,normal,,
Application_1352726942,rejected,1,4,8,senior_clerk,CheckCreditScore,1477315993.845,,,2,"The case involves a loan takeover, which typically requires thorough credit assessment.",10,,697,,,,,,,
Application_1352726942,rejected,1,5,8,senior_clerk,ValidateApplication,1477586737.391,risk_assessment,"The credit score is missing, which raises concerns about the applicant's creditworthiness. The monthly cost of EUR 296.93 over 60 terms for the offered amount of EUR 16,000 indicates a significant financial commitment, but without a credit score, it is difficult to assess the risk accurately.",4,"The absence of a credit score complicates the assessment, making it hard to evaluate the risk accurately.",15,,791,,,,,,,
Application_1352726942,rejected,1,6,8,senior_clerk,RequestAdditionalInfo,1478174358.0,reason,"Carlos, the credit score is missing from the credit bureau data, which raises concerns about the applicant's creditworthiness. Can you verify whether the credit score can be obtained?",4,The missing credit score complicates the assessment significantly.,10,,1063,,,,,,,
Application_1352726942,rejected,1,7,8,junior_clerk,CheckDocuments,1478177478.0,notes,"The credit score is missing from the credit bureau data, which raises concerns about the applicant's creditworthiness.",3,The case is straightforward but lacks a critical piece of information.,5,,1292,,,,,,,
Application_1352726942,rejected,1,8,8,junior_clerk,ReturnApplicationEarly,1478178234.0,,,4,The missing credit score made it impossible to assess the application properly.,5,,1485,,,,,,,
Application_1027859705,rejected,1,1,7,junior_clerk,IntakeApplication,1476956548.888,initial_notes,"The requested amount of EUR 21,000 for a car loan seems reasonable, as it aligns with the typical price range for purchasing a new vehicle. There is nothing unusual about this application at first glance.",2,This case is straightforward as the amount requested is typical for the stated goal.,5,,274,,,,,,,
Application_1027859705,rejected,1,2,7,junior_clerk,CheckDocuments,1476967137.622,,,2,The documentation appears to be complete and straightforward for a car loan application.,10,,500,,,,,,,
Application_1027859705,rejected,1,3,7,junior_clerk,ForwardCase,1476978477.224,,,2,The application is straightforward and aligns well with typical car loan requests.,5,,569,,,,,normal,,
Application_1027859705,rejected,1,4,7,senior_clerk,CheckCreditScore,1477318993.845,,,2,This case is straightforward as the application appears complete and reasonable.,10,,678,,,,,,,
Application_1027859705,rejected,1,5,7,senior_clerk,ValidateApplication,1477648513.845,risk_assessment,"The credit score is missing, which raises concerns about the applicant's creditworthiness. The monthly cost of EUR 401.77 over 58 terms for the requested amount of EUR 21,000 indicates a high debt-to-income ratio, which could be a risk factor. Without a credit score, I cannot assess the overall risk accurately.",4,The absence of a credit score complicates the assessment process significantly.,15,,772,,,,,,,
Application_1027859705,rejected,1,6,7,senior_clerk,RequestAdditionalInfo,1478178060.0,reason,"Carlos, the credit score is missing from the credit bureau data, which raises concerns about the applicant's creditworthiness. Can you verify the credit score for this application?",4,The missing credit score complicates the assessment of the applicant's creditworthiness.,10,,1044,,,,,,,
Application_1027859705,rejected,1,7,7,junior_clerk,ReturnApplicationEarly,1478178816.0,,,4,The absence of a credit score makes it impossible to evaluate the application properly.,5,,1270,,,,,,,
Application_1416635588,approved,0,1,8,junior_clerk,IntakeApplication,1476956975.022,initial_notes,"The requested amount of EUR 12,000 seems reasonable for a car loan, as it aligns with typical car financing. There is nothing unusual about the application type being new credit.",2,This case is straightforward as the amount and purpose align well.,5,,274,,,,,,,
Application_1416635588,approved,0,2,8,junior_clerk,CheckDocuments,1476968593.543,,,2,The documentation appears to be standard for a car loan application.,5,,478,,,,,,,
Application_1416635588,approved,0,3,8,junior_clerk,ForwardCase,1476979437.224,,,2,The case is straightforward with a reasonable amount for a car loan.,5,,547,,,,,normal,,
Application_1416635588,approved,0,4,8,senior_clerk,CheckCreditScore,1477321560.0,,,2,The case is straightforward with complete documentation and a reasonable loan amount.,10,,656,,,,,,,
Application_1416635588,approved,0,5,8,senior_clerk,ValidateApplication,1477647900.0,risk_assessment,approve,2,The application is straightforward with a solid credit score and reasonable loan request.,15,,749,,,,,,,
Application_1416635588,approved,0,6,8,senior_clerk,EscalateCase,1478160240.0,,,2,The case is straightforward with no discrepancies or unusual factors.,10,,827,,,,,,approve,
Application_1416635588,approved,0,7,8,credit_officer,AssessRisk,1478177400.0,,,2,This case is straightforward due to the excellent credit score and reasonable loan amount.,5,,1092,,,,,,,low
Application_1416635588,approved,0,8,8,credit_officer,ApproveLoan,1478179380.0,,,2,The case is straightforward with no surprises and a strong credit profile.,5,,1343,,,,,,,
Application_1750932659,approved,0,1,8,junior_clerk,IntakeApplication,1476958041.224,initial_notes,"The requested amount of EUR 15,000 seems reasonable for an existing loan takeover, as it typically aligns with the amounts needed to consolidate or refinance loans. There is nothing unusual about the application type being new credit for this purpose.",2,This case is straightforward as the amount and purpose align well with typical loan takeover requests.,5,,293,,,,,,,
Application_1750932659,approved,0,2,8,junior_clerk,CheckDocuments,1476969994.888,,,2,The documentation appears to be complete and straightforward for a loan takeover case.,10,,519,,,,,,,
Application_1750932659,approved,0,3,8,junior_clerk,ForwardCase,1476980397.224,,,2,The case is straightforward as the requested amount aligns with the loan goal of existing loan takeover.,5,,588,,,,,normal,,
Application_1750932659,approved,0,4,8,senior_clerk,CheckCreditScore,1477324560.0,,,2,The case involves a standard loan takeover which typically has clear documentation.,10,,697,,,,,,,
Application_1750932659,approved,0,5,8,senior_clerk,ValidateApplication,1477653313.845,risk_assessment,"The application is solid, with a strong credit score of 780 and a reasonable monthly cost of EUR 150 for the offered amount. The number of terms is also manageable, indicating that the client is likely to meet the repayment obligations without issues. Overall, the profile is consistent and aligns with the loan goal of existing loan takeover.",2,The case is straightforward with complete documentation and a solid credit profile.,15,,790,,,,,,,
Application_1750932659,approved,0,6,8,senior_clerk,EscalateCase,1478163558.0,,,2,This case is straightforward with all necessary information provided and a strong credit profile.,15,,1061,,,,,,approve,
Application_1750932659,approved,0,7,8,credit_officer,AssessRisk,1478178060.0,,,2,The case is straightforward with no unusual factors or surprises.,10,,1326,,,,,,,low
Application_1750932659,approved,0,8,8,credit_officer,ApproveLoan,1478180700.0,,,2,The case is straightforward with all necessary documentation and a strong credit score.,5,,1577,,,,,,,
Application_1857366417,rejected,1,1,8,junior_clerk,IntakeApplication,1476956738.473,initial_notes,"The requested amount of EUR 12,500 seems reasonable for home improvement purposes, as it can cover significant renovations or upgrades. There is nothing unusual about this application at first glance.",2,This case is straightforward as the amount aligns with the stated goal.,5,,287,,,,,,,
Application_1857366417,rejected,1,2,8,junior_clerk,CheckDocuments,1476968516.103,,,2,The documentation appears to be complete and straightforward for a home improvement loan.,10,,513,,,,,,,
Application_1857366417,rejected,1,3,8,junior_clerk,ForwardCase,1476979028.473,,,2,The application is straightforward with a reasonable amount for the stated goal.,5,,582,,,,,normal,,
Application_1857366417,rejected,1,4,8,senior_clerk,CheckCreditScore,1477320660.0,,,2,This case is straightforward with complete documentation and a reasonable loan request.,10,,691,,,,,,,
Application_1857366417,rejected,1,5,8,senior_clerk,ValidateApplication,1477650780.0,risk_assessment,"The credit score is missing, which raises concerns about the applicant's creditworthiness. The monthly cost of EUR 305.66 over 45 terms for the requested amount of EUR 12,500 indicates a significant financial commitment. Without a credit score, it is difficult to assess the risk accurately. Therefore, I recommend rejecting the application due to the lack of credit score data.",4,The absence of a credit score complicates the assessment process significantly.,15,,785,,,,,,,
Application_1857366417,rejected,1,6,8,senior_clerk,RequestAdditionalInfo,1478179297.391,reason,"Carlos, the credit score is missing from the credit bureau data, which raises concerns about the applicant's creditworthiness. Can you verify the credit score for this application?",4,The absence of the credit score complicates the assessment of the applicant's financial reliability.,15,,1057,,,,,,,
Application_1857366417,rejected,1,7,8,junior_clerk,CheckDocuments,1478182417.391,notes,"The application is missing the credit score, which is crucial for assessing the applicant's creditworthiness. Without this information, we cannot proceed with the application.",3,The case is straightforward but lacks essential documentation.,5,,1283,,,,,,,
Application_1857366417,rejected,1,8,8,junior_clerk,ReturnApplicationEarly,1478182837.391,,,2,The absence of a credit score made this case straightforward to assess as invalid.,5,,1533,,,,,,,
Application_2014671768,rejected,1,1,8,junior_clerk,IntakeApplication,1476957003.622,initial_notes,"The requested amount of EUR 6,000 seems reasonable for an existing loan takeover, as it typically aligns with the amounts needed to consolidate smaller loans. No unusual aspects noted at this stage.",2,This case is straightforward as the amount aligns with the stated goal.,5,,292,,,,,,,
Application_2014671768,rejected,1,2,8,junior_clerk,CheckDocuments,1476968922.303,,,2,The documentation appears to be complete and straightforward for an existing loan takeover.,5,,516,,,,,,,
Application_2014671768,rejected,1,3,8,junior_clerk,ForwardCase,1476979594.888,,,2,The case is straightforward with a reasonable amount for the stated loan goal.,5,,585,,,,,normal,,
Application_2014671768,rejected,1,4,8,senior_clerk,CheckCreditScore,1477321620.0,,,2,The case is straightforward with complete documentation and a reasonable loan request.,10,,694,,,,,,,
Application_2014671768,rejected,1,5,8,senior_clerk,ValidateApplication,1477654080.0,risk_assessment,"The credit score is not available, which raises concerns about the applicant's creditworthiness. The monthly cost of EUR 100.0 over 72 terms indicates a long repayment period, but without a credit score, it's difficult to assess the risk accurately. The offered amount of EUR 6,000 aligns with the loan goal of existing loan takeover, but the lack of credit score is a significant red flag.",4,The absence of a credit score makes this case more challenging to assess than usual.,15,,786,,,,,,,
Application_2014671768,rejected,1,6,8,senior_clerk,RequestAdditionalInfo,1478181378.0,reason,"Carlos, the credit score is not available in the credit bureau data, which raises concerns about the applicant's creditworthiness. Can you verify if there is any additional information regarding the credit score?",4,The lack of credit score information complicates the assessment significantly.,10,,1058,,,,,,,
Application_2014671768,rejected,1,7,8,junior_clerk,CheckDocuments,1478184498.0,notes,"The documentation is complete, but I have no additional information regarding the applicant's credit score as it was not provided in the initial application. This limits our ability to assess creditworthiness.",3,The case is straightforward but lacks critical credit information.,5,,1304,,,,,,,
Application_2014671768,rejected,1,8,8,junior_clerk,ReturnApplicationEarly,1478185254.0,,,4,The absence of a credit score makes it difficult to assess the applicant's creditworthiness.,5,,1577,,,,,,,
Application_1473464035,rejected,0,1,7,junior_clerk,IntakeApplication,1476958050.369,initial_notes,"The requested amount of EUR 70,000 seems reasonable for home improvement, depending on the scale of the project. However, it is on the higher side for typical home improvement loans, which may warrant a closer look at the specifics of the intended improvements.",2,This case is straightforward but the amount is relatively high for a home improvement loan.,5,,287,,,,,,,
Application_1473464035,rejected,0,2,7,junior_clerk,CheckDocuments,1476971520.0,,,3,"The documentation appears to be complete, but the high requested amount may require further verification.",10,,513,,,,,,,
Application_1473464035,rejected,0,3,7,junior_clerk,ForwardCase,1476981384.0,,,3,The amount is higher than usual for home improvement but still within reason.,5,,582,,,,,normal,,
Application_1473464035,rejected,0,4,7,senior_clerk,CheckCreditScore,1477382893.845,,,3,"The case involves a higher loan amount for home improvement, which may require careful credit assessment.",15,,691,,,,,,,
Application_1473464035,rejected,0,5,7,senior_clerk,ValidateApplication,1477664220.0,risk_assessment,"The application is concerning due to the absence of a credit score, which raises questions about the applicant's creditworthiness. The monthly cost of EUR 2070.46 is high relative to the requested loan amount of EUR 70,000 for home improvement, indicating potential financial strain. The offered amount matches the requested amount, but without a credit score, it is difficult to assess the overall risk accurately. This case is borderline due to the lack of credit history, which is crucial for making a well-informed decision.",4,"The absence of a credit score complicates the assessment significantly, making it hard to evaluate the applicant's financial reliability.",15,,786,,,,,,,
Application_1473464035,rejected,0,6,7,senior_clerk,EscalateCase,1478179956.0,,,4,The absence of a credit score made this case particularly concerning and required careful consideration of the applicant's financial situation.,15,,1058,,,,,,reject,
Application_1473464035,rejected,0,7,7,credit_officer,RejectLoan,1478187444.0,rejection_notes,"The lack of a credit score indicates potential issues with credit history, making it difficult to assess the applicant's ability to repay the loan. Additionally, the monthly cost is high for the requested amount, further increasing risk.",4,The absence of a credit score and high monthly cost made this case difficult to assess.,15,,1322,,,,,,,
Application_685452919,rejected,1,1,7,junior_clerk,IntakeApplication,1476957120.0,initial_notes,"The requested amount of EUR 17,500 seems reasonable for a car loan, as it aligns with the typical price range for purchasing a vehicle. There is nothing unusual about the application at first glance.",2,This case is straightforward as the amount aligns with the loan goal.,5,,273,,,,,,,
Application_685452919,rejected,1,2,7,junior_clerk,CheckDocuments,1476969496.511,,,2,The application appears straightforward with no unusual elements to check.,10,,498,,,,,,,
Application_685452919,rejected,1,3,7,junior_clerk,ForwardCase,1476979917.224,,,2,The case is straightforward as the requested amount aligns with the purpose of a car loan.,5,,567,,,,,normal,,
Application_685452919,rejected,1,4,7,senior_clerk,CheckCreditScore,1477321993.845,,,2,The case appears straightforward based on the initial application and notes.,10,,676,,,,,,,
Application_685452919,rejected,1,5,7,senior_clerk,ValidateApplication,1477654177.391,risk_assessment,"The credit score is missing, which raises significant concerns about the applicant's creditworthiness. The monthly cost of EUR 324.77 for a loan amount of EUR 17,500 over 60 terms indicates a high debt-to-income ratio, especially without a credit score to assess overall risk. Therefore, this application should be considered for rejection due to the lack of credit history and the implications it has on the applicant's ability to repay the loan.",4,"The absence of a credit score makes this case particularly challenging, as it prevents a full assessment of the applicant's creditworthiness.",15,,770,,,,,,,
Application_685452919,rejected,1,6,7,senior_clerk,RequestAdditionalInfo,1478188123.845,reason,"Carlos, the credit score is missing from the credit bureau data, which raises significant concerns about the applicant's creditworthiness. Can you verify the credit score? This information is crucial for assessing the risk of this application.",4,The absence of the credit score complicates the assessment process significantly.,10,,1042,,,,,,,
Application_685452919,rejected,1,7,7,junior_clerk,ReturnApplicationEarly,1478188879.845,,,4,The absence of a credit score makes it impossible to evaluate the application properly.,5,,1288,,,,,,,
Application_306086229,rejected,1,1,8,junior_clerk,IntakeApplication,1476957673.543,initial_notes,"The requested amount of EUR 20,000 seems reasonable for a car loan, depending on the type of vehicle being purchased. There is nothing unusual about the application at this stage.",2,This case is straightforward as it aligns with typical car loan requests.,5,,273,,,,,,,
Application_306086229,rejected,1,2,8,junior_clerk,CheckDocuments,1476969528.369,,,2,The documentation appears standard for a car loan application.,5,,478,,,,,,,
Application_306086229,rejected,1,3,8,junior_clerk,ForwardCase,1476980074.888,,,2,The case is straightforward with a reasonable requested amount for a car loan.,5,,547,,,,,normal,,
Application_306086229,rejected,1,4,8,senior_clerk,CheckCreditScore,1477323571.391,,,2,The application is straightforward with no unusual flags.,15,,656,,,,,,,
Application_306086229,rejected,1,5,8,senior_clerk,ValidateApplication,1477656120.0,risk_assessment,"The credit score is missing, which raises concerns about the applicant's creditworthiness. The monthly cost of EUR 205.49 over 120 terms results in a total repayment of EUR 24,658.80, which is significant compared to the requested amount. Without a credit score, it is difficult to assess the risk accurately.",4,The absence of a credit score complicates the assessment process significantly.,15,,751,,,,,,,
Application_306086229,rejected,1,6,8,senior_clerk,RequestAdditionalInfo,1478246838.0,reason,"Carlos, the credit score is missing from the credit bureau data, which raises concerns about the applicant's creditworthiness. Can you verify if there is an issue with the credit report?",4,The missing credit score complicates the assessment significantly.,10,,1023,,,,,,,
Application_306086229,rejected,1,7,8,junior_clerk,CheckDocuments,1478249958.0,notes,"The credit score is missing from the credit bureau data, which raises concerns about the applicant's creditworthiness.",3,"The case is straightforward, but the missing credit score adds a layer of complexity.",5,,1255,,,,,,,
Application_306086229,rejected,1,8,8,junior_clerk,ReturnApplicationEarly,1478250504.0,,,3,The case was straightforward but lacked critical documentation.,5,,1448,,,,,,,
Application_1698334648,rejected,1,1,7,junior_clerk,IntakeApplication,1476958602.303,initial_notes,"The requested amount of EUR 25,000 for an existing loan takeover seems reasonable, as it aligns with typical amounts for such purposes. There is nothing unusual about the application type being new credit.",2,This case is straightforward as the amount and purpose align well.,5,,293,,,,,,,
Application_1698334648,rejected,1,2,7,junior_clerk,CheckDocuments,1476971896.511,,,2,The documentation appears to be in order for a standard loan takeover case.,5,,519,,,,,,,
Application_1698334648,rejected,1,3,7,junior_clerk,ForwardCase,1476981357.224,,,2,The case is straightforward as the requested amount aligns with the loan goal and application type.,5,,588,,,,,normal,,
Application_1698334648,rejected,1,4,7,senior_clerk,CheckCreditScore,1477327560.0,,,2,This case is straightforward as the documentation is complete and the loan goal is typical for the requested amount.,15,,697,,,,,,,
Application_1698334648,rejected,1,5,7,senior_clerk,ValidateApplication,1477662817.391,risk_assessment,"The credit score is missing, which raises concerns about the applicant's creditworthiness. The monthly cost of EUR 254.56 for a loan of EUR 25,000 over 120 terms indicates a significant financial commitment, but without a credit score, we cannot assess the risk accurately.",4,"The absence of a credit score complicates the assessment, making it difficult to evaluate the applicant's risk profile.",15,,792,,,,,,,
Application_1698334648,rejected,1,6,7,senior_clerk,RequestAdditionalInfo,1478249880.0,reason,"Carlos, the credit score is missing from the credit bureau data, which raises concerns about the applicant's creditworthiness. Can you verify and provide the credit score?",4,The missing credit score complicates the assessment process.,5,,1064,,,,,,,
Application_1698334648,rejected,1,7,7,junior_clerk,ReturnApplicationEarly,1478250930.0,,,5,The lack of a credit score made this case difficult to assess properly.,5,,1281,,,,,,,
Application_1194664458,rejected,1,1,7,junior_clerk,IntakeApplication,1476959841.224,initial_notes,"The requested amount of EUR 15,000 seems reasonable for a car loan, depending on the type of vehicle. Since this is a limit raise application, it suggests the applicant may already have an existing loan or credit line with us.",2,This case is straightforward as the purpose aligns with the requested amount.,5,,275,,,,,,,
Application_1194664458,rejected,1,2,7,junior_clerk,CheckDocuments,1476972716.103,,,2,The application is straightforward with no missing documents to verify.,5,,501,,,,,,,
Application_1194664458,rejected,1,3,7,junior_clerk,ForwardCase,1476982128.369,,,2,The application is straightforward with a reasonable amount for a car loan limit raise.,5,,570,,,,,normal,,
Application_1194664458,rejected,1,4,7,senior_clerk,CheckCreditScore,1477385893.845,,,2,This case is straightforward as the requested amount aligns with the loan goal and the documentation is complete.,10,,679,,,,,,,
Application_1194664458,rejected,1,5,7,senior_clerk,ValidateApplication,1477671457.391,risk_assessment,"The credit score is missing, which raises concerns about the applicant's creditworthiness. The monthly cost of EUR 200.0 over 89 terms indicates a long repayment period, which could lead to financial strain. The offered amount matches the requested amount, but without a credit score, it's difficult to assess the overall risk. This case is borderline due to the lack of credit score information.",4,The absence of a credit score complicates the assessment of the application.,15,,772,,,,,,,
Application_1194664458,rejected,1,6,7,senior_clerk,RequestAdditionalInfo,1478252436.0,reason,"Carlos, the credit score is missing from the credit bureau data, which raises concerns about the applicant's creditworthiness. Can you verify the credit score for this application?",4,The missing credit score adds uncertainty to the assessment.,10,,1044,,,,,,,
Application_1194664458,rejected,1,7,7,junior_clerk,ReturnApplicationEarly,1478253192.0,,,4,The lack of a credit score makes it impossible to assess the application properly.,5,,1270,,,,,,,
Application_1666420643,approved,0,1,8,junior_clerk,IntakeApplication,1476958142.103,initial_notes,"The requested amount of EUR 10,000 seems reasonable for a car loan, as it aligns with typical financing for purchasing a vehicle. There is nothing unusual about the application type being a new credit.",2,This case is straightforward as it follows common patterns for car loans.,5,,274,,,,,,,
Application_1666420643,approved,0,2,8,junior_clerk,CheckDocuments,1476970931.022,,,2,The application appears straightforward with no unusual elements to check.,5,,500,,,,,,,
Application_1666420643,approved,0,3,8,junior_clerk,ForwardCase,1476980734.968,,,2,The case is straightforward with a reasonable amount for a car loan.,5,,569,,,,,normal,,
Application_1666420643,approved,0,4,8,senior_clerk,CheckCreditScore,1477324993.845,,,2,This case is straightforward as the requested amount aligns with typical car financing.,15,,678,,,,,,,
Application_1666420643,approved,0,5,8,senior_clerk,ValidateApplication,1477655580.0,risk_assessment,"The applicant has a strong credit score of 909, which is well above the acceptable threshold. The monthly cost of EUR 189.08 for a loan amount of EUR 10,000 over 60 terms is reasonable and manageable. The application aligns with typical financing for a car purchase, indicating a solid profile.",2,The case is straightforward with no discrepancies in the application and credit data.,15,,771,,,,,,,
Application_1666420643,approved,0,6,8,senior_clerk,EscalateCase,1478175018.0,,,2,This case was straightforward with all documentation complete and no discrepancies.,15,,1042,,,,,,approve,
Application_1666420643,approved,0,7,8,credit_officer,AssessRisk,1478183118.0,,,2,This case is straightforward with no unusual factors or concerns.,5,,1307,,,,,,,low
Application_1666420643,approved,0,8,8,credit_officer,ApproveLoan,1478254464.0,,,2,The case is straightforward with all documents in order and a strong credit score.,5,,1558,,,,,,,
Application_1505236670,approved,0,1,8,junior_clerk,IntakeApplication,1476958775.022,initial_notes,"The requested amount of EUR 6,750 for a car seems reasonable for a limit raise, assuming the applicant has an existing loan. However, I will need to verify if this amount aligns with their current financial situation and any existing loan details.",2,This case is straightforward as the amount requested is typical for a car loan limit raise.,5,,274,,,,,,,
Application_1505236670,approved,0,2,8,junior_clerk,CheckDocuments,1476971928.369,,,2,"The application is straightforward, with a reasonable amount for a car limit raise.",5,,500,,,,,,,
Application_1505236670,approved,0,3,8,junior_clerk,ForwardCase,1476981551.022,,,2,The case is straightforward with a reasonable amount for a limit raise on a car loan.,5,,569,,,,,normal,,
Application_1505236670,approved,0,4,8,senior_clerk,CheckCreditScore,1477383571.391,,,2,"The case involves a limit raise for a car loan, which typically requires credit assessment.",10,,678,,,,,,,
Application_1505236670,approved,0,5,8,senior_clerk,ValidateApplication,1477660920.0,risk_assessment,"The credit profile appears solid with a credit score of 1001, a manageable monthly cost of EUR 130.0 against the offered amount of EUR 6,750. The number of terms is reasonable at 61, indicating a structured repayment plan. Overall, the applicant seems capable of handling the proposed loan without significant risk.",2,"The application data aligns well with the credit bureau information, making it straightforward to assess.",15,,770,,,,,,,
Application_1505236670,approved,0,6,8,senior_clerk,EscalateCase,1478176920.0,,,2,The case was straightforward with no discrepancies in the application and credit data.,10,,1041,,,,,,approve,
Application_1505236670,approved,0,7,8,credit_officer,AssessRisk,1478185500.0,,,2,The case is straightforward with a solid credit profile and no surprises.,10,,1306,,,,,,,low
Application_1505236670,approved,0,8,8,credit_officer,ApproveLoan,1478255784.0,,,2,The case is straightforward with a solid credit profile and no surprises.,5,,1557,,,,,,,
Application_146114459,rejected,1,1,8,junior_clerk,IntakeApplication,1476960575.022,initial_notes,"The requested amount of EUR 5,000 seems reasonable for home improvement purposes, as it can cover minor renovations or upgrades. There is nothing unusual about the application type being new credit.",2,This case is straightforward with no apparent issues.,5,,285,,,,,,,
Application_146114459,rejected,1,2,8,junior_clerk,CheckDocuments,1476974296.511,,,2,The documentation appears to be complete and straightforward for a home improvement loan.,5,,509,,,,,,,
Application_146114459,rejected,1,3,8,junior_clerk,ForwardCase,1477037100.0,,,2,The case is straightforward with a reasonable amount for the stated loan goal.,5,,578,,,,,normal,,
Application_146114459,rejected,1,4,8,senior_clerk,CheckCreditScore,1477386960.0,,,2,The case is straightforward with a reasonable requested amount for home improvement.,10,,687,,,,,,,
Application_146114459,rejected,1,5,8,senior_clerk,ValidateApplication,1477672860.0,risk_assessment,"The credit score is missing, which raises concerns about the applicant's creditworthiness. The offered amount of EUR 7,200 exceeds the requested amount of EUR 5,000, but the monthly cost of EUR 100.64 over 90 terms suggests a manageable repayment plan. However, without a credit score, I cannot fully assess the risk.",4,"The lack of a credit score complicates the assessment significantly, as it is a key factor in evaluating creditworthiness.",15,,780,,,,,,,
Application_146114459,rejected,1,6,8,senior_clerk,RequestAdditionalInfo,1478252437.391,reason,"Carlos, the credit score is missing from the credit bureau data, which raises concerns about the applicant's creditworthiness. Can you verify whether the credit score can be obtained?",4,The missing credit score complicates the assessment of the applicant's creditworthiness.,10,,1052,,,,,,,
Application_146114459,rejected,1,7,8,junior_clerk,CheckDocuments,1478255557.391,notes,"The credit score is missing from the credit bureau data, which raises concerns about the applicant's creditworthiness.",3,The case is straightforward but lacks a critical document.,5,,1281,,,,,,,
Application_146114459,rejected,1,8,8,junior_clerk,ReturnApplicationEarly,1478255977.391,,,2,The lack of a credit score made this case straightforward to assess as invalid.,5,,1474,,,,,,,
Application_2095793548,rejected,0,1,8,junior_clerk,IntakeApplication,1476958348.888,initial_notes,"The requested amount of EUR 7,000 seems reasonable for an existing loan takeover, as it typically aligns with the amounts needed to consolidate or refinance loans. There is nothing unusual about the application type being new credit.",2,This case is straightforward as the amount requested is typical for the stated goal.,5,,292,,,,,,,
Application_2095793548,rejected,0,2,8,junior_clerk,CheckDocuments,1476971134.968,,,2,The documentation appears to be in order and aligns with the loan goal.,5,,518,,,,,,,
Application_2095793548,rejected,0,3,8,junior_clerk,ForwardCase,1476980760.0,,,2,The case is straightforward as the requested amount aligns well with the loan goal of existing loan takeover.,5,,587,,,,,normal,,
Application_2095793548,rejected,0,4,8,senior_clerk,CheckCreditScore,1477326571.391,,,2,The case is straightforward with complete documentation and a reasonable loan request.,10,,696,,,,,,,
Application_2095793548,rejected,0,5,8,senior_clerk,ValidateApplication,1477658773.845,risk_assessment,"The credit score of 709 is within an acceptable range, and the monthly cost of EUR 78.82 for 120 terms aligns well with the requested amount of EUR 7,000 for an existing loan takeover. The profile appears solid and consistent, indicating a low risk for the bank.",2,The application is straightforward with no discrepancies in the data.,15,,788,,,,,,,
Application_2095793548,rejected,0,6,8,senior_clerk,EscalateCase,1478176260.0,,,2,The case was straightforward with no surprises and all data aligned well.,15,,1059,,,,,,approve,
Application_2095793548,rejected,0,7,8,credit_officer,AssessRisk,1478186790.0,,,3,"The case is straightforward, but the loan purpose introduces some risk factors that need careful consideration.",15,,1324,,,,,,,medium
Application_2095793548,rejected,0,8,8,credit_officer,RejectLoan,1478257188.0,rejection_notes,"While the credit score is acceptable, the purpose of the loan raises concerns about the applicant's financial stability, which is a critical factor in approving loans. The risk associated with an existing loan takeover is deemed too high.",3,The case presented a reasonable request but had underlying concerns about financial stability due to the loan purpose.,15,,1578,,,,,,,
Application_301727231,approved,0,1,8,junior_clerk,IntakeApplication,1476958920.0,initial_notes,"The requested amount of EUR 25,000 seems reasonable for a car loan, depending on the type of vehicle being purchased. There is nothing unusual about the application at this stage.",2,This case is straightforward as it aligns with typical car loan requests.,5,,273,,,,,,,
Application_301727231,approved,0,2,8,junior_clerk,CheckDocuments,1476971937.622,,,2,The documentation appears to be standard for a car loan application.,10,,478,,,,,,,
Application_301727231,approved,0,3,8,junior_clerk,ForwardCase,1476981837.224,,,2,The application is straightforward with a reasonable amount for a car loan.,5,,547,,,,,normal,,
Application_301727231,approved,0,4,8,senior_clerk,CheckCreditScore,1477383960.0,,,2,Standard application with complete documentation.,15,,656,,,,,,,
Application_301727231,approved,0,5,8,senior_clerk,ValidateApplication,1477663573.845,risk_assessment,"The applicant has a strong credit score of 933, which is well above the acceptable range. The monthly cost of EUR 461.78 for a loan amount of EUR 25,000 over 60 terms is manageable and aligns with typical debt-to-income ratios. Overall, the applicant's profile appears solid and consistent with the requested loan amount for a car purchase.",2,The application is straightforward with complete documentation and a strong credit score.,15,,749,,,,,,,
Application_301727231,approved,0,6,8,senior_clerk,EscalateCase,1478178768.0,,,2,The case is straightforward with no discrepancies or missing information.,15,,1020,,,,,,approve,
Application_301727231,approved,0,7,8,credit_officer,AssessRisk,1478191218.0,,,2,This case is straightforward due to the strong credit score and manageable loan terms.,15,,1285,,,,,,,low
Application_301727231,approved,0,8,8,credit_officer,ApproveLoan,1478258238.0,,,2,The case is straightforward with all documentation in order and a strong credit score.,5,,1536,,,,,,,
Application_2124127933,approved,0,1,8,junior_clerk,IntakeApplication,1476959473.543,initial_notes,"The requested amount of EUR 35,000 seems reasonable for a car loan, depending on the type of vehicle being purchased. There is nothing unusual about the application type being a new credit.",2,This case is straightforward as the amount aligns with the loan goal.,5,,274,,,,,,,
Application_2124127933,approved,0,2,8,junior_clerk,CheckDocuments,1476972394.888,,,2,The application appears straightforward with no unusual elements to check.,10,,489,,,,,,,
Application_2124127933,approved,0,3,8,junior_clerk,ForwardCase,1476982096.511,,,2,The case is straightforward with a reasonable amount for a car loan.,5,,558,,,,,normal,,
Application_2124127933,approved,0,4,8,senior_clerk,CheckCreditScore,1477384560.0,,,2,"Standard case with complete documentation, awaiting credit data.",10,,667,,,,,,,
Application_2124127933,approved,0,5,8,senior_clerk,ValidateApplication,1477667520.0,risk_assessment,"The credit profile appears solid with a high credit score of 850, a reasonable monthly cost of EUR 524.03, and the offered amount matching the requested amount. The loan terms of 76 months are acceptable for the requested amount, indicating manageable payments for the applicant.",2,The application is straightforward with complete documentation and a solid credit profile.,15,,760,,,,,,,
Application_2124127933,approved,0,6,8,senior_clerk,EscalateCase,1478179957.391,,,2,The application is straightforward with all necessary data aligning well.,15,,1031,,,,,,approve,
Application_2124127933,approved,0,7,8,credit_officer,AssessRisk,1478252490.0,,,2,The case is straightforward with a strong credit profile and no unusual factors.,10,,1296,,,,,,,low
Application_2124127933,approved,0,8,8,credit_officer,ApproveLoan,1478259558.0,,,2,The case is straightforward with a solid credit profile and no issues identified.,3,,1547,,,,,,,
Application_1234365113,rejected,1,1,8,junior_clerk,IntakeApplication,1476962043.622,initial_notes,"The requested amount of EUR 8,000 seems reasonable for a car loan, as it aligns with typical financing for a vehicle purchase. There is nothing unusual about this application at first glance.",2,This case is straightforward as it matches common lending patterns.,5,,273,,,,,,,
Application_1234365113,rejected,1,2,8,junior_clerk,CheckDocuments,1476974828.473,,,2,The documentation appears to be standard for a car loan application.,5,,490,,,,,,,
Application_1234365113,rejected,1,3,8,junior_clerk,ForwardCase,1477037586.303,,,2,The case is straightforward with no unusual aspects to address.,5,,559,,,,,normal,,
Application_1234365113,rejected,1,4,8,senior_clerk,CheckCreditScore,1477389960.0,,,2,This case is straightforward as the requested amount aligns with typical financing for a car loan.,10,,668,,,,,,,
Application_1234365113,rejected,1,5,8,senior_clerk,ValidateApplication,1477903620.0,risk_assessment,"The credit score is missing, which raises concerns about the applicant's creditworthiness. The monthly cost of EUR 244.52 for 36 terms indicates a significant financial commitment, and without a credit score, it is difficult to assess the risk accurately. Therefore, I recommend rejecting the application due to the absence of a credit score, which is critical for evaluating the applicant's ability to repay the loan.",4,The lack of a credit score makes it challenging to assess the applicant's risk profile accurately.,15,,761,,,,,,,
Application_1234365113,rejected,1,6,8,senior_clerk,RequestAdditionalInfo,1478254518.0,reason,"Carlos, the credit score is missing from the credit bureau data, which raises concerns about the applicant's creditworthiness. Can you verify whether the credit score can be obtained or if there are any issues with the applicant's credit history?",4,The absence of the credit score complicates the assessment significantly.,15,,1033,,,,,,,
Application_1234365113,rejected,1,7,8,junior_clerk,CheckDocuments,1478258838.0,notes,"The application is missing the credit score, which is essential for assessing the applicant's creditworthiness. This raises concerns about the financial commitment of EUR 244.52 per month for 36 terms without a valid credit score.",4,"The case is straightforward, but the missing credit score complicates the assessment.",5,,1279,,,,,,,
Application_1234365113,rejected,1,8,8,junior_clerk,ReturnApplicationEarly,1478259888.0,,,5,The absence of the credit score made this case difficult to assess properly.,5,,1554,,,,,,,
Application_1331809820,rejected,0,1,8,junior_clerk,IntakeApplication,1476958538.473,initial_notes,"The requested amount of EUR 70,000 for an existing loan takeover seems reasonable, as it could be used to consolidate or refinance a larger loan. However, I will need to verify the documentation to ensure everything is in order.",2,This case is straightforward as it aligns with typical loan takeover requests.,5,,293,,,,,,,
Application_1331809820,rejected,0,2,8,junior_clerk,CheckDocuments,1476971378.473,,,2,The documentation appears to be straightforward and complete for the requested loan takeover.,10,,519,,,,,,,
Application_1331809820,rejected,0,3,8,junior_clerk,ForwardCase,1476980877.224,,,2,The application is straightforward and the requested amount aligns with the loan goal.,5,,588,,,,,normal,,
Application_1331809820,rejected,0,4,8,senior_clerk,CheckCreditScore,1477326960.0,,,2,Standard case with a reasonable loan goal and amount.,10,,697,,,,,,,
Application_1331809820,rejected,0,5,8,senior_clerk,ValidateApplication,1477662720.0,risk_assessment,"The credit score is not available, which raises concerns regarding the applicant's creditworthiness. The monthly cost of EUR 700.0 is significant in relation to the offered amount of EUR 67,000. The number of terms at 119 suggests a long repayment period, which could indicate higher risk. Overall, the application is borderline due to the lack of a credit score and the high monthly cost compared to the offered amount.",4,"The absence of a credit score complicates the assessment, making it harder to evaluate the applicant's creditworthiness.",15,,791,,,,,,,
Application_1331809820,rejected,0,6,8,senior_clerk,EscalateCase,1478178108.0,,,4,The absence of a credit score and the high monthly cost made this case more complex than usual.,15,,1063,,,,,,reject,
Application_1331809820,rejected,0,7,8,credit_officer,AssessRisk,1478252880.0,,,4,"The lack of a credit score and high monthly cost raised immediate concerns, complicating the assessment.",15,,1327,,,,,,,high
Application_1331809820,rejected,0,8,8,credit_officer,RejectLoan,1478260962.0,rejection_notes,"The lack of a credit score is a major red flag, indicating potential issues with the applicant's ability to repay the loan. Additionally, the monthly cost is substantial compared to the offered amount, further increasing the risk.",3,"The case was straightforward but complicated by the absence of a credit score, which is a critical factor in assessing risk.",10,,1579,,,,,,,
Application_2133818678,approved,0,1,8,junior_clerk,IntakeApplication,1476960334.968,initial_notes,"The requested amount of EUR 25,000 seems reasonable for home improvement, as it can cover substantial renovations. There is nothing unusual about the application type being new credit.",2,This case is straightforward as the amount aligns well with the stated goal.,5,,287,,,,,,,
Application_2133818678,approved,0,2,8,junior_clerk,CheckDocuments,1476973751.022,,,2,The documentation appears to be standard for a home improvement loan application.,10,,497,,,,,,,
Application_2133818678,approved,0,3,8,junior_clerk,ForwardCase,1476982620.0,,,2,The case is straightforward with a reasonable amount for the stated goal.,5,,566,,,,,normal,,
Application_2133818678,approved,0,4,8,senior_clerk,CheckCreditScore,1477386571.391,,,2,This case is straightforward as the application and documentation are complete.,15,,675,,,,,,,
Application_2133818678,approved,0,5,8,senior_clerk,ValidateApplication,1477668373.845,risk_assessment,"The applicant has a very high credit score of 959, indicating excellent creditworthiness. The monthly cost of EUR 397.39 is manageable within the context of the requested amount of EUR 25,000 for home improvement. The number of terms is 71, which is reasonable for this loan amount. Overall, the profile is solid and consistent with the loan goal.",2,The case is straightforward with no discrepancies in the application and credit data.,15,,768,,,,,,,
Application_2133818678,approved,0,6,8,senior_clerk,EscalateCase,1478180616.0,,,2,The case is straightforward with all data aligning and no discrepancies.,10,,1039,,,,,,approve,
Application_2133818678,approved,0,7,8,credit_officer,AssessRisk,1478253144.0,,,2,The case is straightforward with no unusual factors or surprises.,10,,1304,,,,,,,low
Application_2133818678,approved,0,8,8,credit_officer,ApproveLoan,1478262282.0,,,2,The case was straightforward with all documentation in order and a very high credit score.,5,,1555,,,,,,,
Application_357880380,rejected,0,1,7,junior_clerk,IntakeApplication,1476966522.303,initial_notes,"The requested amount of EUR 16,800 seems reasonable for an existing loan takeover, as it typically involves consolidating higher amounts. However, I will need to verify if this amount aligns with the usual loan sizes for such purposes.",2,This case is straightforward as it fits a common loan purpose.,5,,292,,,,,,,
Application_357880380,rejected,0,2,7,junior_clerk,CheckDocuments,1476979848.369,,,2,"The application is straightforward, with a reasonable amount for an existing loan takeover.",5,,518,,,,,,,
Application_357880380,rejected,0,3,7,junior_clerk,ForwardCase,1477043569.543,,,2,The case is straightforward as the requested amount aligns with the loan goal of an existing loan takeover.,5,,587,,,,,normal,,
Application_357880380,rejected,0,4,7,senior_clerk,CheckCreditScore,1477400280.0,,,2,"The case involves a reasonable loan takeover amount, but requires credit data to assess risk.",15,,696,,,,,,,
Application_357880380,rejected,0,5,7,senior_clerk,ValidateApplication,1477914180.0,risk_assessment,"The credit score is not available, which raises a significant concern regarding the applicant's creditworthiness. The monthly cost of EUR 184.94 over 120 terms indicates a total repayment of EUR 22,192.80, which is higher than the requested amount. However, without a credit score, we cannot fully assess the risk associated with this application. The offered amount of EUR 18,000 is also above the requested amount, which may suggest a potential overestimation of the applicant's repayment capacity.",4,The lack of a credit score makes this case particularly challenging to assess.,20,,791,,,,,,,
Application_357880380,rejected,0,6,7,senior_clerk,EscalateCase,1478253625.391,,,4,The absence of a credit score made the assessment challenging and raised concerns about the applicant's creditworthiness.,15,,1063,,,,,,reject,
Application_357880380,rejected,0,7,7,credit_officer,RejectLoan,1478262384.0,rejection_notes,"The absence of a credit score significantly impacts the assessment of the applicant's ability to repay the loan. Given the requested amount and the existing monthly obligations, the risk is deemed too high.",3,The case is straightforward but complicated by the lack of credit score data.,10,,1327,,,,,,,
Application_1920432865,rejected,1,1,8,junior_clerk,IntakeApplication,1476962848.888,initial_notes,"The requested amount of EUR 6,000 seems reasonable for an existing loan takeover, as it typically aligns with the amounts needed to consolidate or refinance existing debts. There is nothing unusual about the application type being new credit for this purpose.",2,This case is straightforward as it aligns with common loan purposes and amounts.,5,,292,,,,,,,
Application_1920432865,rejected,1,2,8,junior_clerk,CheckDocuments,1476975754.888,,,2,The documentation appears to be standard for an existing loan takeover.,5,,518,,,,,,,
Application_1920432865,rejected,1,3,8,junior_clerk,ForwardCase,1477038605.022,,,2,The case is straightforward with a reasonable amount for the stated goal.,5,,587,,,,,normal,,
Application_1920432865,rejected,1,4,8,senior_clerk,CheckCreditScore,1477392360.0,,,2,The case is straightforward with complete documentation and a reasonable loan amount for the stated goal.,10,,696,,,,,,,
Application_1920432865,rejected,1,5,8,senior_clerk,ValidateApplication,1477906897.391,risk_assessment,"The credit score is missing, which raises concerns about the applicant's creditworthiness. The monthly cost of EUR 150.0 over 45 terms indicates a long repayment period, but without a credit score, it's difficult to assess the risk accurately. Therefore, the application is borderline and needs further clarification.",4,"The absence of a credit score complicates the assessment significantly, making it hard to determine the applicant's risk profile.",15,,788,,,,,,,
Application_1920432865,rejected,1,6,8,senior_clerk,RequestAdditionalInfo,1478259943.845,reason,"Carlos, the credit score is missing from the credit bureau data, which raises concerns about the applicant's creditworthiness. Can you verify whether the credit score can be obtained?",4,The missing credit score complicates the assessment significantly.,10,,1060,,,,,,,
Application_1920432865,rejected,1,7,8,junior_clerk,CheckDocuments,1478263063.845,notes,"The application is missing the credit score from the credit bureau data, which is essential for assessing the applicant's creditworthiness.",3,"The case is straightforward, but the missing credit score complicates the assessment.",5,,1289,,,,,,,
Application_1920432865,rejected,1,8,8,junior_clerk,ReturnApplicationEarly,1478263819.845,,,4,The absence of a credit score made the assessment difficult.,5,,1503,,,,,,,
Application_1549000634,rejected,1,1,8,junior_clerk,IntakeApplication,1476972934.968,initial_notes,"The requested amount of EUR 40,000 for an existing loan takeover seems reasonable, as it could cover a significant portion of an outstanding loan. However, I will need to ensure that the documentation supports this purpose.",2,This case is straightforward as it aligns with common loan purposes.,5,,293,,,,,,,
Application_1549000634,rejected,1,2,8,junior_clerk,CheckDocuments,1477038116.103,,,2,The documentation appears to be complete and valid for an existing loan takeover.,10,,519,,,,,,,
Application_1549000634,rejected,1,3,8,junior_clerk,ForwardCase,1477045038.303,,,2,The case is straightforward with complete documentation and a reasonable loan amount for the stated goal.,5,,588,,,,,normal,,
Application_1549000634,rejected,1,4,8,senior_clerk,CheckCreditScore,1477404360.0,,,2,This case is straightforward with complete documentation and a clear loan goal.,15,,697,,,,,,,
Application_1549000634,rejected,1,5,8,senior_clerk,ValidateApplication,1477922928.0,risk_assessment,"The credit score is missing, which raises concerns about the applicant's creditworthiness. The monthly cost of EUR 489.83 against the offered amount of EUR 40,000 for 96 terms suggests a high debt-to-income ratio, which could be risky. Without a credit score, it is difficult to assess the overall risk accurately.",4,"The lack of a credit score makes this case harder to assess, as it leaves a significant gap in understanding the applicant's creditworthiness.",15,,791,,,,,,,
Application_1549000634,rejected,1,6,8,senior_clerk,RequestAdditionalInfo,1478265078.0,reason,"Carlos, the credit score is missing from the credit bureau data, which raises concerns about the applicant's creditworthiness. Can you verify whether the applicant has a credit score available?",2,The case is straightforward but lacks critical credit information.,10,,1063,,,,,,,
Application_1549000634,rejected,1,7,8,junior_clerk,CheckDocuments,1478267478.0,notes,"The application is missing the credit score, which is essential for assessing the applicant's creditworthiness. This was flagged by the Senior Clerk.",2,The case is straightforward but requires additional information to proceed.,5,,1302,,,,,,,
Application_1549000634,rejected,1,8,8,junior_clerk,ReturnApplicationEarly,1478268024.0,,,3,The case was straightforward but lacked critical documentation.,5,,1526,,,,,,,
Application_875614911,rejected,1,1,7,junior_clerk,IntakeApplication,1476965328.369,initial_notes,"The requested amount of EUR 32,000 for an existing loan takeover seems reasonable, as such takeovers typically require substantial amounts. However, I will need to ensure that the documentation aligns with this request and that there are no unusual aspects to the application.",2,This case is straightforward as it aligns with common loan takeover requests.,5,,292,,,,,,,
Application_875614911,rejected,1,2,7,junior_clerk,CheckDocuments,1476978634.888,,,2,The documentation appears to be in order for the loan takeover request.,10,,518,,,,,,,
Application_875614911,rejected,1,3,7,junior_clerk,ForwardCase,1477041836.103,,,2,The case is straightforward as the requested amount aligns with the loan goal of an existing loan takeover.,5,,587,,,,,normal,,
Application_875614911,rejected,1,4,7,senior_clerk,CheckCreditScore,1477397760.0,,,2,"The case is straightforward with complete documentation, but requires credit data for assessment.",15,,696,,,,,,,
Application_875614911,rejected,1,5,7,senior_clerk,ValidateApplication,1477909933.845,risk_assessment,"The credit score is missing, which raises concerns about the applicant's creditworthiness. The monthly cost of EUR 502.42 over 72 terms indicates a significant financial commitment, and without a credit score, it is difficult to assess the overall risk. The offered amount matches the requested amount, but the lack of credit score is a major red flag.",4,The absence of a credit score complicates the assessment significantly.,15,,790,,,,,,,
Application_875614911,rejected,1,6,7,senior_clerk,RequestAdditionalInfo,1478267700.0,reason,"Carlos, the credit score is missing from the credit bureau data, which raises concerns about the applicant's creditworthiness. Can you verify whether the applicant has a credit score available? This information is crucial for assessing the risk profile accurately.",4,The missing credit score complicates the assessment process significantly.,15,,1062,,,,,,,
Application_875614911,rejected,1,7,7,junior_clerk,ReturnApplicationEarly,1478268456.0,,,4,The absence of a credit score makes it impossible to evaluate the application properly.,5,,1308,,,,,,,
Application_198284297,rejected,1,1,8,junior_clerk,IntakeApplication,1476964722.303,initial_notes,"The requested amount of EUR 15,000 for an existing loan takeover seems reasonable, as it aligns with typical amounts for such purposes. No unusual aspects noted at this stage.",2,This case is straightforward as the purpose and amount align well.,5,,292,,,,,,,
Application_198284297,rejected,1,2,8,junior_clerk,CheckDocuments,1476978177.622,,,2,The documentation appears to be complete and valid for the loan takeover request.,10,,493,,,,,,,
Application_198284297,rejected,1,3,8,junior_clerk,ForwardCase,1477041548.473,,,2,The application is straightforward with no unusual aspects.,5,,562,,,,,normal,,
Application_198284297,rejected,1,4,8,senior_clerk,CheckCreditScore,1477395360.0,,,2,The case appears straightforward based on the Junior Clerk's notes.,15,,671,,,,,,,
Application_198284297,rejected,1,5,8,senior_clerk,ValidateApplication,1477909488.0,risk_assessment,"The credit score is missing, which raises concerns about the applicant's creditworthiness. The monthly cost of EUR 150.0 and the number of terms (127) indicate a long repayment period, which could increase risk. The offered amount of EUR 15,000 is consistent with the loan goal, but without a credit score, the overall risk profile is uncertain.",4,"The absence of a credit score complicates the assessment, making it difficult to evaluate the applicant's creditworthiness.",15,,765,,,,,,,
Application_198284297,rejected,1,6,8,senior_clerk,RequestAdditionalInfo,1478265318.0,reason,"Carlos, the credit score is missing from the credit bureau data, which raises concerns about the applicant's creditworthiness. Can you verify if there was an issue retrieving this information?",4,The lack of a credit score complicates the assessment significantly.,10,,1037,,,,,,,
Application_198284297,rejected,1,7,8,junior_clerk,CheckDocuments,1478268438.0,notes,"I checked the documentation again to confirm the completeness of the application. However, the credit score is still missing from the credit bureau data, which is crucial for assessing the applicant's creditworthiness. This raises concerns about the application.",3,"The case is straightforward, but the missing credit score complicates the assessment.",5,,1275,,,,,,,
Application_198284297,rejected,1,8,8,junior_clerk,ReturnApplicationEarly,1478269194.0,,,4,The absence of a credit score made it impossible to assess the application properly.,5,,1548,,,,,,,
Application_422637212,approved,0,1,8,junior_clerk,IntakeApplication,1476961048.888,initial_notes,"The requested amount of EUR 18,000 seems reasonable for home improvement purposes, as it can cover significant renovations or upgrades. Nothing unusual stands out at this point.",2,This case appears straightforward with no immediate red flags.,5,,286,,,,,,,
Application_422637212,approved,0,2,8,junior_clerk,CheckDocuments,1476974328.369,,,2,The documentation appears to be complete and valid for a standard home improvement loan.,5,,489,,,,,,,
Application_422637212,approved,0,3,8,junior_clerk,ForwardCase,1477037106.303,,,2,The case is straightforward with a reasonable amount for the stated purpose.,5,,558,,,,,normal,,
Application_422637212,approved,0,4,8,senior_clerk,CheckCreditScore,1477387260.0,,,2,This case is straightforward with complete documentation and a reasonable loan request.,10,,667,,,,,,,
Application_422637212,approved,0,5,8,senior_clerk,ValidateApplication,1477670520.0,risk_assessment,"The credit score of 831 is well above the acceptable threshold, indicating a strong credit profile. The monthly cost of EUR 265.04 is manageable within the context of the offered amount of EUR 18,000 for home improvement, spread over 78 terms. Overall, the application appears solid and consistent with the stated loan goal.",2,The case is straightforward with no discrepancies or unusual factors to consider.,15,,760,,,,,,,
Application_422637212,approved,0,6,8,senior_clerk,EscalateCase,1478180617.391,,,2,The case was straightforward with all necessary information available and aligned with the applicant's profile.,10,,1031,,,,,,approve,
Application_422637212,approved,0,7,8,credit_officer,AssessRisk,1478256918.0,,,2,This case is straightforward with no unusual factors or surprises.,5,,1296,,,,,,,low
Application_422637212,approved,0,8,8,credit_officer,ApproveLoan,1478270010.0,,,2,The case is straightforward with strong credit profile and reasonable loan purpose.,5,,1547,,,,,,,
Application_1668457930,approved,0,1,8,junior_clerk,IntakeApplication,1476962134.968,initial_notes,"The requested amount of EUR 15,000 seems reasonable for a car loan, as it aligns with typical vehicle financing. There is nothing unusual about this application at first glance.",2,This case is straightforward as it matches common loan parameters for a car purchase.,5,,274,,,,,,,
Application_1668457930,approved,0,2,8,junior_clerk,CheckDocuments,1476975116.103,,,2,The documentation appears to be standard for a car loan application.,5,,477,,,,,,,
Application_1668457930,approved,0,3,8,junior_clerk,ForwardCase,1477038125.022,,,2,The application is straightforward with no unusual elements.,5,,546,,,,,normal,,
Application_1668457930,approved,0,4,8,senior_clerk,CheckCreditScore,1477390231.391,,,2,This case is straightforward as the application appears complete and reasonable.,10,,655,,,,,,,
Application_1668457930,approved,0,5,8,senior_clerk,ValidateApplication,1477673173.845,risk_assessment,"The applicant has a strong credit score of 879, which is well above the acceptable threshold. The monthly cost of EUR 300.0 is manageable within the offered amount of EUR 15,000 over 56 terms. The application aligns with typical vehicle financing, indicating a solid profile.",2,The application is straightforward with no discrepancies in the provided data.,15,,747,,,,,,,
Application_1668457930,approved,0,6,8,senior_clerk,EscalateCase,1478182038.0,,,2,This case was straightforward with all data aligning well.,10,,1018,,,,,,approve,
Application_1668457930,approved,0,7,8,credit_officer,AssessRisk,1478260590.0,,,2,The case is straightforward with no unusual factors to consider.,5,,1283,,,,,,,low
Application_1668457930,approved,0,8,8,credit_officer,ApproveLoan,1478271330.0,,,2,The case is straightforward with no significant issues or surprises.,5,,1534,,,,,,,
Application_877522071,approved,0,1,8,junior_clerk,IntakeApplication,1476962296.511,initial_notes,"The requested amount of EUR 27,000 for an existing loan takeover seems reasonable, as it is common for such purposes to require substantial sums. However, I will need to verify the documentation to ensure everything aligns properly.",2,The case appears straightforward but requires document verification.,5,,292,,,,,,,
Application_877522071,approved,0,2,8,junior_clerk,CheckDocuments,1476975297.622,,,2,"The documentation appears to be complete for the loan takeover process, requiring standard checks.",15,,518,,,,,,,
Application_877522071,approved,0,3,8,junior_clerk,ForwardCase,1477038334.968,,,2,The case is straightforward as the requested amount aligns with the loan goal of existing loan takeover.,5,,587,,,,,normal,,
Application_877522071,approved,0,4,8,senior_clerk,CheckCreditScore,1477390260.0,,,2,"The case involves a standard loan takeover, which typically requires straightforward credit assessment.",15,,696,,,,,,,
Application_877522071,approved,0,5,8,senior_clerk,ValidateApplication,1477902120.0,risk_assessment,"The credit score of 983 is excellent, indicating a strong credit history. The monthly cost of EUR 498.72 is manageable within the context of the requested amount for an existing loan takeover. The offered amount aligns perfectly with the requested amount, and the number of terms is standard at 60 months. Overall, the profile is solid and consistent, supporting an approval recommendation.",2,The case is straightforward with no discrepancies in the application or credit data.,15,,789,,,,,,,
Application_877522071,approved,0,6,8,senior_clerk,EscalateCase,1478182698.0,,,2,The case was straightforward with no surprises and all data aligned well.,10,,1060,,,,,,approve,
Application_877522071,approved,0,7,8,credit_officer,AssessRisk,1478260980.0,,,2,This case is straightforward with no surprises and clear documentation.,5,,1325,,,,,,,low
Application_877522071,approved,0,8,8,credit_officer,ApproveLoan,1478271702.0,,,2,The case is straightforward with excellent credit score and reasonable loan purpose.,3,,1576,,,,,,,
Application_768742802,approved,0,1,8,junior_clerk,IntakeApplication,1476966000.0,initial_notes,"The requested amount of EUR 5,000 seems reasonable for home improvement purposes. There is nothing unusual about this application at first glance.",2,This case is straightforward with no apparent issues.,5,,285,,,,,,,
Application_768742802,approved,0,2,8,junior_clerk,CheckDocuments,1476979316.103,,,2,The application appears straightforward with no unusual elements to check.,5,,457,,,,,,,
Application_768742802,approved,0,3,8,junior_clerk,ForwardCase,1477042986.303,,,2,The application is straightforward with no unusual aspects.,5,,526,,,,,normal,,
Application_768742802,approved,0,4,8,senior_clerk,CheckCreditScore,1477398360.0,,,2,The case appears straightforward with complete documentation and a reasonable loan request.,10,,635,,,,,,,
Application_768742802,approved,0,5,8,senior_clerk,ValidateApplication,1477906920.0,risk_assessment,"The applicant has a strong credit score of 820, which is well above the acceptable threshold. The monthly cost of EUR 100.0 for the offered amount of EUR 5,000 over 58 terms indicates a manageable repayment structure. The purpose of the loan for home improvement aligns with the requested amount, making this a reasonable application.",2,The application is straightforward with no discrepancies in the documentation or credit data.,15,,726,,,,,,,
Application_768742802,approved,0,6,8,senior_clerk,EscalateCase,1478247498.0,,,2,This case is straightforward with no surprises and all information aligned.,15,,997,,,,,,approve,
Application_768742802,approved,0,7,8,credit_officer,AssessRisk,1478265288.0,,,2,The case is straightforward with no unusual factors or concerns.,5,,1262,,,,,,,low
Application_768742802,approved,0,8,8,credit_officer,ApproveLoan,1478272650.0,,,2,The case is straightforward with a strong credit score and manageable monthly payments.,3,,1513,,,,,,,
Application_151961393,approved,0,1,8,junior_clerk,IntakeApplication,1476967128.369,initial_notes,"The requested amount of EUR 5,000 seems reasonable for a car loan, as it aligns with typical financing for a vehicle. There is nothing unusual about the application type being new credit.",2,This case is straightforward as the amount and purpose align well.,5,,272,,,,,,,
Application_151961393,approved,0,2,8,junior_clerk,CheckDocuments,1476980280.0,,,2,The case appears straightforward with a reasonable amount and purpose for a car loan.,5,,485,,,,,,,
Application_151961393,approved,0,3,8,junior_clerk,ForwardCase,1477043896.511,,,2,The case is straightforward as the requested amount aligns with the loan goal and application type.,5,,554,,,,,normal,,
Application_151961393,approved,0,4,8,senior_clerk,CheckCreditScore,1477400760.0,,,2,This case is straightforward as the requested amount aligns with typical financing for a vehicle.,10,,663,,,,,,,
Application_151961393,approved,0,5,8,senior_clerk,ValidateApplication,1477911720.0,risk_assessment,"The applicant has a strong credit score of 823, which is well above the acceptable range. The requested amount of EUR 5,000 is reasonable compared to the offered amount of EUR 8,800. The monthly cost of EUR 391.27 for 24 terms is manageable given the applicant's credit profile. Overall, the application appears solid and consistent with the applicant's financial situation.",2,The case is straightforward with no discrepancies in the application and credit data.,15,,755,,,,,,,
Application_151961393,approved,0,6,8,senior_clerk,EscalateCase,1478253096.0,,,2,The case is straightforward with no surprises and aligns well with typical financing for a vehicle.,15,,1026,,,,,,approve,
Application_151961393,approved,0,7,8,credit_officer,AssessRisk,1478268690.0,,,2,The case is straightforward with no unusual factors or concerns.,10,,1291,,,,,,,low
Application_151961393,approved,0,8,8,credit_officer,ApproveLoan,1478273970.0,,,2,The case is straightforward with a strong credit score and reasonable loan amount.,5,,1542,,,,,,,
Application_1991464898,approved,0,1,8,junior_clerk,IntakeApplication,1476968734.968,initial_notes,"The requested amount of EUR 12,700 seems reasonable for home improvement purposes, as it could cover significant renovations or upgrades. There is nothing unusual about the application type being new credit.",2,This case is straightforward as the amount aligns with the stated goal.,5,,287,,,,,,,
Application_1991464898,approved,0,2,8,junior_clerk,CheckDocuments,1476981428.473,,,2,"The documentation appears to be in order, with no missing documents noted.",5,,513,,,,,,,
Application_1991464898,approved,0,3,8,junior_clerk,ForwardCase,1477044057.622,,,2,The case is straightforward with a reasonable amount for home improvement.,5,,582,,,,,normal,,
Application_1991464898,approved,0,4,8,senior_clerk,CheckCreditScore,1477402333.845,,,2,Standard case with no initial red flags.,10,,691,,,,,,,
Application_1991464898,approved,0,5,8,senior_clerk,ValidateApplication,1477914288.0,risk_assessment,"The credit score of 931 is excellent, indicating a strong creditworthiness. The monthly cost of EUR 240.13 is manageable within the context of the requested amount and the loan goal of home improvement. The offered amount of EUR 12,700 aligns perfectly with the client's request and is appropriate for the intended purpose. Overall, this application presents a solid profile with no apparent risks.",2,The application is straightforward with a strong credit profile and no discrepancies.,15,,784,,,,,,,
Application_1991464898,approved,0,6,8,senior_clerk,EscalateCase,1478253756.0,,,2,The case is straightforward with all data aligning well and no discrepancies.,15,,1055,,,,,,approve,
Application_1991464898,approved,0,7,8,credit_officer,AssessRisk,1478270382.0,,,2,The case is straightforward with no unusual factors or complications.,5,,1320,,,,,,,low
Application_1991464898,approved,0,8,8,credit_officer,ApproveLoan,1478274708.0,,,2,The case was straightforward with no unusual factors or concerns.,5,,1571,,,,,,,
Application_1425820279,rejected,0,1,7,junior_clerk,IntakeApplication,1476976080.0,initial_notes,"The requested amount of EUR 20,000 seems reasonable for an existing loan takeover, as it typically involves consolidating or refinancing a larger debt. No unusual aspects noted at this stage.",2,This case is straightforward as the amount aligns with the loan goal.,5,,293,,,,,,,
Application_1425820279,rejected,0,2,7,junior_clerk,CheckDocuments,1477040689.543,,,2,The documentation appears to be standard for an existing loan takeover.,5,,510,,,,,,,
Application_1425820279,rejected,0,3,7,junior_clerk,ForwardCase,1477046478.303,,,2,The case is straightforward as the requested amount aligns with the loan goal of existing loan takeover.,5,,579,,,,,normal,,
Application_1425820279,rejected,0,4,7,senior_clerk,CheckCreditScore,1477407360.0,,,2,"The case involves a reasonable loan amount for an existing loan takeover, making it straightforward to assess.",15,,688,,,,,,,
Application_1425820279,rejected,0,5,7,senior_clerk,ValidateApplication,1477931400.0,risk_assessment,"The application is concerning due to the lack of a credit score, which raises questions about the applicant's credit history and reliability. The monthly cost of EUR 564.03 over 38 terms is substantial, especially without a credit score to assess the applicant's ability to manage this payment. The offered amount matches the requested amount, but the absence of a credit score makes this application risky.",4,"The lack of a credit score complicates the assessment significantly, as I cannot evaluate the applicant's creditworthiness.",15,,782,,,,,,,
Application_1425820279,rejected,0,6,7,senior_clerk,EscalateCase,1478270670.0,,,5,"The case is difficult due to the lack of a credit score, which complicates the assessment of the applicant's creditworthiness.",15,,1054,,,,,,reject,
Application_1425820279,rejected,0,7,7,credit_officer,RejectLoan,1478275050.0,rejection_notes,"The absence of a credit score is a significant red flag that cannot be overlooked, and the proposed monthly payment is substantial relative to the applicant's unknown creditworthiness.",2,The case was straightforward but raised significant concerns due to the lack of credit score.,15,,1318,,,,,,,
Application_1523986735,rejected,1,1,8,junior_clerk,IntakeApplication,1476967594.888,initial_notes,"The requested amount of EUR 15,000 seems reasonable for an existing loan takeover, as it typically aligns with the amounts needed to consolidate or refinance existing debts. There is nothing unusual about the application type being new credit for this purpose.",2,This case is straightforward as it aligns well with typical loan takeover requests.,5,,293,,,,,,,
Application_1523986735,rejected,1,2,8,junior_clerk,CheckDocuments,1476980532.303,,,2,The documentation appears to be complete and straightforward for an existing loan takeover.,10,,519,,,,,,,
Application_1523986735,rejected,1,3,8,junior_clerk,ForwardCase,1477044012.303,,,2,The case is straightforward as the requested amount aligns well with the loan goal of an existing loan takeover.,5,,588,,,,,normal,,
Application_1523986735,rejected,1,4,8,senior_clerk,CheckCreditScore,1477401360.0,,,2,The case is straightforward with a reasonable requested amount for an existing loan takeover.,10,,697,,,,,,,
Application_1523986735,rejected,1,5,8,senior_clerk,ValidateApplication,1477916197.391,risk_assessment,"The credit score is not available, which raises concerns about the applicant's creditworthiness. The monthly cost of EUR 278.38 for a loan of EUR 15,000 over 60 terms is reasonable, but without a credit score, it is difficult to assess the overall risk. The application is borderline due to the lack of credit score data.",4,The absence of a credit score makes it challenging to evaluate the risk accurately.,15,,791,,,,,,,
Application_1523986735,rejected,1,6,8,senior_clerk,RequestAdditionalInfo,1478271445.391,reason,"Carlos, the credit score is listed as 'None', which raises concerns about the applicant's creditworthiness. Can you verify if there was an issue retrieving the credit score or if the applicant has a valid reason for not having one? This information is critical for assessing the risk profile.",4,The lack of a credit score complicates the assessment significantly.,10,,1063,,,,,,,
Application_1523986735,rejected,1,7,8,junior_clerk,CheckDocuments,1478274565.391,notes,"I checked the documentation and found everything to be in order. However, the credit score is listed as 'None', which is a concern. I will note that there may have been an issue retrieving the credit score or the applicant may not have a valid credit history.",3,"The case is straightforward, but the missing credit score raises a concern about the applicant's creditworthiness.",5,,1309,,,,,,,
Application_1523986735,rejected,1,8,8,junior_clerk,ReturnApplicationEarly,1478275615.391,,,5,The lack of a credit score makes this case difficult to assess properly.,10,,1582,,,,,,,
Application_1225769256,rejected,1,1,8,junior_clerk,IntakeApplication,1476968978.473,initial_notes,"The requested amount of EUR 12,500 for an existing loan takeover seems reasonable, as it is a common amount for consolidating debts. There is nothing unusual about this application at first glance.",2,This case is straightforward as it aligns with typical loan takeover requests.,5,,293,,,,,,,
Application_1225769256,rejected,1,2,8,junior_clerk,CheckDocuments,1476981716.103,,,2,The documentation appears to be complete and straightforward for an existing loan takeover.,5,,516,,,,,,,
Application_1225769256,rejected,1,3,8,junior_clerk,ForwardCase,1477044376.511,,,2,The case is straightforward with a reasonable amount for the stated goal.,5,,585,,,,,normal,,
Application_1225769256,rejected,1,4,8,senior_clerk,CheckCreditScore,1477403280.0,,,2,"Standard case with complete documentation, awaiting credit data.",10,,694,,,,,,,
Application_1225769256,rejected,1,5,8,senior_clerk,ValidateApplication,1477918573.845,risk_assessment,"The credit score is missing, which raises concerns about the applicant's creditworthiness. The monthly cost of EUR 288.32 over 48 terms for the offered amount of EUR 12,500 indicates a significant financial obligation. Without a credit score, it is difficult to assess the risk accurately, making this application borderline.",4,"The absence of a credit score complicates the assessment, making it harder to evaluate the risk.",15,,788,,,,,,,
Application_1225769256,rejected,1,6,8,senior_clerk,RequestAdditionalInfo,1478272236.0,reason,"Carlos, the credit score is missing from the credit bureau data, which raises concerns about the applicant's creditworthiness. Can you verify if there was an issue retrieving the credit score?",4,The absence of the credit score complicates the assessment of the applicant's creditworthiness.,10,,1060,,,,,,,
Application_1225769256,rejected,1,7,8,junior_clerk,CheckDocuments,1478276556.0,notes,"I checked the documentation and confirmed that all required documents were submitted. However, the credit score data is missing from the credit bureau report, which is causing concern about the applicant's creditworthiness. I will note this issue for further review.",4,The case is straightforward but has a missing credit score which complicates the assessment.,5,,1298,,,,,,,
Application_1225769256,rejected,1,8,8,junior_clerk,ReturnApplicationEarly,1478277312.0,,,4,The missing credit score made it impossible to assess the application properly.,10,,1571,,,,,,,
Application_1995644843,rejected,1,1,7,junior_clerk,IntakeApplication,1476973800.0,initial_notes,"The requested amount of EUR 25,000 seems reasonable for home improvement, as it can cover significant renovations or upgrades. There is nothing unusual about the application type being a new credit.",2,This case is straightforward as the amount aligns well with the stated goal.,5,,287,,,,,,,
Application_1995644843,rejected,1,2,7,junior_clerk,CheckDocuments,1477038777.622,,,2,The documentation appears to be complete and aligns with the application details.,10,,511,,,,,,,
Application_1995644843,rejected,1,3,7,junior_clerk,ForwardCase,1477045518.303,,,2,The application is straightforward with a reasonable amount for the stated goal.,5,,580,,,,,normal,,
Application_1995644843,rejected,1,4,7,senior_clerk,CheckCreditScore,1477404709.391,,,2,The application appears straightforward with a reasonable loan amount for home improvement.,10,,689,,,,,,,
Application_1995644843,rejected,1,5,7,senior_clerk,ValidateApplication,1477924837.391,risk_assessment,"The credit score is missing, which raises concerns about the applicant's creditworthiness. The monthly cost of EUR 500.0 against the offered amount of EUR 25,000 over 56 terms suggests a significant financial commitment. Without a credit score, it is difficult to assess the risk accurately. This application is borderline due to the lack of credit score information.",4,"The absence of a credit score complicates the assessment process, making it harder to evaluate the applicant's financial stability.",15,,782,,,,,,,
Application_1995644843,rejected,1,6,7,senior_clerk,RequestAdditionalInfo,1478277763.845,reason,"Carlos, the credit score is missing from the credit bureau data, which raises concerns about the applicant's creditworthiness. Can you verify the credit score for this application?",4,The missing credit score complicates the assessment of the applicant's creditworthiness.,5,,1054,,,,,,,
Application_1995644843,rejected,1,7,7,junior_clerk,ReturnApplicationEarly,1478278519.845,,,4,The lack of a credit score made it impossible to assess the application properly.,5,,1280,,,,,,,
Application_312224974,rejected,1,1,8,junior_clerk,IntakeApplication,1476974734.968,initial_notes,"The requested amount of EUR 25,000 for an existing loan takeover seems reasonable, as it aligns with typical amounts for refinancing or consolidating loans. There is nothing unusual at first glance.",2,This case is straightforward as it matches common loan takeover requests.,5,,292,,,,,,,
Application_312224974,rejected,1,2,8,junior_clerk,CheckDocuments,1477039500.0,,,2,The documentation appears standard for a loan takeover case.,5,,516,,,,,,,
Application_312224974,rejected,1,3,8,junior_clerk,ForwardCase,1477045998.303,,,2,The case is straightforward as the requested amount aligns with the loan goal of existing loan takeover.,5,,585,,,,,normal,,
Application_312224974,rejected,1,4,8,senior_clerk,CheckCreditScore,1477406520.0,,,2,The case appears straightforward with a reasonable loan amount for refinancing.,10,,694,,,,,,,
Application_312224974,rejected,1,5,8,senior_clerk,ValidateApplication,1477927213.845,risk_assessment,"The credit score is missing, which raises concerns about the applicant's creditworthiness. The monthly cost of EUR 250.0 over 126 terms indicates a long repayment period, but without a credit score, it is difficult to assess the risk accurately. The offered amount matches the requested amount, but the lack of a credit score is a significant red flag.",4,"The absence of a credit score complicates the assessment, making it difficult to evaluate the applicant's creditworthiness.",15,,788,,,,,,,
Application_312224974,rejected,1,6,8,senior_clerk,RequestAdditionalInfo,1478277948.0,reason,"Carlos, the credit score is missing from the credit bureau data, which raises concerns about the applicant's creditworthiness. Can you verify if there was an issue retrieving the credit score?",3,"The case is straightforward, but the missing credit score is a significant gap.",10,,1060,,,,,,,
Application_312224974,rejected,1,7,8,junior_clerk,CheckDocuments,1478507868.0,notes,"The credit score was not retrieved from the credit bureau, which is essential for assessing the applicant's creditworthiness.",3,The case is straightforward but lacks critical information.,5,,1298,,,,,,,
Application_312224974,rejected,1,8,8,junior_clerk,ReturnApplicationEarly,1478508624.0,,,4,The absence of a credit score makes this case invalid for processing.,5,,1498,,,,,,,
Application_12315854,rejected,1,1,8,junior_clerk,IntakeApplication,1476975551.022,initial_notes,"The requested amount of EUR 13,000 seems reasonable for home improvement, as it can cover significant renovations or upgrades. There is nothing unusual about the application type being new credit.",2,This case is straightforward as the amount aligns well with the stated goal.,5,,285,,,,,,,
Application_12315854,rejected,1,2,8,junior_clerk,CheckDocuments,1477040296.511,,,2,The documentation appears to be in order without any missing elements.,10,,507,,,,,,,
Application_12315854,rejected,1,3,8,junior_clerk,ForwardCase,1477046193.224,,,2,The application is straightforward with a reasonable amount for the stated goal.,5,,576,,,,,normal,,
Application_12315854,rejected,1,4,8,senior_clerk,CheckCreditScore,1477406760.0,,,2,The case is straightforward with complete documentation and a reasonable loan request.,10,,685,,,,,,,
Application_12315854,rejected,1,5,8,senior_clerk,ValidateApplication,1477927620.0,risk_assessment,"The credit score is missing, which raises concerns about the applicant's creditworthiness. The monthly cost of EUR 143.02 over 115 terms indicates a long repayment period, but without a credit score, it is difficult to assess the risk accurately. The offered amount of EUR 13,000 aligns with the loan goal of home improvement, but the lack of credit score is a significant red flag.",4,The absence of a credit score complicates the assessment process significantly.,15,,780,,,,,,,
Application_12315854,rejected,1,6,8,senior_clerk,RequestAdditionalInfo,1478278188.0,reason,"Carlos, the credit score is missing from the credit bureau data, which raises concerns about the applicant's creditworthiness. Can you verify if there is any issue with retrieving the credit score?",3,The case is straightforward but lacks critical credit score information.,10,,1052,,,,,,,
Application_12315854,rejected,1,7,8,junior_clerk,CheckDocuments,1478508108.0,notes,The Senior Clerk flagged the missing credit score as a concern for the applicant's creditworthiness. I will verify if there is an issue with retrieving the credit score from the credit bureau data.,3,"The case is straightforward, but the missing credit score complicates the assessment.",5,,1295,,,,,,,
Application_12315854,rejected,1,8,8,junior_clerk,ReturnApplicationEarly,1478508654.0,,,3,The case is straightforward but lacks critical information.,5,,1567,,,,,,,
Application_1089290640,rejected,0,1,8,junior_clerk,IntakeApplication,1476970316.103,initial_notes,"The requested amount of EUR 26,000 for an existing loan takeover seems reasonable, as it could cover a significant portion of an existing loan. However, I will need to verify the documentation to ensure everything aligns properly.",2,This case appears straightforward but requires document verification.,10,,293,,,,,,,
Application_1089290640,rejected,0,2,8,junior_clerk,CheckDocuments,1476982377.622,,,2,"The documentation appears standard for an existing loan takeover, requiring verification of the existing loan details.",10,,519,,,,,,,
Application_1089290640,rejected,0,3,8,junior_clerk,ForwardCase,1477044537.622,,,2,The request is reasonable for an existing loan takeover.,5,,588,,,,,normal,,
Application_1089290640,rejected,0,4,8,senior_clerk,CheckCreditScore,1477403520.0,,,2,The case is straightforward with complete documentation and a reasonable loan goal.,10,,697,,,,,,,
Application_1089290640,rejected,0,5,8,senior_clerk,ValidateApplication,1477916520.0,risk_assessment,"The credit score of 843 is excellent, indicating a strong credit history. However, the offered amount of EUR 25,500 is lower than the requested EUR 26,000, which may indicate a slight risk in the client's ability to cover the existing loan takeover fully. The monthly cost of EUR 259.65 over 120 terms is manageable, but the difference in the requested and offered amounts raises a concern about the adequacy of funds for the takeover.",2,"The case is straightforward, but the discrepancy between the requested and offered amounts requires careful consideration.",15,,791,,,,,,,
Application_1089290640,rejected,0,6,8,senior_clerk,EscalateCase,1478254416.0,,,2,The case was straightforward with a strong credit profile and reasonable loan request.,15,,1062,,,,,,approve,
Application_1089290640,rejected,0,7,8,credit_officer,AssessRisk,1478272914.0,,,3,The case has a strong credit score but presents a slight risk due to the lower offered amount and the nature of the loan.,15,,1327,,,,,,,medium
Application_1089290640,rejected,0,8,8,credit_officer,RejectLoan,1478512818.0,rejection_notes,"Despite a strong credit score, the difference between the requested and offered amounts raises concerns about the applicant's financial situation. The loan purpose being an existing loan takeover does not mitigate this risk sufficiently.",3,The case presented a clear risk due to the discrepancy between requested and offered amounts.,3,,1581,,,,,,,
Application_734009956,approved,0,1,8,junior_clerk,IntakeApplication,1476970393.543,initial_notes,"The requested amount of EUR 25,000 seems reasonable for a car loan, as it aligns with the typical costs of purchasing a vehicle. There is nothing unusual about the application at this stage.",2,This case is straightforward as the amount requested matches the loan goal.,5,,273,,,,,,,
Application_734009956,approved,0,2,8,junior_clerk,CheckDocuments,1476982474.888,,,2,The application appears straightforward with no unusual elements to check.,5,,489,,,,,,,
Application_734009956,approved,0,3,8,junior_clerk,ForwardCase,1477044814.968,,,2,The case is straightforward as the requested amount aligns with the purpose of a car loan.,5,,558,,,,,normal,,
Application_734009956,approved,0,4,8,senior_clerk,CheckCreditScore,1477403760.0,,,2,The case appears straightforward with no initial red flags.,10,,667,,,,,,,
Application_734009956,approved,0,5,8,senior_clerk,ValidateApplication,1477918980.0,risk_assessment,"The credit profile is solid with a high credit score of 904, a manageable monthly cost of EUR 254.56, and the loan terms of 120 months align well with the requested amount. The offered amount matches the requested amount, indicating a consistent application. Overall, this case is low risk and should be approved.",2,The application is straightforward with complete documentation and a solid credit profile.,15,,761,,,,,,,
Application_734009956,approved,0,6,8,senior_clerk,EscalateCase,1478255178.0,,,2,The case is straightforward with all data aligning well and no discrepancies.,10,,1032,,,,,,approve,
Application_734009956,approved,0,7,8,credit_officer,AssessRisk,1478273388.0,,,2,The case presented a strong credit profile with no significant issues to address.,5,,1297,,,,,,,low
Application_734009956,approved,0,8,8,credit_officer,ApproveLoan,1478514138.0,,,2,The case is straightforward with all documents in order and a solid credit profile.,5,,1548,,,,,,,
Application_1417653464,rejected,1,1,7,junior_clerk,IntakeApplication,1476977517.224,initial_notes,"The requested amount of EUR 21,500 seems reasonable for a car loan, depending on the type of vehicle being purchased. There is nothing unusual about the loan goal or application type.",2,This case is straightforward as the amount aligns with the stated goal.,5,,274,,,,,,,
Application_1417653464,rejected,1,2,7,junior_clerk,CheckDocuments,1477042848.369,,,2,The documentation appears to be standard for a car loan application.,5,,483,,,,,,,
Application_1417653464,rejected,1,3,7,junior_clerk,ForwardCase,1477047274.888,,,2,The case is straightforward with a reasonable amount for a car loan.,5,,552,,,,,normal,,
Application_1417653464,rejected,1,4,7,senior_clerk,CheckCreditScore,1477410360.0,,,2,This case is straightforward as the application is complete and the loan goal is clear.,10,,661,,,,,,,
Application_1417653464,rejected,1,5,7,senior_clerk,ValidateApplication,1477990368.0,risk_assessment,"The credit score is missing, which raises concerns about the applicant's creditworthiness. The monthly cost of EUR 399.01 for a loan of EUR 21,500 over 60 terms is significant, and without a credit score, it is difficult to assess the risk accurately. This case is borderline due to the lack of credit score data.",4,"The absence of a credit score makes it challenging to assess the applicant's financial reliability, adding complexity to the case.",15,,755,,,,,,,
Application_1417653464,rejected,1,6,7,senior_clerk,RequestAdditionalInfo,1478516610.0,reason,"Carlos, the credit score is missing from the credit bureau data, which raises concerns about the applicant's creditworthiness. Can you verify if there is any additional information available regarding the applicant's credit score?",4,The absence of the credit score complicates the assessment of the applicant's creditworthiness.,10,,1027,,,,,,,
Application_1417653464,rejected,1,7,7,junior_clerk,ReturnApplicationEarly,1478517660.0,,,5,The absence of a credit score made this case challenging to assess.,5,,1273,,,,,,,
Application_348990686,rejected,1,1,8,junior_clerk,IntakeApplication,1476976534.968,initial_notes,"The requested amount of EUR 26,750 for an existing loan takeover seems reasonable, as it is common for such takeovers to involve significant sums. However, I will need to verify the documentation to ensure everything is in order.",2,This case is straightforward as the amount aligns with the loan goal.,10,,292,,,,,,,
Application_348990686,rejected,1,2,8,junior_clerk,CheckDocuments,1477041068.473,,,2,The documentation appears to be standard for a loan takeover case.,10,,518,,,,,,,
Application_348990686,rejected,1,3,8,junior_clerk,ForwardCase,1477046673.224,,,2,The request is reasonable for an existing loan takeover and documentation is complete.,5,,587,,,,,normal,,
Application_348990686,rejected,1,4,8,senior_clerk,CheckCreditScore,1477410180.0,,,3,"The case involves a loan takeover, which typically requires thorough credit assessment.",10,,696,,,,,,,
Application_348990686,rejected,1,5,8,senior_clerk,ValidateApplication,1477990260.0,risk_assessment,"The credit score is missing, which raises concerns about the applicant's creditworthiness. The monthly cost of EUR 419.2 for a loan of EUR 26,700 over 72 terms suggests a significant financial burden. Without a credit score, it's difficult to assess the risk accurately. Therefore, this application is borderline and requires further scrutiny.",4,"The absence of a credit score complicates the assessment process, making it difficult to evaluate the applicant's creditworthiness.",15,,789,,,,,,,
Application_348990686,rejected,1,6,8,senior_clerk,RequestAdditionalInfo,1478516065.391,reason,"Carlos, the credit score is missing from the credit bureau data, which raises concerns about the applicant's creditworthiness. Can you verify whether the applicant has a credit score available?",4,The missing credit score complicates the assessment of the applicant's financial stability.,5,,1061,,,,,,,
Application_348990686,rejected,1,7,8,junior_clerk,CheckDocuments,1478519185.391,notes,"The documentation is complete, but I will check if the applicant has a credit score available.",3,"The case is straightforward, but the missing credit score raises concerns.",5,,1300,,,,,,,
Application_348990686,rejected,1,8,8,junior_clerk,ReturnApplicationEarly,1478519731.391,,,3,"The case is straightforward, but the missing credit score prevents further processing.",5,,1467,,,,,,,
Application_1799331916,rejected,0,1,8,junior_clerk,IntakeApplication,1476976096.511,initial_notes,"The requested amount of EUR 5,000 seems reasonable for a car loan, as it aligns with typical financing for a used vehicle. There is nothing unusual about the application type being a new credit.",2,This case is straightforward as it follows a common request pattern for car loans.,5,,273,,,,,,,
Application_1799331916,rejected,0,2,8,junior_clerk,CheckDocuments,1477040734.968,,,2,The documentation appears to be standard and complete for a car loan application.,5,,493,,,,,,,
Application_1799331916,rejected,0,3,8,junior_clerk,ForwardCase,1477046580.0,,,2,The case is straightforward with a reasonable amount for a car loan.,5,,562,,,,,normal,,
Application_1799331916,rejected,0,4,8,senior_clerk,CheckCreditScore,1477407709.391,,,2,This case is straightforward with complete documentation and a reasonable loan amount.,10,,671,,,,,,,
Application_1799331916,rejected,0,5,8,senior_clerk,ValidateApplication,1477927728.0,risk_assessment,"The applicant has a credit score of 1061, which is within an acceptable range. The monthly cost of EUR 56.3 over 120 terms is manageable given the offered amount of EUR 5,000. The application appears solid and consistent with the loan goal.",2,The case is straightforward with complete documentation and a reasonable loan request.,15,,763,,,,,,,
Application_1799331916,rejected,0,6,8,senior_clerk,EscalateCase,1478268360.0,,,2,The application was straightforward with no discrepancies or unusual factors.,10,,1034,,,,,,approve,
Application_1799331916,rejected,0,7,8,credit_officer,AssessRisk,1478510202.0,,,2,"The case is straightforward with complete documentation and a reasonable loan request, but the credit score is a concern.",10,,1299,,,,,,,medium
Application_1799331916,rejected,0,8,8,credit_officer,RejectLoan,1478522712.0,rejection_notes,"While the application meets some criteria, the credit score and potential financial strain raise concerns about the applicant's ability to manage the loan effectively.",3,The case presented some risk factors that were not fully addressed by the senior clerk's recommendation.,10,,1553,,,,,,,
Application_84195997,approved,0,1,8,junior_clerk,IntakeApplication,1476976916.103,initial_notes,"The requested amount of EUR 7,500 seems reasonable for a car loan, as it aligns with typical financing for a vehicle. There is nothing unusual about this application at first glance.",2,This case is straightforward as the amount and purpose align well.,5,,271,,,,,,,
Application_84195997,approved,0,2,8,junior_clerk,CheckDocuments,1477041177.622,,,2,The documentation appears to be standard for a car loan application.,5,,479,,,,,,,
Application_84195997,approved,0,3,8,junior_clerk,ForwardCase,1477046958.303,,,2,The case is straightforward with a reasonable amount for a car loan.,5,,548,,,,,normal,,
Application_84195997,approved,0,4,8,senior_clerk,CheckCreditScore,1477409520.0,,,2,The case is straightforward with complete documentation and a reasonable loan amount.,15,,657,,,,,,,
Application_84195997,approved,0,5,8,senior_clerk,ValidateApplication,1477929637.391,risk_assessment,"The application is solid, with a high credit score of 977, which indicates a strong credit history. The monthly cost of EUR 146.09 is manageable within the offered amount of EUR 7,500 over 60 terms. There are no concerns regarding the loan goal, and the requested amount aligns well with typical car financing. Overall, the profile is consistent and acceptable for approval.",2,The case is straightforward with all data aligning well and no discrepancies.,15,,749,,,,,,,
Application_84195997,approved,0,6,8,senior_clerk,EscalateCase,1478269020.0,,,2,The case was straightforward with no surprises and all data aligned well.,10,,1020,,,,,,approve,
Application_84195997,approved,0,7,8,credit_officer,AssessRisk,1478511414.0,,,2,This case is straightforward with no unusual factors or surprises.,10,,1285,,,,,,,low
Application_84195997,approved,0,8,8,credit_officer,ApproveLoan,1478522970.0,,,2,The case is straightforward with no surprises and a solid credit profile.,5,,1536,,,,,,,
Application_1846291324,rejected,1,1,7,junior_clerk,IntakeApplication,1477037645.022,initial_notes,"The requested amount of EUR 50,000 for an existing loan takeover seems reasonable, as it is common for such loans to be substantial. However, I will need to verify the documentation to ensure everything is in order.",2,"The case appears straightforward, but I need to check the documents for completeness.",5,,293,,,,,,,
Application_1846291324,rejected,1,2,7,junior_clerk,CheckDocuments,1477046792.103,,,2,"The documentation appears to be straightforward, with no immediate issues noted.",10,,519,,,,,,,
Application_1846291324,rejected,1,3,7,junior_clerk,ForwardCase,1477049452.511,,,2,The case is straightforward with a reasonable amount for an existing loan takeover.,5,,588,,,,,normal,,
Application_1846291324,rejected,1,4,7,senior_clerk,CheckCreditScore,1477474260.0,,,3,"The case involves a substantial loan amount for an existing loan takeover, which requires careful credit assessment.",15,,697,,,,,,,
Application_1846291324,rejected,1,5,7,senior_clerk,ValidateApplication,1478001780.0,risk_assessment,"The credit score is missing, which raises significant concerns about the applicant's creditworthiness. The monthly cost of EUR 500 over 126 terms suggests a long repayment period, but without a credit score, it's difficult to assess the risk accurately. Given the requested amount of EUR 50,000 for an existing loan takeover, the lack of credit score is a critical issue that makes this application borderline. Further investigation into the applicant's financial history is necessary before making a final recommendation.",4,The absence of a credit score complicates the assessment process significantly.,20,,791,,,,,,,
Application_1846291324,rejected,1,6,7,senior_clerk,RequestAdditionalInfo,1478522383.845,reason,"Carlos, the credit score is missing from the credit bureau data. This is crucial for assessing the applicant's creditworthiness and overall risk profile.",4,The absence of a credit score complicates the assessment significantly.,10,,1063,,,,,,,
Application_1846291324,rejected,1,7,7,junior_clerk,ReturnApplicationEarly,1478523433.845,,,5,The lack of a credit score made this case difficult to assess properly.,10,,1262,,,,,,,
Application_496532501,approved,0,1,8,junior_clerk,IntakeApplication,1476977168.473,initial_notes,"The requested amount of EUR 25,000 for home improvement seems reasonable, as home renovations can often require significant funding. However, since this is a limit raise application, it raises the question of the current credit limit and the applicant's existing financial situation.",3,The case is straightforward but requires consideration of the existing limit.,5,,287,,,,,,,
Application_496532501,approved,0,2,8,junior_clerk,CheckDocuments,1477042506.303,,,3,"The documentation appears to be complete, but the limit raise application type requires further scrutiny.",10,,513,,,,,,,
Application_496532501,approved,0,3,8,junior_clerk,ForwardCase,1477047256.511,,,2,The case is straightforward as the requested amount aligns with the loan goal of home improvement.,5,,582,,,,,normal,,
Application_496532501,approved,0,4,8,senior_clerk,CheckCreditScore,1477410133.845,,,2,The case has a clear purpose and the requested amount aligns with the loan goal.,10,,691,,,,,,,
Application_496532501,approved,0,5,8,senior_clerk,ValidateApplication,1477932013.845,risk_assessment,"The credit score of 808 is excellent, indicating a strong credit profile. The monthly cost of EUR 250.0 is manageable within the context of the offered amount of EUR 25,000. The number of terms is 126, which is reasonable for a limit raise application. Overall, the profile appears solid and consistent with the loan goal of home improvement.",2,The application is straightforward with complete documentation and a strong credit profile.,15,,784,,,,,,,
Application_496532501,approved,0,6,8,senior_clerk,EscalateCase,1478271330.0,,,2,The case is straightforward with all necessary information and a solid credit profile.,15,,1055,,,,,,approve,
Application_496532501,approved,0,7,8,credit_officer,AssessRisk,1478513208.0,,,2,The case is straightforward with a strong credit profile and reasonable loan purpose.,10,,1320,,,,,,,low
Application_496532501,approved,0,8,8,credit_officer,ApproveLoan,1478523558.0,,,2,The case is straightforward with a strong credit profile and manageable monthly costs.,5,,1571,,,,,,,
Application_1632505002,rejected,1,1,7,junior_clerk,IntakeApplication,1477040405.022,initial_notes,"The requested amount of EUR 21,000 seems reasonable for a car loan, as it aligns with average vehicle prices. There is nothing unusual about the application at first glance.",2,This case is straightforward as the amount aligns with the loan goal.,5,,274,,,,,,,
Application_1632505002,rejected,1,2,7,junior_clerk,CheckDocuments,1477048148.473,,,2,The documentation appears to be standard and complete for a car loan application.,5,,473,,,,,,,
Application_1632505002,rejected,1,3,7,junior_clerk,ForwardCase,1477049672.103,,,2,The case is straightforward with a reasonable amount for a car loan.,5,,542,,,,,normal,,
Application_1632505002,rejected,1,4,7,senior_clerk,CheckCreditScore,1477477080.0,,,2,This case is straightforward as the application is complete and the requested amount seems reasonable.,15,,651,,,,,,,
Application_1632505002,rejected,1,5,7,senior_clerk,ValidateApplication,1478007648.0,risk_assessment,"The credit score is missing, which raises concerns about the applicant's creditworthiness. The monthly cost of EUR 592.23 is high relative to the offered amount, and with 38 terms, this indicates a long repayment period that could lead to financial strain. Without a credit score, it is difficult to assess the overall risk accurately. Therefore, this application is borderline and requires further scrutiny.",4,"The absence of a credit score complicates the assessment significantly, making it hard to evaluate the applicant's financial reliability.",15,,745,,,,,,,
Application_1632505002,rejected,1,6,7,senior_clerk,RequestAdditionalInfo,1478522808.0,reason,"Carlos, the credit score is missing from the credit bureau data, which raises concerns about the applicant's creditworthiness. Can you verify the applicant's credit score?",4,The missing credit score complicates the assessment of the applicant's creditworthiness.,15,,1017,,,,,,,
Application_1632505002,rejected,1,7,7,junior_clerk,ReturnApplicationEarly,1478523564.0,,,4,The missing credit score made it impossible to assess the application properly.,5,,1234,,,,,,,
Application_270571049,rejected,1,1,7,junior_clerk,IntakeApplication,1477039386.303,initial_notes,"The requested amount of EUR 5,000 seems reasonable for a car loan, as it aligns with typical financing for purchasing a vehicle. There is nothing unusual about the application type being a new credit.",2,This case is straightforward as the amount requested is typical for the stated loan goal.,5,,272,,,,,,,
Application_270571049,rejected,1,2,7,junior_clerk,CheckDocuments,1477047804.369,,,2,The application appears straightforward with no unusual elements to check.,5,,498,,,,,,,
Application_270571049,rejected,1,3,7,junior_clerk,ForwardCase,1477049654.473,,,2,The case is straightforward with a reasonable amount for the stated goal.,5,,567,,,,,normal,,
Application_270571049,rejected,1,4,7,senior_clerk,CheckCreditScore,1477475160.0,,,2,The case is straightforward with a reasonable loan amount for a car.,10,,676,,,,,,,
Application_270571049,rejected,1,5,7,senior_clerk,ValidateApplication,1478003700.0,risk_assessment,"The credit score is missing, which raises concerns about the applicant's creditworthiness. The monthly cost of EUR 118.15 for a loan of EUR 5,000 over 48 months is reasonable, but without a credit score, it is difficult to assess the risk accurately. This case is borderline due to the lack of credit score information.",4,The absence of a credit score makes it challenging to assess the risk of this application.,15,,769,,,,,,,
Application_270571049,rejected,1,6,7,senior_clerk,RequestAdditionalInfo,1478522568.0,reason,"Carlos, the credit score is missing from the credit bureau data. This information is crucial for assessing the applicant's creditworthiness and risk profile.",4,The missing credit score complicates the assessment process.,10,,1041,,,,,,,
Application_270571049,rejected,1,7,7,junior_clerk,ReturnApplicationEarly,1478523618.0,,,5,The lack of a credit score made this case difficult to assess properly.,5,,1244,,,,,,,
Application_1063026978,rejected,0,1,8,junior_clerk,IntakeApplication,1476977209.543,initial_notes,"The requested amount of EUR 5,000 for an extra spending limit seems reasonable for a new credit application. However, it is worth noting that this type of request is somewhat unusual as it typically implies a need for additional funds rather than a specific purchase or investment.",3,The case is straightforward but the purpose of the loan is somewhat vague.,5,,290,,,,,,,
Application_1063026978,rejected,0,2,8,junior_clerk,CheckDocuments,1477041900.0,,,2,The case is straightforward as the documentation appears complete and the request is reasonable for the stated goal.,5,,516,,,,,,,
Application_1063026978,rejected,0,3,8,junior_clerk,ForwardCase,1477047297.224,,,3,"The request is reasonable, but the purpose of extra spending limit is somewhat unusual.",5,,585,,,,,normal,,
Application_1063026978,rejected,0,4,8,senior_clerk,CheckCreditScore,1477410709.391,,,2,"This case is straightforward as the requested amount aligns with the loan goal, and the documentation is complete.",10,,694,,,,,,,
Application_1063026978,rejected,0,5,8,senior_clerk,ValidateApplication,1477988437.391,risk_assessment,"The applicant has a strong credit score of 978, indicating a solid credit history. The monthly cost of EUR 222.31 is manageable within the offered amount of EUR 5,000 over 24 terms. The loan goal of an extra spending limit is somewhat unusual for a new credit application, but given the credit score and affordability, it is acceptable.",2,"The case is straightforward with a strong credit score and complete documentation, although the loan goal is slightly atypical.",15,,786,,,,,,,
Application_1063026978,rejected,0,6,8,senior_clerk,EscalateCase,1478271990.0,,,2,The application is straightforward with no conflicting information.,10,,1057,,,,,,approve,
Application_1063026978,rejected,0,7,8,credit_officer,AssessRisk,1478513550.0,,,2,The case is straightforward but has an unusual loan goal that requires careful consideration.,10,,1322,,,,,,,medium
Application_1063026978,rejected,0,8,8,credit_officer,RejectLoan,1478523792.0,rejection_notes,"The applicant's strong credit score does not mitigate the unusual nature of the loan request for an extra spending limit, which poses potential risks to the bank.",2,The case presented a straightforward credit assessment but raised concerns due to the unusual loan purpose.,3,,1576,,,,,,,
Application_79681847,rejected,1,1,8,junior_clerk,IntakeApplication,1476982626.303,initial_notes,"The requested amount of EUR 6,500 for tax payments seems reasonable, as it is a common financial need. However, tax payments can vary greatly in amount, and it's important to ensure that this amount aligns with the applicant's actual tax obligations. No unusual aspects noted at this stage.",2,This case is straightforward as the amount requested aligns with a common loan purpose.,5,,280,,,,,,,
Application_79681847,rejected,1,2,8,junior_clerk,CheckDocuments,1477046776.511,,,2,The documentation appears to be complete and straightforward for a tax payment loan.,10,,506,,,,,,,
Application_79681847,rejected,1,3,8,junior_clerk,ForwardCase,1477049284.888,,,2,The case is straightforward as the requested amount aligns with the loan goal of tax payments.,5,,575,,,,,normal,,
Application_79681847,rejected,1,4,8,senior_clerk,CheckCreditScore,1477471560.0,,,2,The case is straightforward with complete documentation but requires credit data for assessment.,10,,684,,,,,,,
Application_79681847,rejected,1,5,8,senior_clerk,ValidateApplication,1477999008.0,risk_assessment,"The credit score is not available, which raises concerns about the applicant's creditworthiness. The offered amount of EUR 5,000 is significantly lower than the requested EUR 6,500, indicating potential issues with the applicant's ability to repay the higher amount. The monthly cost of EUR 100.25 over 58 terms suggests a long repayment period, which may not be ideal for a tax payment loan. Overall, the application is not solid enough to recommend approval without further clarification.",4,"The absence of a credit score complicates the assessment, making it difficult to evaluate the applicant's creditworthiness.",20,,777,,,,,,,
Application_79681847,rejected,1,6,8,senior_clerk,RequestAdditionalInfo,1478520156.0,reason,"Carlos, the client requests EUR 6,500 for tax payments, which exceeds the offered amount of EUR 5,000. Can you provide clarification on the reason for this higher amount and any supporting documentation? This information is crucial for assessing the risk properly.",4,The lack of a credit score and the discrepancy between the requested and offered amounts complicate the assessment.,15,,1049,,,,,,,
Application_79681847,rejected,1,7,8,junior_clerk,CheckDocuments,1478523276.0,notes,"Checked the submitted documentation for any supporting evidence regarding the requested amount of EUR 6,500 for tax payments. However, there were no specific documents provided that justify the higher amount compared to the offered EUR 5,000.",3,"The case was straightforward, but the lack of supporting documentation for the requested amount made it slightly more complex.",5,,1295,,,,,,,
Application_79681847,rejected,1,8,8,junior_clerk,ReturnApplicationEarly,1478523822.0,,,3,The case was straightforward but lacked necessary documentation to support the requested amount.,10,,1568,,,,,,,
Application_2139692519,approved,0,1,8,junior_clerk,IntakeApplication,1476978376.511,initial_notes,"The requested amount of EUR 15,000 for an existing loan takeover seems reasonable, as it could cover a significant portion of an existing loan. However, I need to ensure that the applicant has provided all necessary documentation to support this request.",2,This case is straightforward as it aligns with common loan takeover requests.,5,,293,,,,,,,
Application_2139692519,approved,0,2,8,junior_clerk,CheckDocuments,1477043577.622,,,2,"The application appears straightforward, and the requested amount aligns with the loan goal.",10,,519,,,,,,,
Application_2139692519,approved,0,3,8,junior_clerk,ForwardCase,1477047754.888,,,2,The case is straightforward as the requested amount aligns with the loan goal of an existing loan takeover.,5,,588,,,,,normal,,
Application_2139692519,approved,0,4,8,senior_clerk,CheckCreditScore,1477413360.0,,,2,This case is straightforward as the loan goal is clear and the documentation is complete.,15,,697,,,,,,,
Application_2139692519,approved,0,5,8,senior_clerk,ValidateApplication,1477990860.0,risk_assessment,"The applicant has a strong credit score of 887, which is well above the acceptable range. The monthly cost of EUR 154.11 for a loan of EUR 15,000 over 120 terms indicates a manageable repayment plan. Given these factors, the application appears solid and consistent with the loan goal of an existing loan takeover.",2,The case is straightforward with complete documentation and a strong credit profile.,15,,791,,,,,,,
Application_2139692519,approved,0,6,8,senior_clerk,EscalateCase,1478272896.0,,,2,The case was straightforward with no surprises and all data aligned well.,10,,1062,,,,,,approve,
Application_2139692519,approved,0,7,8,credit_officer,AssessRisk,1478518302.0,,,2,The case is straightforward with complete documentation and a strong credit score.,5,,1327,,,,,,,low
Application_2139692519,approved,0,8,8,credit_officer,ApproveLoan,1478525112.0,,,2,The case is straightforward with all necessary documentation and a strong credit score.,5,,1578,,,,,,,
Application_1836370033,approved,0,1,8,junior_clerk,IntakeApplication,1476979969.543,initial_notes,"The requested amount of EUR 5,000 seems reasonable for an existing loan takeover, as it is a common amount for refinancing purposes. There is nothing unusual about the loan goal or application type.",2,This case is straightforward as the amount aligns with the stated goal.,5,,292,,,,,,,
Application_1836370033,approved,0,2,8,junior_clerk,CheckDocuments,1477045691.022,,,2,The case is straightforward with no unusual elements to check.,5,,516,,,,,,,
Application_1836370033,approved,0,3,8,junior_clerk,ForwardCase,1477048492.511,,,2,The case is straightforward with a reasonable amount for the stated goal.,5,,585,,,,,normal,,
Application_1836370033,approved,0,4,8,senior_clerk,CheckCreditScore,1477413709.391,,,2,The case is straightforward with complete documentation and a reasonable loan amount.,15,,694,,,,,,,
Application_1836370033,approved,0,5,8,senior_clerk,ValidateApplication,1477993140.0,risk_assessment,"The applicant has a strong credit score of 961, indicating excellent creditworthiness. The monthly cost of EUR 85.0 is manageable within the context of the offered amount of EUR 5,000 and the number of terms (70) suggests a reasonable repayment structure. Overall, the application aligns well with the loan goal of existing loan takeover, making it a solid case for approval.",2,The case is straightforward with no discrepancies in the application or credit data.,15,,784,,,,,,,
Application_1836370033,approved,0,6,8,senior_clerk,EscalateCase,1478273556.0,,,2,The case is straightforward with no discrepancies in the application and credit data.,15,,1055,,,,,,approve,
Application_1836370033,approved,0,7,8,credit_officer,AssessRisk,1478521308.0,,,2,This case is straightforward with no unusual factors or surprises.,10,,1320,,,,,,,low
Application_1836370033,approved,0,8,8,credit_officer,ApproveLoan,1478534532.0,,,2,The case is straightforward with complete documentation and a strong credit score.,3,,1556,,,,,,,
Application_1052164642,approved,0,1,8,junior_clerk,IntakeApplication,1476979977.622,initial_notes,"The requested amount of EUR 13,000 seems reasonable for a car loan, depending on the type of vehicle being purchased. There is nothing unusual about the loan goal or application type.",2,This case is straightforward as it aligns with common car loan requests.,5,,274,,,,,,,
Application_1052164642,approved,0,2,8,junior_clerk,CheckDocuments,1477045748.473,,,2,The documentation appears to be standard for a car loan application.,5,,483,,,,,,,
Application_1052164642,approved,0,3,8,junior_clerk,ForwardCase,1477048628.473,,,2,The case is straightforward with a reasonable amount for a car loan.,5,,552,,,,,normal,,
Application_1052164642,approved,0,4,8,senior_clerk,CheckCreditScore,1477414560.0,,,2,This case is straightforward as the requested amount aligns with the loan goal.,10,,661,,,,,,,
Application_1052164642,approved,0,5,8,senior_clerk,ValidateApplication,1477993237.391,risk_assessment,"The application is solid, with a high credit score of 922, a reasonable monthly cost of EUR 257.17, and the requested amount matching the offered amount. The number of terms is 57, which is manageable given the applicant's profile.",2,The case is straightforward with no discrepancies in the application and credit data.,15,,754,,,,,,,
Application_1052164642,approved,0,6,8,senior_clerk,EscalateCase,1478274216.0,,,2,The case is straightforward with no discrepancies or missing information.,10,,1025,,,,,,approve,
Application_1052164642,approved,0,7,8,credit_officer,AssessRisk,1478521650.0,,,2,The application is straightforward with no unusual factors to consider.,10,,1290,,,,,,,low
Application_1052164642,approved,0,8,8,credit_officer,ApproveLoan,1478535852.0,,,2,The case is straightforward with all necessary documentation and a high credit score.,5,,1532,,,,,,,
Application_1735095439,approved,0,1,8,junior_clerk,IntakeApplication,1476981071.022,initial_notes,"The requested amount of EUR 15,000 seems reasonable for home improvement purposes, as such projects can vary widely in cost. Nothing unusual stands out at this stage.",2,This case appears straightforward with no immediate red flags.,5,,287,,,,,,,
Application_1735095439,approved,0,2,8,junior_clerk,CheckDocuments,1477045969.543,,,2,The application appears straightforward with no missing documents.,10,,479,,,,,,,
Application_1735095439,approved,0,3,8,junior_clerk,ForwardCase,1477048972.511,,,2,The case is straightforward with no unusual elements.,5,,548,,,,,normal,,
Application_1735095439,approved,0,4,8,senior_clerk,CheckCreditScore,1477470360.0,,,2,"Standard case with complete documentation, awaiting credit data.",10,,657,,,,,,,
Application_1735095439,approved,0,5,8,senior_clerk,ValidateApplication,1477995060.0,risk_assessment,"The credit score of 957 is excellent, indicating a low risk of default. The monthly cost of EUR 154.11 is manageable within the offered amount of EUR 15,000 over 120 terms, suggesting that the applicant can comfortably afford the loan payments. Overall, the profile is solid and consistent with the loan goal of home improvement.",2,The application is straightforward with no discrepancies in the data.,15,,751,,,,,,,
Application_1735095439,approved,0,6,8,senior_clerk,EscalateCase,1478274876.0,,,2,The case is straightforward with all data aligning well and no discrepancies.,10,,1022,,,,,,approve,
Application_1735095439,approved,0,7,8,credit_officer,AssessRisk,1478522238.0,,,2,The case is straightforward with no unusual factors or surprises.,10,,1287,,,,,,,low
Application_1735095439,approved,0,8,8,credit_officer,ApproveLoan,1478537172.0,,,2,The case is straightforward with a strong credit score and manageable monthly payments.,5,,1538,,,,,,,
Application_1194573334,rejected,1,1,8,junior_clerk,IntakeApplication,1477042474.888,initial_notes,"The requested amount of EUR 19,000 for a car loan seems reasonable, as it aligns with the cost of purchasing a mid-range vehicle. There is nothing unusual about the application at this stage.",2,This case is straightforward as the amount aligns with the loan goal.,5,,274,,,,,,,
Application_1194573334,rejected,1,2,8,junior_clerk,CheckDocuments,1477049141.022,,,2,The application appears straightforward with no unusual elements to check.,10,,491,,,,,,,
Application_1194573334,rejected,1,3,8,junior_clerk,ForwardCase,1477049838.303,,,2,The application is straightforward with a reasonable amount for a car loan.,5,,560,,,,,normal,,
Application_1194573334,rejected,1,4,8,senior_clerk,CheckCreditScore,1477477260.0,,,2,This case is straightforward as the application appears reasonable and documentation is complete.,15,,669,,,,,,,
Application_1194573334,rejected,1,5,8,senior_clerk,ValidateApplication,1478010420.0,risk_assessment,"The credit score is missing, which raises concerns about the applicant's creditworthiness. The monthly cost of EUR 352.61 for a loan amount of EUR 19,000 over 60 terms indicates a significant financial commitment, but without a credit score, we cannot assess the risk accurately. This case is borderline due to the lack of credit score information.",4,The absence of a credit score complicates the assessment process significantly.,15,,763,,,,,,,
Application_1194573334,rejected,1,6,8,senior_clerk,RequestAdditionalInfo,1478534430.0,reason,"Carlos, the credit score is missing from the credit bureau data, which raises concerns about the applicant's creditworthiness. Can you verify if there was an issue retrieving the credit score?",4,The absence of the credit score complicates the assessment significantly.,10,,1035,,,,,,,
Application_1194573334,rejected,1,7,8,junior_clerk,CheckDocuments,1478592750.0,notes,"The credit score is missing from the credit bureau data, which raises concerns about the applicant's creditworthiness. I will verify if there was an issue retrieving the credit score.",4,The missing credit score complicates the assessment of the applicant's creditworthiness.,5,,1273,,,,,,,
Application_1194573334,rejected,1,8,8,junior_clerk,ReturnApplicationEarly,1478593506.0,,,4,The absence of a credit score makes it impossible to evaluate the application properly.,5,,1531,,,,,,,
Application_5901167,approved,0,1,8,junior_clerk,IntakeApplication,1477037896.511,initial_notes,"The requested amount of EUR 5,000 seems reasonable for an existing loan takeover, as it typically aligns with the amounts needed to consolidate smaller loans. There is nothing unusual at first glance.",2,This case is straightforward as the amount aligns with the stated goal.,5,,289,,,,,,,
Application_5901167,approved,0,2,8,junior_clerk,CheckDocuments,1477046937.622,,,2,The documentation appears to be complete and straightforward for an existing loan takeover.,5,,515,,,,,,,
Application_5901167,approved,0,3,8,junior_clerk,ForwardCase,1477049621.022,,,2,The case is straightforward as the requested amount aligns with the loan goal.,5,,584,,,,,normal,,
Application_5901167,approved,0,4,8,senior_clerk,CheckCreditScore,1477474560.0,,,2,This case is straightforward as the requested amount aligns with the loan goal and documentation is complete.,10,,693,,,,,,,
Application_5901167,approved,0,5,8,senior_clerk,ValidateApplication,1477998037.391,risk_assessment,"The applicant has a high credit score of 964, which indicates a strong creditworthiness. The monthly cost of EUR 100.0 for 58 terms aligns with the offered amount of EUR 5,000, making this a manageable repayment plan. Overall, the profile appears solid and consistent for the purpose of an existing loan takeover.",2,The case is straightforward with no discrepancies in the application data and credit bureau information.,15,,784,,,,,,,
Application_5901167,approved,0,6,8,senior_clerk,EscalateCase,1478275536.0,,,2,This case was straightforward with no surprises and all data aligned well.,10,,1055,,,,,,approve,
Application_5901167,approved,0,7,8,credit_officer,AssessRisk,1478526402.0,,,2,The case is straightforward with no unusual factors to consider.,5,,1320,,,,,,,low
Application_5901167,approved,0,8,8,credit_officer,ApproveLoan,1478596092.0,,,2,The case is straightforward with all necessary information provided and no discrepancies found.,3,,1571,,,,,,,
Application_1485367187,approved,0,1,8,junior_clerk,IntakeApplication,1477042534.968,initial_notes,"The requested amount of EUR 7,000 seems reasonable for a car loan, as it aligns with typical financing for a vehicle purchase. There is nothing unusual about the application at this stage.",2,This case is straightforward as the amount requested is typical for the stated goal.,5,,273,,,,,,,
Application_1485367187,approved,0,2,8,junior_clerk,CheckDocuments,1477049192.103,,,2,The documentation appears to be standard for a car loan application.,5,,487,,,,,,,
Application_1485367187,approved,0,3,8,junior_clerk,ForwardCase,1477049932.511,,,2,The case is straightforward with a reasonable amount for a car loan.,5,,556,,,,,normal,,
Application_1485367187,approved,0,4,8,senior_clerk,CheckCreditScore,1477477560.0,,,2,This case is straightforward as the application appears complete and the requested amount is reasonable.,10,,665,,,,,,,
Application_1485367187,approved,0,5,8,senior_clerk,ValidateApplication,1478008500.0,risk_assessment,"The credit profile is solid with a high credit score of 885, a reasonable monthly cost of EUR 311.24, and the offered amount matches the requested EUR 7,000. The terms of 24 months are also acceptable for this loan purpose.",2,The case is straightforward with no discrepancies in the application and credit data.,15,,757,,,,,,,
Application_1485367187,approved,0,6,8,senior_clerk,EscalateCase,1478516725.391,,,2,This case was straightforward with all data aligning well and no issues to address.,10,,1028,,,,,,approve,
Application_1485367187,approved,0,7,8,credit_officer,AssessRisk,1478531070.0,,,2,This case is straightforward due to the strong credit profile and alignment of requested and offered amounts.,10,,1293,,,,,,,low
Application_1485367187,approved,0,8,8,credit_officer,ApproveLoan,1478597058.0,,,2,The case is straightforward with a strong credit profile and no unusual factors.,5,,1544,,,,,,,
Application_1223092363,rejected,0,1,8,junior_clerk,IntakeApplication,1477043700.0,initial_notes,"The requested amount of EUR 10,000 for an existing loan takeover seems reasonable, as it is a common amount for refinancing purposes. There is nothing unusual about the loan goal or application type.",2,This case is straightforward as the amount aligns with the purpose.,5,,293,,,,,,,
Application_1223092363,rejected,0,2,8,junior_clerk,CheckDocuments,1477049794.968,,,2,The documentation appears to be standard for a loan takeover case.,5,,518,,,,,,,
Application_1223092363,rejected,0,3,8,junior_clerk,ForwardCase,1477050274.968,,,2,The case is straightforward with a reasonable amount for the stated goal of existing loan takeover.,5,,587,,,,,normal,,
Application_1223092363,rejected,0,4,8,senior_clerk,CheckCreditScore,1477480260.0,,,2,This case is straightforward as the loan goal and requested amount are common for refinancing.,10,,696,,,,,,,
Application_1223092363,rejected,0,5,8,senior_clerk,ValidateApplication,1478013300.0,risk_assessment,"The credit score of 758 is strong, indicating a solid credit profile. The monthly cost of EUR 189.08 for a loan amount of EUR 10,000 over 60 terms is manageable and aligns with typical refinancing scenarios. Overall, the application appears consistent and acceptable.",2,The case is straightforward with a solid credit score and reasonable loan goal.,15,,789,,,,,,,
Application_1223092363,rejected,0,6,8,senior_clerk,EscalateCase,1478518573.391,,,2,This case is straightforward with all necessary information provided and aligned with typical refinancing scenarios.,10,,1060,,,,,,approve,
Application_1223092363,rejected,0,7,8,credit_officer,AssessRisk,1478533212.0,,,2,"The case is straightforward with complete documentation and a strong credit score, but the existing loan takeover aspect adds some complexity.",15,,1325,,,,,,,medium
Application_1223092363,rejected,0,8,8,credit_officer,RejectLoan,1478597496.0,rejection_notes,"While the credit score is strong and the monthly cost is manageable, the refinancing nature of the loan presents risks that warrant rejection.",3,The case presented a standard refinancing request but had inherent risks that needed careful consideration.,3,,1579,,,,,,,
Application_1529928107,approved,0,1,8,junior_clerk,IntakeApplication,1477044334.968,initial_notes,"The requested amount of EUR 15,000 seems reasonable for home improvement purposes, as such projects can vary significantly in cost. There is nothing unusual about the application type being a new credit.",2,This case is straightforward as the amount aligns with the stated goal.,5,,287,,,,,,,
Application_1529928107,approved,0,2,8,junior_clerk,CheckDocuments,1477050030.0,,,2,"The documentation appears to be complete and valid, allowing for a straightforward review.",10,,513,,,,,,,
Application_1529928107,approved,0,3,8,junior_clerk,ForwardCase,1477050510.0,,,2,The case is straightforward with a reasonable amount for the stated goal.,5,,582,,,,,normal,,
Application_1529928107,approved,0,4,8,senior_clerk,CheckCreditScore,1477480560.0,,,2,The case is straightforward with complete documentation and a reasonable loan request.,10,,691,,,,,,,
Application_1529928107,approved,0,5,8,senior_clerk,ValidateApplication,1478013480.0,risk_assessment,"The credit score of 765 is excellent, indicating a strong creditworthiness. The monthly cost of EUR 150 aligns well with the offered amount of EUR 15,000 over 127 terms, making the repayment manageable. Overall, the application presents a solid profile for approval.",2,The case is straightforward with no discrepancies in the application and credit data.,15,,784,,,,,,,
Application_1529928107,approved,0,6,8,senior_clerk,EscalateCase,1478519233.391,,,2,The case was straightforward with no discrepancies or missing information.,10,,1055,,,,,,approve,
Application_1529928107,approved,0,7,8,credit_officer,AssessRisk,1478534502.0,,,2,The case is straightforward with no unusual factors or concerns.,10,,1320,,,,,,,low
Application_1529928107,approved,0,8,8,credit_officer,ApproveLoan,1478598378.0,,,2,The case is straightforward with all documents in order and a strong credit profile.,5,,1571,,,,,,,
Application_276603327,rejected,0,1,8,junior_clerk,IntakeApplication,1477043348.473,initial_notes,"The requested amount of EUR 16,500 seems reasonable for a car loan, depending on the type and model of the vehicle. No unusual aspects noted at this stage.",2,This case is straightforward as it aligns with typical car loan requests.,5,,273,,,,,,,
Application_276603327,rejected,0,2,8,junior_clerk,CheckDocuments,1477049358.303,,,2,The documentation appears to be complete and straightforward for a car loan application.,5,,454,,,,,,,
Application_276603327,rejected,0,3,8,junior_clerk,ForwardCase,1477050101.022,,,2,The application is straightforward with a reasonable amount for a car loan.,5,,523,,,,,normal,,
Application_276603327,rejected,0,4,8,senior_clerk,CheckCreditScore,1477478160.0,,,2,The case is straightforward with complete documentation and a reasonable loan amount.,15,,632,,,,,,,
Application_276603327,rejected,0,5,8,senior_clerk,ValidateApplication,1478012473.845,risk_assessment,"The application is concerning due to the absence of a credit score, indicating a lack of credit history or potential issues. The monthly cost of EUR 306.21 for a loan amount of EUR 16,500 over 60 terms is manageable, but without a credit score, the risk is elevated. This case should be considered borderline due to the lack of credit history.",4,"The absence of a credit score complicates the assessment, making it harder to evaluate the applicant's creditworthiness.",15,,726,,,,,,,
Application_276603327,rejected,0,6,8,senior_clerk,EscalateCase,1478517913.391,,,4,The absence of a credit score made this case particularly concerning and required careful consideration of the implications.,15,,998,,,,,,reject,
Application_276603327,rejected,0,7,8,credit_officer,AssessRisk,1478595738.0,,,4,"The lack of a credit score complicates the assessment significantly, requiring a deeper evaluation of the applicant's financial stability.",15,,1262,,,,,,,high
Application_276603327,rejected,0,8,8,credit_officer,RejectLoan,1478598576.0,rejection_notes,"The applicant's lack of a credit score raises significant concerns about their creditworthiness, and the monthly payment of EUR 306.21 suggests a high debt burden for the requested loan amount.",2,The case is straightforward but concerning due to the absence of a credit score.,3,,1514,,,,,,,
Application_2116628095,rejected,0,1,8,junior_clerk,IntakeApplication,1477044648.369,initial_notes,"The requested amount of EUR 12,000 seems reasonable for home improvement purposes, as it can cover significant renovations or upgrades. There is nothing unusual about the application type as it is for new credit.",2,This case is straightforward as the amount aligns with the stated goal.,5,,287,,,,,,,
Application_2116628095,rejected,0,2,8,junior_clerk,CheckDocuments,1477050204.369,,,2,The application appears straightforward with no unusual requests or discrepancies.,5,,513,,,,,,,
Application_2116628095,rejected,0,3,8,junior_clerk,ForwardCase,1477050684.369,,,2,The case is straightforward with a reasonable amount for the stated goal.,5,,582,,,,,normal,,
Application_2116628095,rejected,0,4,8,senior_clerk,CheckCreditScore,1477482673.845,,,2,Standard application review process with no unusual factors.,10,,691,,,,,,,
Application_2116628095,rejected,0,5,8,senior_clerk,ValidateApplication,1478016660.0,risk_assessment,"The credit score of 1048 is below the acceptable threshold, indicating a higher risk profile. The offered amount of EUR 10,000 is lower than the requested EUR 12,000, which raises concerns about the applicant's ability to manage the additional EUR 2,000. The monthly cost of EUR 124.88 over 98 terms suggests a long repayment period, which may further strain the applicant's finances. Overall, the profile is not solid enough to recommend approval.",3,"The case presented a clear discrepancy between the requested amount and the offered amount, along with a low credit score.",20,,785,,,,,,,
Application_2116628095,rejected,0,6,8,senior_clerk,EscalateCase,1478521344.0,,,4,The case presented conflicting signals with a low credit score and a discrepancy between requested and offered amounts.,15,,1057,,,,,,reject,
Application_2116628095,rejected,0,7,8,credit_officer,AssessRisk,1478602632.0,,,3,The case is straightforward but presents significant risk factors that require careful consideration.,15,,1321,,,,,,,high
Application_2116628095,rejected,0,8,8,credit_officer,RejectLoan,1478603712.0,rejection_notes,"The applicant's credit score raises significant concerns about their ability to repay the loan, and the requested amount exceeds what is being offered, which further complicates the approval.",2,The case was straightforward but had significant risk factors that warranted rejection.,3,,1573,,,,,,,
Application_1038660996,rejected,0,1,8,junior_clerk,IntakeApplication,1477043636.103,initial_notes,"The requested amount of EUR 70,000 for an existing loan takeover seems reasonable, as such takeovers can often require significant sums. However, I will need to verify the documentation to ensure everything is in order.",2,This case appears straightforward but requires documentation verification.,5,,293,,,,,,,
Application_1038660996,rejected,0,2,8,junior_clerk,CheckDocuments,1477049697.224,,,2,The documentation appears to be complete for an existing loan takeover.,10,,519,,,,,,,
Application_1038660996,rejected,0,3,8,junior_clerk,ForwardCase,1477050177.224,,,2,The application is straightforward with a reasonable amount for an existing loan takeover.,5,,588,,,,,normal,,
Application_1038660996,rejected,0,4,8,senior_clerk,CheckCreditScore,1477479673.845,,,3,"The case involves a significant loan amount for an existing loan takeover, which requires thorough credit assessment.",15,,697,,,,,,,
Application_1038660996,rejected,0,5,8,senior_clerk,ValidateApplication,1478016288.0,risk_assessment,"The application is concerning due to the absence of a credit score, which raises red flags about the applicant's creditworthiness. The offered amount of EUR 66,000 is below the requested EUR 70,000, indicating potential issues with the applicant's financial situation. The monthly cost of EUR 700 for 117 terms suggests a long repayment period, which may not be sustainable given the lack of credit score data. Overall, the profile appears risky and does not support the requested amount.",4,"The absence of a credit score complicates the assessment, making it difficult to evaluate the applicant's creditworthiness.",15,,791,,,,,,,
Application_1038660996,rejected,0,6,8,senior_clerk,EscalateCase,1478520883.391,,,5,"The case is difficult due to the absence of a credit score, which is a critical factor in assessing creditworthiness.",15,,1063,,,,,,reject,
Application_1038660996,rejected,0,7,8,credit_officer,AssessRisk,1478608920.0,,,5,"The case is complicated by the absence of a credit score, which is a critical factor in assessing creditworthiness.",15,,1327,,,,,,,high
Application_1038660996,rejected,0,8,8,credit_officer,RejectLoan,1478610000.0,rejection_notes,"The absence of a credit score is a significant red flag that indicates a lack of creditworthiness. This, combined with the offered amount being lower than the requested amount, leads to a high risk assessment.",2,The case is straightforward but concerning due to the lack of a credit score.,3,,1579,,,,,,,
